R,qr,qt,w
5.969552e+01,2.730355e+00,9.414006e-01,5.081803e+02
1.088538e+02,4.263496e+00,5.576181e-01,9.355667e+03
4.263201e+01,2.508578e-01,2.660663e+00,2.071364e+02
4.175161e+01,5.282375e-02,1.924981e+00,2.277220e+02
5.380529e+01,1.722006e+00,2.506029e+00,3.514061e+02
1.364245e+02,2.029286e+00,1.555092e+00,9.900875e+03
3.576953e+01,1.107577e+00,1.056871e+00,1.805580e+02
3.306115e+01,1.885659e+00,4.022511e+00,1.422392e+02
4.499597e+01,-4.918217e+00,1.649482e+00,2.585962e+02
7.106833e+01,-2.572760e+00,2.864713e+00,3.048961e+03
3.575567e+01,-2.982421e-01,1.135103e+00,2.611634e+02
6.133964e+01,2.662129e+00,1.753075e+00,6.089270e+02
5.162728e+01,6.356893e-01,1.278038e+00,4.456665e+02
3.018278e+01,2.891450e+00,2.749983e+00,1.224300e+02
4.656353e+01,7.002172e-01,5.188843e+00,2.648792e+02
5.199874e+01,-1.879007e+00,3.100935e+00,3.458902e+02
1.342807e+01,-8.449594e-01,4.204833e+00,9.712466e+01
3.700815e+01,-1.994913e+00,2.528790e+00,1.711513e+02
1.136100e+01,-4.289353e-01,1.817834e+00,1.046244e+02
2.730345e+01,1.788260e+00,5.114623e+00,1.327044e+02
1.452103e+01,4.801021e-01,1.086179e+00,1.399282e+02
1.025906e+02,2.158843e-01,6.368068e+00,9.892290e+03
5.723167e+01,8.281942e-01,2.497992e+00,4.882158e+02
3.446490e+01,1.023816e+00,3.534824e+00,1.452596e+02
3.856771e+01,-7.834468e-01,1.002029e+00,2.857505e+02
4.119844e+01,-1.831242e+00,3.615131e+00,2.012989e+02
3.565058e+01,1.781583e+00,8.911867e-01,1.479507e+02
8.112096e+01,1.599014e-01,9.166433e-01,9.820439e+03
5.646943e+01,6.074766e-01,7.387997e+00,5.618350e+02
4.421137e+01,-1.360987e+00,1.376474e+00,2.754668e+02
3.352857e+01,-1.155612e+00,3.116459e+00,1.485274e+02
3.658621e+01,-1.523917e-02,5.134913e+00,1.749263e+02
3.170037e+01,3.599868e+00,1.055029e+00,1.209244e+02
5.564882e+01,-1.636991e-01,1.356676e+00,6.738587e+02
5.301003e+01,-5.484516e-01,3.157154e+00,3.636022e+02
1.630522e+01,-4.229384e-01,3.430153e-01,3.109636e+02
7.631902e+01,-2.072961e+00,1.799694e+00,1.021354e+04
1.846693e+01,6.089796e-01,5.363602e+00,1.123150e+02
1.936993e+01,2.941917e+00,1.638043e+00,9.382170e+01
3.302909e+01,-1.019760e+01,6.533580e+00,2.754244e+02
8.181500e+01,-2.426504e+00,2.286875e+00,1.007910e+04
5.132022e+01,2.598392e+00,1.702433e+00,2.796016e+02
5.322156e+01,-2.559532e+00,2.109139e+00,3.800998e+02
4.677539e+01,1.495495e+00,1.096631e+00,2.545561e+02
9.143306e+01,-1.343732e+00,3.299889e+00,9.976093e+03
4.589068e+01,-1.468525e+00,2.332912e+00,2.552722e+02
2.895878e+01,-2.165164e+00,2.095206e+00,1.333702e+02
6.937477e+01,-6.483423e-01,2.140782e+00,2.769608e+03
3.841395e+01,1.458259e+00,2.862597e+00,1.618520e+02
3.066034e+01,3.770681e+00,3.214463e+00,1.329825e+02
1.120424e+02,9.202730e-02,4.061347e-01,9.841048e+03
7.019077e+01,-2.678546e+00,2.377019e+00,2.522363e+03
5.784985e+01,-4.164124e+00,3.785351e+00,5.612480e+02
1.395858e+02,-1.498617e+00,2.497344e+00,9.776986e+03
6.556819e+01,1.025969e+00,4.159472e+00,1.070023e+03
8.534823e+01,3.809515e-02,3.236750e+00,9.977040e+03
3.598223e+01,1.593429e+00,2.305662e+00,1.461620e+02
1.348643e+02,1.896275e+00,3.650681e+00,9.887795e+03
4.972446e+01,5.209777e-01,7.610364e-01,5.551446e+02
3.320745e+01,-3.418072e+00,2.629091e+00,1.549167e+02
4.053807e+01,3.103616e+00,4.112689e-01,1.564138e+02
6.138868e+01,-5.272037e+00,5.318390e+00,8.443248e+02
2.847901e+01,-2.059428e+00,1.906302e+00,1.330137e+02
4.796656e+01,3.195385e+00,1.047126e+00,2.233766e+02
1.393159e+02,3.662671e+00,5.121181e+00,9.889070e+03
5.206813e+01,2.053498e+00,1.537863e+00,3.046959e+02
3.181127e+01,1.681944e+00,5.763422e-01,1.372791e+02
5.526918e+01,1.966640e+00,8.489258e-01,3.916718e+02
1.233217e+02,1.411554e+00,2.205116e+00,9.904549e+03
6.119448e+01,-2.401700e+00,2.250478e+00,7.076359e+02
9.146245e+01,-1.101490e+00,1.460154e+00,1.001281e+04
5.517934e+01,-2.569590e+00,2.535066e+00,4.292657e+02
1.339794e+02,2.184650e-01,3.289486e+00,9.837427e+03
1.544385e+01,1.930980e+00,2.735792e+00,9.151428e+01
1.347222e+02,7.639366e-01,6.782161e-01,9.903068e+03
3.792871e+01,2.833421e+00,8.400174e-01,1.431069e+02
3.092008e+01,-9.976933e-01,2.875686e+00,1.370842e+02
5.923596e+01,-1.029755e+00,1.338622e+00,8.081955e+02
4.563520e+01,-1.094655e+00,4.209794e-01,4.383153e+02
1.371699e+02,-5.513581e-02,2.391643e+00,9.826018e+03
2.937347e+01,3.017626e-01,2.189949e+00,1.341111e+02
3.582641e+01,-1.250696e-01,1.798744e+00,1.877580e+02
3.672044e+01,2.001000e+00,1.131733e+00,1.462769e+02
2.053930e+01,3.068532e+00,3.130290e-01,9.340760e+01
2.127188e+01,1.908339e+00,2.476244e+00,9.892865e+01
2.995246e+01,2.849612e+00,4.540211e-01,1.119787e+02
7.984432e+01,3.634341e-01,6.066478e-01,9.519698e+03
4.493088e+01,-5.949714e-01,1.259216e+00,3.494038e+02
3.277522e+01,-1.734945e+00,7.750198e-01,1.782979e+02
3.425835e+01,3.701874e-01,2.290577e+00,1.531826e+02
3.899714e+01,-9.220119e-01,1.092119e+00,2.663405e+02
4.432314e+01,2.281728e+00,2.331868e+00,1.988586e+02
4.134800e+01,9.816268e-01,2.995526e+00,1.862332e+02
3.749677e+01,-1.194300e-01,3.540674e+00,1.664187e+02
6.140857e+01,2.011842e-01,5.769561e+00,7.418861e+02
3.931435e+01,-3.189575e-01,1.345373e+00,2.640790e+02
4.274084e+01,-4.918952e+00,2.988672e+00,2.429568e+02
6.486577e+01,1.142361e+00,4.022745e+00,9.768119e+02
2.855843e+01,1.332946e+00,2.838509e+00,1.185113e+02
1.320383e+02,4.912073e-01,2.480686e+00,9.856585e+03
1.062395e+02,-3.569161e-01,2.307689e+00,9.901831e+03
3.407916e+01,-3.012334e+00,7.676896e+00,2.121706e+02
2.657470e+01,3.357730e+00,3.796164e+00,1.228046e+02
4.546340e+01,-1.717908e+00,1.578429e+00,2.677356e+02
2.935383e+01,1.151342e+00,3.166935e+00,1.226145e+02
4.543659e+01,-2.408914e-01,1.659730e+00,3.028281e+02
4.805124e+01,8.479004e-01,3.312607e+00,2.591132e+02
4.596947e+01,-3.308829e-01,4.469321e+00,2.482936e+02
2.921912e+01,-2.672683e+00,2.246886e+00,1.340402e+02
4.877982e+01,1.033143e+00,3.308966e+00,2.679467e+02
3.044174e+01,-4.504227e-01,2.319830e+00,1.404139e+02
9.114471e+01,-4.511235e-01,5.724211e+00,9.935273e+03
2.036148e+01,1.663490e+00,3.087188e+00,9.951634e+01
1.232630e+02,-2.670683e+00,1.261656e+00,9.756477e+03
2.671163e+01,2.237232e+00,3.494559e+00,1.160083e+02
4.483467e+01,1.497607e+00,4.286407e+00,2.275569e+02
8.388154e+01,-3.517706e+00,4.485457e+00,9.962435e+03
8.660878e+00,-1.521240e-01,2.449399e+00,9.087324e+01
3.820451e+01,-7.066400e-01,8.728346e-01,3.122185e+02
1.679531e+01,-1.230567e+00,3.012562e+00,9.904522e+01
1.144461e+02,-1.362703e+00,7.141733e-01,9.773703e+03
2.860077e+01,-1.878940e+00,2.914813e+00,1.298977e+02
6.311517e+01,2.901163e+00,2.067215e+00,7.314088e+02
6.129230e+01,-2.925616e+00,8.827545e-01,7.338396e+02
6.007002e+01,1.249783e+00,2.213717e+00,6.159476e+02
2.523736e+01,-5.108634e-01,3.424019e+00,1.158089e+02
1.132743e+02,-2.148075e+00,2.862971e+00,9.803386e+03
1.050377e+02,8.692508e-01,2.309109e+00,9.883973e+03
4.293983e+01,6.657524e-01,1.563489e+00,2.439489e+02
2.735932e+01,-5.294651e-01,5.487033e-01,2.996308e+02
1.816735e+01,1.840657e+00,2.254969e+00,9.406502e+01
1.087750e+02,-2.061773e+00,4.126398e+00,9.850466e+03
5.025943e+01,-4.836865e-01,5.563176e+00,3.350733e+02
6.142466e+01,-2.191408e+00,2.860631e+00,7.107103e+02
5.046803e+01,2.006925e-01,1.347103e+00,4.520660e+02
3.617466e+01,-3.990051e-01,4.634296e+00,1.673462e+02
1.808436e+01,1.205220e+00,3.028111e+00,9.617594e+01
2.949714e+01,-1.111472e+00,3.292740e+00,1.311549e+02
2.218309e+01,3.510373e-01,4.623843e+00,1.129786e+02
3.682667e+01,-1.864357e+00,6.084964e-01,2.031095e+02
5.561574e+01,9.972113e-01,3.709302e+00,4.157548e+02
1.520659e+01,-8.444106e-01,3.921320e+00,9.797843e+01
4.138988e+01,-2.864240e+00,5.005107e-01,2.110988e+02
3.618797e+01,-6.915606e-01,2.708964e+00,1.638930e+02
3.791418e+01,4.397204e-01,3.608095e+00,1.667720e+02
1.939100e+01,9.606435e-01,1.948893e+00,1.038390e+02
5.431135e+01,1.767269e-01,3.751002e+00,3.870941e+02
4.196137e+01,2.032026e+00,3.132033e+00,1.863050e+02
2.654909e+01,1.095031e+00,1.245267e+01,2.330594e+02
5.590393e+01,1.732380e+00,3.073648e+00,4.104616e+02
4.620106e+01,2.793984e+00,2.934591e+00,2.239160e+02
5.494462e+01,1.093929e+00,3.813769e+00,3.968593e+02
5.381133e+01,-1.349117e+00,1.470527e+00,4.706022e+02
5.752166e+01,-1.323320e-01,1.563702e+00,7.012497e+02
4.180500e+01,-1.755805e+00,3.809408e+00,2.071996e+02
5.660927e+01,1.818865e+00,1.314482e+00,4.419250e+02
8.649704e+01,8.028616e-01,1.549358e+00,9.700163e+03
4.911072e+01,-2.216020e-01,1.516569e+00,3.957128e+02
2.047959e+01,1.514934e+00,2.235798e+00,9.886981e+01
5.115946e+01,-7.521292e-01,3.577817e+00,3.228562e+02
1.231070e+02,-1.199199e+00,4.630586e+00,9.838377e+03
4.868343e+01,9.276824e-01,2.989670e+00,2.672416e+02
3.232971e+01,1.708358e+00,6.593631e+00,1.730285e+02
2.304525e+01,6.720669e-01,1.044330e+00,1.527483e+02
3.421413e+01,-7.681584e-01,2.217318e+00,1.612570e+02
2.802825e+01,5.683381e+00,9.141523e+00,2.104754e+02
5.376445e+01,-6.580437e-01,1.563691e+00,5.098546e+02
5.887051e+01,2.160426e-01,3.925973e+00,5.455998e+02
4.289047e+01,6.658899e-01,3.208795e+00,2.020239e+02
5.908337e+01,3.562840e+00,1.075770e+00,4.729683e+02
2.828700e+01,1.130948e+00,1.805441e+00,1.247185e+02
3.638493e+01,2.143389e+00,4.522778e+00,1.655627e+02
3.327733e+01,2.139064e+00,1.761414e+00,1.287720e+02
5.520068e+01,8.312968e-02,3.493800e+00,4.125834e+02
3.656455e+01,5.596618e-01,1.585356e+00,1.894315e+02
2.979141e+01,4.743624e-01,1.187785e+00,1.816455e+02
2.008406e+01,1.756964e-01,4.068027e+00,1.048722e+02
3.830031e+01,1.380463e+00,2.624559e+00,1.611936e+02
5.436394e+01,-2.039533e+00,2.556239e+00,4.077581e+02
4.884155e+01,-2.202352e-01,1.529215e+00,3.870766e+02
3.926757e+01,2.267180e+00,5.648130e+00,2.031129e+02
3.837180e+01,-6.752902e-01,3.187245e+00,1.745602e+02
7.387021e+01,-2.719181e+00,3.751817e+00,8.357750e+03
6.739186e+01,-5.198910e-01,1.580743e+00,2.292487e+03
2.211793e+01,-5.058005e+00,2.677792e+00,1.287692e+02
1.354153e+02,-1.741759e+00,8.455837e+00,9.828660e+03
5.289967e+01,1.337845e+00,6.073397e+00,4.029232e+02
6.147865e+01,-1.224961e+00,3.207509e+00,7.121090e+02
3.227334e+01,-1.530063e+00,2.405180e+00,1.465117e+02
5.622572e+01,7.597214e-01,1.570999e+00,5.403854e+02
2.237690e+01,-1.629545e+00,2.828346e+00,1.110108e+02
5.071412e+01,3.167998e+00,2.650928e+00,2.819063e+02
1.036837e+02,-3.488045e-01,5.769076e+00,9.894861e+03
7.042123e+01,3.930646e-01,3.690173e+00,2.554094e+03
4.805723e+01,1.662251e+00,3.292959e+00,2.529875e+02
1.965444e+01,2.221150e+00,1.703889e+00,9.470300e+01
5.003575e+01,1.015328e+00,2.495559e+00,2.916892e+02
3.499193e+01,5.146327e-01,2.929453e+00,1.489471e+02
5.424055e+01,3.391350e+00,3.500920e-01,3.204992e+02
3.571775e+01,-1.442115e+00,1.953078e+00,1.722052e+02
2.913738e+01,2.920139e+00,3.114579e+00,1.220159e+02
9.815225e+01,5.997853e-01,7.475448e+00,9.892016e+03
3.253072e+01,1.790234e+00,8.757917e-01,1.339595e+02
1.231571e+02,1.782890e+00,4.433612e+00,9.882405e+03
4.702396e+01,-3.094241e+00,1.709332e+00,2.670944e+02
2.719670e+01,8.256934e-01,2.172926e+00,1.207696e+02
2.625448e+01,2.397100e+00,4.587433e+00,1.253385e+02
3.740657e+01,-5.731699e-01,3.715903e+00,1.683593e+02
4.438188e+01,1.560328e-01,1.331379e+00,3.256573e+02
4.829510e+01,-5.814680e-01,2.322077e+00,2.955929e+02
3.756413e+01,3.575339e+00,5.409298e+00,1.944532e+02
4.986579e+01,9.078534e-02,1.208947e+00,4.837934e+02
3.801259e+01,-2.329360e+00,1.286864e+00,1.864416e+02
1.192207e+02,1.155419e+00,1.773576e+00,9.893256e+03
1.211655e+02,1.163420e+00,3.130117e+00,9.889050e+03
5.891098e+01,-5.244575e-01,5.325586e+00,5.870843e+02
6.609381e+01,-2.235345e+00,2.085886e+00,1.275223e+03
5.525940e+01,4.850889e-01,1.007826e+00,7.113620e+02
1.173574e+02,-7.700067e-01,1.118620e+00,9.795497e+03
1.228054e+02,-6.627663e-01,5.119015e+00,9.846548e+03
3.128345e+01,-7.185901e+00,2.715998e+00,1.896711e+02
1.129434e+02,-6.527353e-01,3.814848e-01,9.794012e+03
3.926235e+01,1.207303e+00,2.452123e+00,1.696020e+02
4.445903e+01,1.012650e+00,3.538278e+00,2.162336e+02
2.216850e+01,-6.635201e-01,8.157229e-01,1.964076e+02
7.238121e+01,9.582146e-01,5.252914e+00,3.958733e+03
4.598482e+01,-4.522791e+00,4.300403e+00,2.900831e+02
8.483052e+01,-3.389058e-01,5.132843e+00,9.964359e+03
2.280542e+01,-3.055435e+00,3.386558e+00,1.185167e+02
2.887041e+01,-1.046162e+00,2.208640e+00,1.357074e+02
1.385792e+02,4.584223e-01,8.662304e-01,9.880352e+03
4.410374e+01,-3.449473e+00,3.089494e+00,2.377881e+02
2.913577e+01,1.564638e+00,2.598692e+00,1.188989e+02
3.979231e+01,1.767373e+00,1.778681e+00,1.671983e+02
8.722955e+01,-6.248247e-02,2.464783e+00,9.984484e+03
5.032202e+01,3.491668e+00,1.490088e+00,2.605021e+02
3.895284e+01,1.823961e-01,2.200640e+00,1.879119e+02
1.148074e+02,4.848347e+00,4.869282e+00,9.846535e+03
5.355418e+01,-4.041492e-01,2.925835e+00,3.804937e+02
4.325426e+01,2.124602e-01,2.442695e+00,2.183064e+02
1.101783e+02,4.095396e+00,4.404623e-01,9.368741e+03
2.676381e+01,-2.638407e-01,1.159510e+00,1.916763e+02
1.057648e+02,-5.035986e-01,1.873550e+00,9.895956e+03
1.380360e+02,-3.479176e+00,8.589219e-02,9.800945e+03
5.151552e+01,1.728580e+00,1.128232e+00,3.151841e+02
1.201736e+02,-3.494907e+00,1.772697e+00,9.772044e+03
4.645926e+01,1.894451e+00,3.232644e+00,2.312215e+02
7.237677e+01,4.003225e+00,3.444812e+00,3.739815e+03
6.068223e+01,3.339440e-01,2.769001e+00,6.672532e+02
6.058043e+01,-1.850421e+00,5.772981e+00,7.112318e+02
2.398430e+01,3.312023e-01,1.485849e+00,1.409569e+02
3.954378e+01,-1.108151e+00,2.207153e+00,1.960332e+02
1.238206e+02,3.131959e+00,1.860816e+00,9.790897e+03
5.508136e+01,3.214540e+00,2.702000e+00,3.738405e+02
1.185429e+02,-8.395700e-01,7.457343e+00,9.850851e+03
1.363855e+01,-4.177935e-01,4.421159e+00,9.793956e+01
6.558695e+01,6.669810e-01,2.869271e+00,1.141751e+03
4.155359e+01,6.064952e-01,1.781826e+00,2.181723e+02
1.243761e+02,-2.332571e+00,2.004505e+00,9.747304e+03
3.775385e+01,1.804461e-01,1.434695e+00,2.276217e+02
2.362197e+01,-1.080816e+00,2.011378e+00,1.214432e+02
1.971172e+01,1.238784e+00,4.184520e+00,1.044159e+02
2.619533e+01,2.720293e+00,5.474314e+00,1.365565e+02
2.373763e+01,2.197804e+00,2.681082e+00,1.040861e+02
1.327159e+02,4.569835e-02,2.702767e+00,9.836048e+03
3.510152e+01,-3.201640e-01,1.327434e+00,2.256567e+02
4.086206e+01,-1.190008e+00,1.700505e+00,2.250710e+02
4.445487e+01,4.540647e-01,1.028331e+00,3.580396e+02
2.482878e+01,-6.777743e+00,1.586972e+00,1.517192e+02
8.286829e+01,1.040020e+00,2.138998e+00,9.717778e+03
5.091647e+01,-5.960081e+00,6.640056e+00,4.562695e+02
3.011978e+01,-1.462185e+00,1.274730e+00,1.597042e+02
4.267277e+01,9.619959e-01,1.293481e+00,2.387317e+02
7.132535e+01,-7.852161e-01,2.552379e+00,4.307339e+03
2.665783e+01,1.742370e+00,1.872052e+00,1.109705e+02
1.163886e+02,-9.004305e-01,1.938114e+00,9.824150e+03
4.123004e+01,2.911115e+00,1.160808e+00,1.637547e+02
6.645889e+01,-5.945965e-01,2.285895e+00,1.499720e+03
3.474123e+01,8.298164e-02,6.761172e+00,1.883090e+02
4.206399e+01,-8.451409e-02,1.037622e+00,3.685075e+02
6.189834e+01,2.052134e+00,1.719453e+00,6.841695e+02
3.806351e+01,4.065080e+00,4.087258e+00,1.820934e+02
6.655681e+01,9.833687e-01,2.229655e+00,1.406275e+03
1.003460e+02,1.325865e+00,4.343963e-01,9.417295e+03
8.775217e+01,-3.298768e+00,2.130510e+00,9.985371e+03
5.959389e+01,-6.352030e-01,4.707223e+00,6.012839e+02
3.955595e+01,2.579464e+00,3.384201e+00,1.718049e+02
2.529732e+01,2.584922e+00,2.323127e+00,1.060467e+02
1.389875e+02,3.830564e-01,3.867231e+00,9.831411e+03
2.429152e+01,-6.743365e-01,4.176573e+00,1.167707e+02
3.743951e+01,-2.290838e+00,2.202660e+00,1.752341e+02
5.538890e+01,5.433942e-01,9.524695e-01,7.224177e+02
3.979240e+01,1.549546e+00,2.693206e+00,1.696457e+02
5.742291e+01,1.163869e+00,1.176860e+00,5.837576e+02
2.403527e+01,-1.877761e+00,5.451013e+00,1.316975e+02
1.152339e+02,3.262006e+00,1.584804e+00,9.653166e+03
2.522322e+01,-2.867053e+00,4.831302e+00,1.346949e+02
5.966118e+01,1.584989e+00,3.506867e+00,5.626202e+02
6.264602e+01,2.857301e+00,3.084369e+00,7.217344e+02
5.873642e+01,-1.680363e+00,2.974797e+00,5.598771e+02
5.884310e+01,-1.629764e+00,2.130317e+00,6.012269e+02
5.024424e+01,7.682439e-01,2.887855e+00,2.952676e+02
5.796676e+01,3.992972e+00,7.576959e+00,6.667317e+02
6.132687e+01,-1.120353e+00,8.721750e-01,1.156992e+03
1.292668e+02,-1.764386e+00,2.775644e+00,9.779269e+03
8.373099e+00,3.046607e-02,2.420587e+00,9.070269e+01
6.943572e+01,5.279098e+00,6.635766e+00,2.166171e+03
3.728656e+01,9.789959e-01,2.163372e+00,1.630766e+02
6.246074e+01,-2.550191e+00,3.062891e+00,7.827895e+02
5.264794e+01,-1.017557e-01,2.824836e+00,3.582911e+02
1.109885e+02,-4.030952e+00,3.171444e+00,9.789455e+03
4.278194e+01,-4.308866e+00,2.604255e+00,2.310601e+02
8.361752e+01,-1.084596e+00,9.072573e-01,1.017188e+04
6.174421e+01,-1.127806e+00,4.646226e+00,7.328096e+02
1.824578e+01,-2.600091e+00,3.280651e+00,1.057895e+02
6.935956e+01,-2.035071e+00,4.694391e-01,2.998024e+03
1.331663e+02,1.178758e+00,1.414586e+00,9.910042e+03
6.569358e+01,-5.576410e+00,5.353247e+00,1.315143e+03
5.622172e+01,4.853196e-01,1.618524e+00,5.669301e+02
4.180821e+01,2.229618e+00,2.753017e+00,1.812438e+02
1.341451e+02,8.749898e-01,1.868732e-01,9.889415e+03
4.710876e+01,6.971981e-01,3.618300e+00,2.489834e+02
1.186591e+02,-3.158832e+00,1.099458e+00,9.787978e+03
3.830738e+01,-1.260424e+00,8.778691e-01,2.495050e+02
5.505827e+01,-9.704825e-01,9.310857e-01,6.906233e+02
3.105976e+01,-2.440080e+00,4.098735e-01,1.507545e+02
1.122773e+02,-9.328302e-01,2.850381e+00,9.861280e+03
1.078034e+02,-3.607935e+00,6.695923e+00,9.839607e+03
3.101304e+01,-1.981619e+00,2.073963e+00,1.423308e+02
1.980276e+01,1.255619e+00,3.672530e+00,1.013428e+02
5.322669e+01,1.963313e+00,3.443014e+00,3.435637e+02
1.357194e+02,2.492282e+00,1.961397e+00,9.896937e+03
3.829349e+01,1.960375e+00,1.720071e+00,1.547305e+02
2.162431e+01,-3.554441e-01,4.563367e+00,1.122873e+02
1.865610e+01,1.683539e+00,3.675194e+00,9.964318e+01
4.367056e+01,-1.465369e+00,3.584662e+00,2.219421e+02
2.590899e+01,-4.713982e+00,2.506519e+00,1.358798e+02
4.851760e+01,-3.320238e+00,3.017635e+00,2.925969e+02
3.699823e+01,-1.165873e+00,2.130760e+00,1.787900e+02
1.355890e+02,1.733927e-01,1.060262e+00,9.847358e+03
4.236590e+01,-1.232522e+00,1.448897e+00,2.539302e+02
5.269757e+01,-3.806964e-01,3.287095e+00,3.537093e+02
6.118812e+01,-8.816336e-01,1.520728e+00,9.433137e+02
5.891870e+01,-4.899820e+00,4.214830e+00,6.436911e+02
1.240793e+02,-3.119895e-01,3.177478e+00,9.844875e+03
1.312358e+01,-1.682434e-01,1.733111e+00,1.101822e+02
5.922205e+01,-8.030815e-01,3.131434e+00,5.808802e+02
5.797127e+01,-6.779911e-01,3.384989e+00,5.173971e+02
1.607589e+01,8.168345e-01,1.160230e+00,1.230840e+02
3.536550e+01,6.616483e-01,2.312241e+00,1.548242e+02
3.507109e+01,1.838271e+00,3.277938e+00,1.447632e+02
6.377682e+01,-2.513075e+00,2.986584e+00,9.009654e+02
3.125430e+01,-4.417218e-01,8.575067e+00,1.981772e+02
2.369924e+01,-7.563943e-01,2.327965e+00,1.173432e+02
2.780564e+01,6.377898e-01,7.250647e-01,2.048671e+02
1.311496e+01,5.019760e+00,2.708470e+00,1.041425e+02
4.171106e+01,1.001719e+00,3.738897e+00,1.926625e+02
8.268186e+01,2.189710e+00,5.534354e+00,9.839266e+03
3.105464e+01,-9.833008e-01,6.440271e+00,1.661779e+02
5.606457e+01,-1.034146e+00,3.309732e+00,4.495279e+02
2.851901e+01,2.980508e+00,1.906055e+00,1.126560e+02
6.222877e+01,-3.633541e+00,3.064022e+00,7.779496e+02
3.364379e+01,1.768310e+00,9.796597e-01,1.384638e+02
1.252843e+02,-1.404288e+00,7.822768e-01,9.736216e+03
4.547936e+01,1.670538e+00,3.021153e+00,2.194827e+02
3.535585e+01,-3.634670e-01,2.145767e+00,1.699140e+02
5.141283e+01,-2.093419e+00,3.087950e+00,3.345714e+02
5.775731e+01,-9.426032e-01,1.757126e+00,6.275391e+02
9.731610e+01,-5.061722e-01,3.005679e+00,9.948546e+03
3.986262e+01,1.094476e+00,2.054687e+00,1.797969e+02
1.765712e+01,3.643169e-01,3.242395e+00,9.740160e+01
5.840887e+01,3.204450e+00,2.228962e+00,4.686434e+02
3.172910e+01,-3.414193e+00,3.060661e+00,1.498527e+02
4.581105e+01,-1.611198e+00,3.107706e+00,2.458059e+02
1.362181e+02,-3.330948e-01,5.048305e+00,9.827902e+03
4.924655e+01,3.224735e+00,3.183558e+00,2.691180e+02
5.081051e+01,1.027036e+00,1.536866e+00,3.449476e+02
5.595032e+01,-3.382430e+00,1.939043e+00,4.555989e+02
1.137860e+01,-8.517585e-01,5.012501e-01,1.702274e+02
1.752016e+01,2.647399e+00,3.478634e-01,9.050338e+01
4.781816e+01,-3.777347e-01,5.614287e-01,7.756256e+02
7.545621e+01,2.686139e+00,1.946620e+00,9.097925e+03
2.806058e+01,-2.411945e+00,3.460925e+00,1.312105e+02
5.301341e+01,3.249046e+00,5.967087e+00,4.157848e+02
1.012528e+01,2.623490e+00,2.692594e+00,8.795339e+01
3.862550e+01,-7.753400e-01,2.472974e+00,1.837281e+02
6.259706e+01,-2.423948e+00,2.927496e+00,7.954663e+02
5.209689e+01,2.878356e-01,1.574108e+00,4.426832e+02
4.021614e+01,-2.511417e+00,8.453359e-01,2.048366e+02
3.539187e+01,6.897923e-01,2.907148e+00,1.498805e+02
6.099701e+01,2.810684e+00,2.220296e+00,5.927776e+02
2.467324e+01,1.291584e+00,3.578348e+00,1.108897e+02
1.015544e+02,-2.319098e+00,1.671348e+00,9.858747e+03
4.018546e+01,1.515657e-01,8.162718e-01,3.946962e+02
1.114738e+02,1.413059e+00,2.433627e+00,9.883334e+03
2.136645e+01,9.253363e-01,2.349424e+00,1.038017e+02
4.389952e+01,9.293915e-01,1.585099e+00,2.381413e+02
1.218913e+02,9.639798e-01,1.277439e+00,9.889362e+03
5.810552e+01,1.453982e+00,2.524359e+00,4.964366e+02
6.559630e+01,1.893438e+00,2.307313e+00,1.072008e+03
3.028195e+01,8.055668e+00,1.090353e+00,1.736123e+02
5.451297e+01,-2.065900e+00,1.647720e+00,4.361805e+02
3.654593e+01,5.926481e-02,2.231730e+00,1.716158e+02
5.341944e+01,7.935730e-01,9.147115e-01,5.510512e+02
6.220721e+01,-3.481370e+00,4.268229e+00,8.025823e+02
4.921836e+01,3.040656e-01,4.202630e+00,2.866224e+02
3.484000e+01,3.380958e+00,1.159653e+00,1.315883e+02
8.029761e+01,1.670318e+00,8.503897e-01,8.916114e+03
1.387599e+02,-2.077292e+00,8.692905e-01,9.744137e+03
1.285307e+02,-3.950778e-01,1.535049e+00,9.811105e+03
1.837158e+01,-1.923217e+00,2.012793e+00,1.048114e+02
6.382007e+01,-4.391558e+00,2.022601e+00,9.222256e+02
1.246417e+02,-1.267084e+00,2.098249e+00,9.784095e+03
4.820842e+01,1.157544e+00,1.618077e+00,2.815531e+02
2.330531e+01,-4.111723e-01,2.643757e+00,1.123819e+02
6.212248e+01,-2.148255e+00,2.387478e+00,7.781150e+02
3.772037e+01,1.376052e+00,8.719372e-01,1.805023e+02
3.100215e+01,-2.580572e-01,5.156994e+00,1.471470e+02
1.314024e+02,8.197762e-02,5.679333e+00,9.835726e+03
5.203346e+01,-1.949709e+00,2.543146e+00,3.512587e+02
3.667638e+01,-8.210292e-02,4.167642e+00,1.647269e+02
3.064821e+01,-9.124772e-01,1.173334e+00,1.898853e+02
2.121363e+01,1.971367e+00,1.495159e+00,9.871862e+01
1.962270e+01,8.533194e-01,3.004668e+00,9.928494e+01
6.899506e+01,-4.132388e-01,3.570410e+00,1.913984e+03
4.019424e+01,1.557605e+00,3.580267e+00,1.780400e+02
4.178964e+01,-1.887750e+00,2.558719e+00,2.069752e+02
2.641743e+01,-2.688508e-01,1.896205e+00,1.362344e+02
1.148627e+02,-3.339819e+00,1.215545e+00,9.802113e+03
7.059664e+01,-1.072790e-01,1.567786e+00,5.507559e+03
4.621733e+01,2.430455e+00,4.079735e+00,2.412658e+02
1.831398e+01,-6.787178e-01,3.743669e+00,1.017475e+02
2.695292e+01,3.287301e-01,2.826513e+00,1.184309e+02
4.077822e+01,-1.599677e+00,1.522952e+00,2.205167e+02
5.114159e+01,-2.516374e+00,2.478386e+00,3.318487e+02
1.387174e+02,-2.200094e+00,2.072256e+00,9.747294e+03
4.890118e+01,2.458643e-01,2.099618e+00,3.093668e+02
3.588633e+01,2.848177e+00,3.624035e+00,1.540597e+02
1.786784e+01,8.225910e-01,1.492876e+00,1.132945e+02
1.399157e+02,1.180648e+00,1.250308e+00,9.911102e+03
4.158741e+01,6.046798e-01,2.899601e+00,1.917252e+02
1.073880e+02,-1.296677e+00,4.023420e+00,9.879603e+03
2.644081e+01,-1.175761e+00,1.331514e+00,1.496797e+02
9.927574e+01,2.122284e+00,1.310280e+00,9.477183e+03
3.380474e+01,2.098488e+00,2.995464e+00,1.367069e+02
1.224480e+02,8.586434e-01,1.024687e+00,9.884195e+03
3.223410e+01,4.384419e-01,1.662238e+00,1.627308e+02
4.343677e+01,-8.245090e-01,3.579405e+00,2.164504e+02
3.345145e+01,-2.697978e+00,2.578256e+00,1.524746e+02
6.428993e+01,-1.787821e+00,3.116048e+00,9.605628e+02
3.518542e+01,-1.098965e+00,5.641117e+00,1.773598e+02
2.285335e+01,5.591547e-01,2.167200e+00,1.120424e+02
1.177411e+02,1.465136e+00,4.690997e-01,9.717212e+03
4.865838e+01,6.929181e-01,4.370816e+00,2.787832e+02
1.533500e+01,2.992182e+00,2.077337e+00,9.071342e+01
5.991438e+01,-1.111186e+00,1.399364e-01,1.250193e+03
2.988920e+01,2.066677e+00,2.206834e+00,1.182695e+02
2.855969e+01,1.822273e+00,1.813125e+00,1.155236e+02
5.121652e+01,1.849248e+00,4.300269e+00,3.189268e+02
6.652776e+01,-1.926972e+00,1.614251e+00,1.494582e+03
4.078798e+01,9.420468e-01,1.509866e+00,2.091001e+02
4.102428e+01,2.497876e+00,5.966463e-01,1.626134e+02
4.377658e+01,7.438121e-01,4.180969e+00,2.165105e+02
1.491896e+01,1.806175e+00,4.852128e+00,1.035370e+02
1.111541e+02,2.147664e-01,4.036684e+00,9.885780e+03
4.440375e+01,-5.932636e-01,1.647024e+00,2.857927e+02
5.585596e+01,4.827872e+00,1.386826e+00,3.970861e+02
3.304973e+01,8.184489e-01,1.805253e+00,1.507856e+02
4.631883e+01,-1.348153e+00,8.567882e-01,3.519081e+02
5.044173e+01,-9.758518e-01,1.962948e+00,3.538413e+02
5.200849e+01,-3.413759e-01,5.157580e-01,1.089586e+03
8.830618e+01,-1.252414e+00,6.164906e-01,1.010090e+04
5.564053e+01,-1.240333e+00,4.547372e+00,4.462193e+02
3.134413e+01,-1.505023e+00,2.762289e+00,1.402045e+02
2.848970e+01,4.141916e-01,2.445080e+00,1.257179e+02
4.299733e+01,2.858208e+00,1.809559e+00,1.813446e+02
4.344176e+01,-3.877885e+00,4.721979e+00,2.552015e+02
4.058894e+01,-9.841730e-01,2.452829e+00,1.994580e+02
3.936165e+01,-1.698947e+00,3.155756e+00,1.851858e+02
3.310840e+01,1.741148e+00,3.517148e+00,1.377499e+02
4.990627e+01,-5.693374e-01,2.183799e+00,3.324504e+02
4.128757e+01,-2.671732e+00,8.270187e-01,2.114794e+02
1.688938e+01,-1.922111e+00,4.779440e+00,1.095206e+02
4.404389e+01,-2.421060e+00,3.570906e+00,2.314999e+02
5.679962e+01,-2.641903e+00,8.289441e-01,5.124214e+02
2.729201e+01,1.560154e+00,2.701100e+00,1.136714e+02
5.462111e+01,-1.587750e+00,1.186876e+00,5.043243e+02
1.118187e+02,-2.473467e+00,6.461027e-01,9.811857e+03
2.270886e+01,4.478403e+00,1.911339e+00,1.087456e+02
2.914611e+01,-1.896258e+00,3.240843e+00,1.322463e+02
5.200096e+01,-2.082677e-01,2.013414e+00,3.933927e+02
2.585779e+01,-2.086655e+00,1.353532e+00,1.284066e+02
4.081095e+01,-1.530391e+00,1.426723e+00,2.266820e+02
3.229825e+01,6.236702e-02,9.401902e-01,2.646509e+02
1.083482e+01,2.308770e+00,1.601169e+00,8.637955e+01
4.648375e+01,3.386593e-01,1.867661e+00,2.833353e+02
4.085765e+01,-6.104681e-01,3.786579e+00,1.932390e+02
6.841778e+01,-2.133477e+00,1.890624e+00,1.936816e+03
4.785436e+01,-3.110106e+00,5.157041e+00,3.104441e+02
5.411846e+01,1.050028e+00,2.227893e+00,3.867078e+02
2.988792e+01,-1.143283e-01,2.423153e+00,1.349074e+02
1.118222e+02,-6.507245e-01,1.765764e+00,9.854122e+03
3.712909e+01,-2.817776e+00,5.380788e+00,1.972839e+02
3.892909e+01,-2.837346e+00,5.955393e+00,2.194358e+02
3.856916e+01,-2.213056e+00,7.750578e+00,2.426053e+02
7.359818e+01,-6.030682e-01,3.095594e-01,1.046941e+04
5.655023e+01,-5.080337e-02,1.374998e+00,7.133221e+02
1.391474e+02,-6.125443e+00,7.650213e+00,9.793384e+03
3.819209e+01,-1.756872e+00,2.821475e+00,1.775931e+02
4.246887e+01,-1.246953e+00,1.673405e+00,2.415830e+02
5.223713e+01,-2.537473e+00,1.486026e+00,3.659044e+02
2.830512e+01,-3.204725e+00,5.175140e+00,1.512007e+02
5.330660e+01,-3.545741e+00,1.888294e+00,3.822401e+02
4.718845e+01,5.975590e+00,1.392941e+00,2.644057e+02
1.174016e+02,-6.853296e-01,1.770290e+00,9.827884e+03
1.235977e+01,1.748152e+00,2.143490e+00,8.848051e+01
1.231364e+02,-2.961720e-01,2.451607e+00,9.842835e+03
4.113760e+01,3.246036e+00,1.811992e+00,1.686127e+02
1.091132e+01,-2.548856e+00,1.318990e+00,9.364040e+01
2.909324e+01,3.291848e-01,2.591242e+00,1.269413e+02
3.169075e+01,-1.166277e+00,3.204152e-01,2.382619e+02
3.801889e+01,-1.486116e+00,3.064347e+00,1.752220e+02
1.876715e+01,-1.408167e+00,4.294618e+00,1.073763e+02
5.276241e+01,-2.098775e+00,2.027253e+00,3.760642e+02
4.773247e+01,1.034460e+00,9.554777e-01,3.305462e+02
1.008322e+01,1.444185e+00,1.720615e+00,9.097656e+01
4.179895e+01,8.271017e-01,1.009747e+00,2.651086e+02
1.095155e+02,5.896358e+00,5.483646e+00,9.810623e+03
3.739432e+01,-4.385309e-01,3.669732e+00,1.675458e+02
2.620381e+01,1.820909e+00,1.558097e+00,1.099922e+02
1.320042e+02,-1.840145e-02,1.293749e+00,9.831492e+03
1.623602e+01,-2.071971e+00,1.246194e+00,1.050874e+02
5.908263e+01,-2.669917e+00,4.256638e+00,5.927699e+02
2.949797e+01,-3.492363e-01,2.417336e+00,1.344944e+02
1.289872e+02,1.244797e+00,1.267614e+00,9.902422e+03
9.879491e+01,2.454419e+00,4.741518e+00,9.860827e+03
3.374164e+01,-1.308377e+00,2.237264e+00,1.564402e+02
5.290683e+01,1.224613e+00,4.162354e+00,3.512455e+02
3.154271e+01,9.666487e-01,2.899529e+00,1.307025e+02
4.747845e+01,-1.224187e+00,6.150713e+00,3.066676e+02
5.478170e+01,1.127655e+00,2.672567e+00,3.910163e+02
5.325771e+01,-2.683184e+00,5.126102e-01,4.009420e+02
1.164763e+02,7.858217e-01,1.837516e+00,9.889019e+03
3.177606e+01,2.487502e+00,1.926609e+00,1.223401e+02
3.939067e+01,4.852797e+00,8.803280e-01,1.684261e+02
5.095581e+01,5.594453e-01,3.063573e+00,3.097614e+02
1.370376e+01,-2.661918e+00,4.992134e+00,1.096456e+02
6.574374e+01,-1.860686e+00,2.090622e+00,1.255415e+03
1.260295e+02,4.813319e+00,1.549362e+00,9.675466e+03
4.419318e+01,-2.063744e+00,2.186595e+00,2.335141e+02
3.124150e+01,-2.522963e+00,2.397469e+00,1.418526e+02
7.723004e+01,3.749451e-01,1.229574e+00,9.733274e+03
9.219003e+01,9.802434e-01,2.938438e+00,9.873585e+03
5.788352e+01,2.135330e-01,6.499126e-01,1.400801e+03
9.280209e+01,3.161118e-01,2.545326e+00,9.928867e+03
3.236478e+01,-1.693539e-02,4.332428e+00,1.438627e+02
2.913995e+01,2.313942e-01,2.221540e+00,1.332694e+02
5.218549e+00,-3.748050e+00,3.190810e+00,9.544119e+01
5.529808e+01,-1.241273e-01,2.693524e+00,4.358862e+02
4.269034e+01,-4.523919e+00,2.090064e+00,2.298843e+02
1.022399e+02,2.321733e-01,4.527864e+00,9.907820e+03
2.740752e+01,3.981357e-01,2.723485e+00,1.199508e+02
5.250109e+01,3.132100e+00,2.339766e+00,3.082827e+02
8.787296e+01,4.825270e+00,5.410103e+00,9.707364e+03
3.494583e+01,2.676790e+00,2.475036e+00,1.381110e+02
1.170062e+01,1.227411e+00,1.963683e+00,9.179992e+01
1.294070e+02,-1.939719e+00,3.582953e+00,9.795666e+03
2.815673e+01,-6.366180e-01,1.135025e+00,1.916957e+02
3.446427e+01,-2.170080e+00,9.615890e-01,1.701856e+02
4.402542e+01,-3.013099e-01,2.668899e+00,2.260879e+02
3.486726e+01,1.248198e+00,3.283494e+00,1.451534e+02
6.014922e+01,2.301603e-01,4.881316e-01,2.085780e+03
2.983848e+01,-4.307370e-02,4.301399e+00,1.334237e+02
3.841167e+01,-9.157453e-01,3.285988e+00,1.756367e+02
5.257117e+01,-4.369693e+00,1.841489e+00,3.752196e+02
6.695614e+01,1.794507e+00,1.339825e+00,1.453422e+03
4.765023e+01,-4.017945e-01,6.413095e+00,3.111343e+02
4.952668e+01,5.062545e+00,6.214516e+00,3.717001e+02
2.384278e+01,-3.087357e+00,1.745107e+00,1.174980e+02
2.422665e+01,-6.007819e+00,3.684425e+00,1.502195e+02
6.476185e+01,8.242001e-02,2.371624e+00,1.142951e+03
1.051958e+02,-2.000502e+00,4.862404e-01,9.856269e+03
5.197149e+01,7.354728e-01,2.360090e+00,3.412092e+02
4.253610e+01,-4.577016e+00,2.645074e+00,2.327685e+02
3.967557e+01,3.152023e-01,3.833884e+00,1.803655e+02
4.520528e+01,-2.496527e+00,1.184152e+00,2.526719e+02
4.030003e+01,-1.867859e+00,2.196473e+00,1.975899e+02
5.653542e+01,-9.936039e-01,2.606837e+00,4.854229e+02
5.750624e+01,-1.632380e-01,4.610961e+00,5.027070e+02
5.399413e+01,1.490012e+00,2.235187e+00,3.646713e+02
3.827385e+01,2.347409e+00,1.136828e+00,1.489383e+02
6.737544e+01,-5.035381e-01,1.650088e+00,2.213110e+03
2.501815e+01,-2.659059e+00,1.210410e+00,1.220256e+02
4.907738e+01,-4.234982e+00,2.104518e+00,3.070391e+02
3.162816e+01,1.919641e-01,2.688952e+00,1.368130e+02
1.568793e+01,-8.807006e-01,2.954598e+00,9.683814e+01
4.870983e+01,-2.089742e+00,2.272544e+00,2.921274e+02
6.152885e+01,2.444894e+00,3.466339e+00,6.578946e+02
4.065012e+01,-3.908710e-01,2.556713e+00,1.968500e+02
3.129014e+01,-1.457263e+00,1.688588e-01,2.028489e+02
3.170969e+01,1.470865e+00,5.683475e+00,1.563595e+02
5.255774e+01,-3.412550e+00,2.210218e+00,3.644094e+02
5.276375e+01,6.714875e-01,3.125766e+00,3.448429e+02
1.619918e+01,-9.096464e-01,3.479426e+00,9.801781e+01
6.091765e+01,1.845990e+00,2.588796e+00,6.213285e+02
3.600441e+01,3.355518e+00,2.480021e+00,1.454908e+02
2.466336e+01,8.953183e-02,1.442724e+00,1.513976e+02
1.565993e+01,-1.502736e+00,7.154244e-01,1.244001e+02
4.245915e+01,9.645381e-01,1.574801e+00,2.209868e+02
4.533698e+01,4.095532e+00,4.125243e+00,2.465118e+02
3.733024e+01,1.658187e-01,2.700492e+00,1.664385e+02
2.255963e+01,1.286533e+00,3.674970e+00,1.066348e+02
4.135481e+01,-1.937493e+00,2.569427e+00,2.030770e+02
2.783293e+01,-1.953277e+00,1.688378e+00,1.332290e+02
8.099938e+01,5.529193e-01,8.977796e-01,9.532176e+03
4.244942e+01,1.733164e+00,8.943875e-01,1.952684e+02
1.193552e+02,9.109139e-01,2.196262e+00,9.893263e+03
4.622297e+01,-6.194849e+00,1.808031e+00,3.005246e+02
1.050293e+02,2.293454e+00,3.539430e+00,9.858765e+03
5.528201e+01,2.305219e+00,3.795953e+00,4.015919e+02
6.039723e+01,2.821273e+00,2.681033e-01,5.338001e+02
3.774541e+01,-1.580638e+00,1.247417e+00,2.047153e+02
1.267644e+02,1.992030e+00,1.360497e+00,9.854829e+03
1.392794e+02,-1.405122e+00,1.376009e+00,9.745170e+03
1.783853e+01,1.656525e+00,4.831517e-01,1.062022e+02
2.398552e+01,1.559033e+00,3.083214e+00,1.066833e+02
2.912582e+01,1.342416e+00,3.917296e+00,1.259155e+02
6.367781e+01,-2.464801e+00,2.720728e+00,8.970853e+02
5.186871e+01,-1.241259e+00,1.959491e+00,3.792159e+02
1.168173e+02,-1.999734e+00,2.717649e+00,9.792353e+03
4.764190e+01,-1.440617e+00,3.216467e+00,2.688143e+02
3.716671e+01,-1.079574e+00,2.732939e+00,1.704377e+02
1.207047e+02,1.873769e+00,1.722041e+00,9.863412e+03
2.740169e+01,1.021463e+00,3.572220e+00,1.185348e+02
4.227750e+01,-2.404564e+00,3.456260e+00,2.133292e+02
5.576092e+01,-4.494076e+00,1.342206e+00,4.610780e+02
2.696234e+01,7.358393e-01,2.915263e+00,1.163151e+02
1.349480e+02,1.236867e+00,1.318566e+00,9.911345e+03
4.849676e+01,1.825314e+00,1.657391e+00,2.524759e+02
2.414755e+01,-2.669173e+00,3.074930e+00,1.188113e+02
4.442869e+01,7.677063e-01,3.402773e+00,2.166468e+02
3.313218e+01,3.159157e+00,7.995406e-01,1.228920e+02
4.600231e+01,3.272042e+00,3.246170e+00,2.290631e+02
2.016307e+01,3.536923e+00,1.922305e+00,9.799009e+01
1.225872e+02,3.732488e-01,1.086771e+00,9.872704e+03
6.973030e+01,3.040252e+00,1.110721e+00,1.995592e+03
5.507885e+01,2.690485e+00,4.342326e+00,4.130915e+02
6.216999e+01,-1.332757e-01,1.159207e+00,1.427869e+03
4.139890e+01,-3.464162e+00,2.333488e+00,2.079632e+02
3.934150e+01,-1.930687e+00,2.019521e-01,2.264351e+02
1.355447e+02,2.225072e+00,1.633797e+00,9.893459e+03
1.189867e+02,-6.331301e+00,5.132882e+00,9.781842e+03
4.842802e+01,-1.971484e+00,1.964392e+00,2.941908e+02
3.969703e+01,-2.318572e-01,1.312149e+00,2.741467e+02
5.377834e+01,1.352932e+00,3.211367e+00,3.589394e+02
5.482255e+01,-2.145385e-01,9.765859e-01,8.347833e+02
4.234416e+01,1.073024e-01,1.182716e+00,3.259328e+02
1.222565e+02,-3.008363e+00,4.915696e+00,9.801905e+03
8.025252e+01,2.810261e-01,2.591318e+00,9.947492e+03
4.608326e+01,4.969896e-01,1.054322e+00,3.769577e+02
8.010054e+01,-1.473820e+00,1.166607e+00,1.021743e+04
4.903203e+01,5.764124e+00,3.373465e+00,3.121247e+02
4.329636e+01,-6.369970e+00,1.700605e+00,2.662494e+02
1.044718e+02,3.347226e-01,5.041305e-01,9.784872e+03
2.220902e+01,-5.598123e-01,1.471022e+00,1.411593e+02
2.715681e+01,2.378283e+00,3.058546e+00,1.143930e+02
5.044741e+01,1.308829e+00,3.098265e+00,2.909563e+02
8.907145e+01,-4.634708e+00,4.836120e+00,9.901867e+03
8.449695e+01,2.263352e+00,3.245747e+00,9.677502e+03
2.961686e+01,-8.953115e-01,3.568326e+00,1.313644e+02
9.188455e+01,8.122777e-01,2.042552e+00,9.826230e+03
1.518068e+01,1.127072e-03,2.075952e+00,1.031068e+02
5.342327e+01,-2.778594e-01,8.111896e-01,8.737960e+02
5.466730e+01,-4.653346e-01,3.057930e-01,1.482429e+03
4.116055e+01,-1.324717e+00,3.607160e+00,1.983902e+02
6.367035e+01,-4.407273e-01,1.634915e+00,1.268837e+03
2.317481e+01,2.027545e-01,2.016263e+00,1.193579e+02
8.239179e+01,8.390202e-01,4.115972e+00,9.908684e+03
4.240098e+01,-1.109063e+00,1.926689e+00,2.318298e+02
6.789684e+01,6.400700e+00,1.975039e+00,1.474516e+03
1.021260e+02,9.000851e-01,1.352685e+00,9.789865e+03
3.398628e+01,-4.105869e+00,5.443192e+00,1.896842e+02
6.197707e+01,-8.018396e-01,7.518312e-01,1.550131e+03
5.377104e+01,-2.345440e+00,1.399480e+00,4.119415e+02
4.154027e+01,1.256897e+00,5.443911e-01,2.337957e+02
7.348586e+01,-2.612025e-01,9.307288e-01,1.014362e+04
2.650231e+01,4.275073e+00,1.296491e+00,1.124240e+02
3.049569e+01,-3.615768e-01,8.885740e-01,2.607677e+02
1.803124e+01,1.267222e+00,1.927103e+00,9.856140e+01
5.025258e+01,-2.317393e+00,2.038209e+00,3.198898e+02
1.175742e+02,3.717056e-02,1.340714e+00,9.858930e+03
4.599018e+01,4.811058e+00,8.540656e+00,3.641070e+02
4.813443e+01,-4.097353e-01,2.522814e+00,2.842214e+02
6.405867e+01,2.806402e+00,5.774736e+00,9.774802e+02
5.137883e+01,1.196672e+00,1.152608e+00,3.677335e+02
1.897914e+01,-2.030358e+00,1.947845e+00,1.060650e+02
3.855050e+01,-1.000587e+01,2.196885e+00,2.916600e+02
1.112255e+01,-2.132357e+00,1.872395e+00,9.350141e+01
3.962829e+01,-1.598414e+00,2.049892e+00,1.963568e+02
8.644316e+01,-1.424467e+00,7.827002e-01,1.012326e+04
4.724942e+01,1.504390e+00,1.348013e+00,2.541546e+02
3.385738e+01,-1.615619e+00,2.554250e+00,1.530836e+02
3.932175e+01,1.353677e+00,1.762247e+00,1.737723e+02
1.121548e+01,2.622047e+00,3.612388e+00,9.301229e+01
1.099099e+02,-1.300040e+00,3.520422e+00,9.865751e+03
3.634991e+01,-2.282338e-01,1.723647e+00,1.972900e+02
1.340800e+01,2.593671e+00,1.307356e+00,8.730722e+01
3.794619e+01,-4.520026e-01,2.536735e+00,1.769634e+02
1.242283e+02,2.208864e-01,1.853796e+00,9.860451e+03
5.904518e+01,-2.688312e+00,7.209366e-01,6.145363e+02
5.668874e+01,3.949815e+00,1.678463e+00,4.049476e+02
2.552664e+01,1.044683e+00,2.007434e+00,1.152772e+02
6.680663e+01,9.793309e-01,4.572377e+00,1.273521e+03
3.291486e+01,-1.883818e+00,1.929158e+00,1.530552e+02
2.964471e+01,-6.806479e-01,1.646204e+00,1.594402e+02
1.311096e+02,-2.085432e+00,1.510400e+00,9.736667e+03
4.967832e+01,2.347486e+00,3.142385e+00,2.720154e+02
1.765688e+01,5.548099e-01,2.917201e+00,9.690342e+01
2.738349e+01,1.557655e+00,1.380363e+00,1.185483e+02
5.320624e+01,-1.184008e+00,3.896843e+00,3.704948e+02
6.290325e+01,1.501084e+00,3.433790e+00,7.710001e+02
5.445114e+01,-1.237751e+00,5.289076e+00,4.298118e+02
4.430316e+01,3.178196e+00,2.518845e+00,2.007662e+02
4.762378e+01,4.780765e+00,8.014597e+00,3.790817e+02
4.704576e+01,2.141117e+00,4.095192e+00,2.507589e+02
4.741335e+01,-2.491577e+00,1.307117e+00,2.808816e+02
8.656396e+01,5.182447e-01,2.604607e+00,9.906817e+03
2.649817e+01,2.534364e-01,2.107749e+00,1.263365e+02
3.448530e+01,-1.079966e+00,1.485027e+00,1.874819e+02
3.056786e+01,-1.319740e+00,6.216749e+00,1.621313e+02
6.563656e+01,2.234102e+00,2.975255e+00,1.037811e+03
3.628759e+01,-5.403217e+00,6.022001e-01,1.861786e+02
2.480474e+01,1.352238e-01,3.954811e+00,1.149136e+02
5.461820e+01,-2.052318e+00,3.131045e+00,4.098712e+02
1.527148e+01,-4.525855e+00,5.286182e+00,1.260387e+02
5.477962e+01,-2.646073e+00,5.964289e+00,4.776507e+02
2.089220e+01,-1.085098e+00,3.739585e+00,1.076999e+02
4.793687e+01,-6.796448e-01,1.623265e+00,3.447777e+02
1.376389e+02,-3.103907e-01,4.519475e-01,9.769996e+03
1.086371e+02,9.340269e-01,3.012781e+00,9.895224e+03
5.196197e+01,-5.661000e-01,3.457677e+00,3.379675e+02
6.224032e+01,5.187430e+00,4.880310e+00,8.290874e+02
4.182380e+01,3.009109e+00,9.876551e-01,1.668532e+02
5.758372e+01,-3.445691e+00,1.033963e+00,5.177209e+02
8.947451e+01,7.019931e-01,1.068493e+00,9.639808e+03
1.219851e+02,8.983118e-01,7.488936e-01,9.865344e+03
4.344450e+01,-4.616718e+00,5.063180e+00,2.707886e+02
2.628672e+01,-3.171419e+00,5.522680e+00,1.470148e+02
1.445335e+01,-2.403932e+00,1.988863e+00,9.739167e+01
2.613759e+01,-2.695270e+00,3.500680e+00,1.265101e+02
1.191136e+02,-2.942052e+00,3.825366e+00,9.786612e+03
5.768556e+01,-1.579980e+00,4.543275e+00,5.218912e+02
1.251916e+02,8.593551e-01,1.078027e+00,9.893187e+03
4.313025e+01,3.779324e+00,4.072063e+00,2.188749e+02
3.909528e+01,6.394668e-01,1.180853e+00,2.384864e+02
1.079322e+01,-1.596223e-01,3.275234e+00,8.997426e+01
4.152327e+01,-5.148633e+00,4.631322e+00,2.519134e+02
3.528222e+01,2.153294e+00,3.953268e+00,1.524314e+02
2.154533e+01,-6.829351e-01,2.843877e+00,1.075767e+02
1.493817e+01,2.218523e+00,1.932395e+00,8.944260e+01
1.177014e+02,1.597947e+00,1.511081e+00,9.848643e+03
3.310096e+01,2.828657e+00,1.714415e+00,1.259687e+02
5.707599e+01,-2.804264e+00,3.475928e+00,4.960451e+02
1.292648e+02,-2.284437e+00,3.911787e+00,9.793112e+03
6.028102e+01,1.081647e+00,1.182516e+00,7.878950e+02
3.488235e+01,3.969803e+00,1.526079e+00,1.378034e+02
4.238958e+01,2.879743e-01,3.131473e+00,2.004546e+02
4.417223e+01,1.075643e+00,7.800389e+00,2.940522e+02
4.182024e+01,2.518644e-01,2.232386e+00,2.100803e+02
5.820455e+01,2.135762e-01,2.837354e+00,5.331159e+02
4.315750e+01,-4.267084e+00,3.567057e+00,2.429723e+02
5.232683e+01,5.799413e+00,2.401324e+00,3.572773e+02
1.237695e+02,-1.850504e-02,8.218209e-01,9.836747e+03
1.006981e+02,-2.788110e+00,6.197262e+00,9.874651e+03
5.771706e+01,-1.062628e+00,1.395743e+00,6.870393e+02
2.216929e+01,4.608306e-01,1.046145e+00,1.631583e+02
3.587961e+01,-9.396375e-02,6.310103e-01,4.394150e+02
3.686457e+01,-2.955903e+00,1.905818e+00,1.722012e+02
6.452733e+01,-1.070213e+00,3.299409e+00,9.876875e+02
1.801005e+01,2.697710e+00,7.501616e-01,9.088436e+01
4.680846e+01,-9.091073e-01,4.817854e+00,2.674537e+02
1.316708e+02,4.211503e-01,2.646926e+00,9.852093e+03
5.662935e+01,5.840485e+00,1.073057e+00,4.518715e+02
6.061822e+01,-2.399994e+00,2.459962e+00,6.647377e+02
5.076167e+01,2.646501e+00,1.411201e+00,2.669800e+02
1.257179e+01,2.261225e+00,3.772528e+00,9.396952e+01
3.969724e+01,1.859559e+00,2.286135e+00,1.652937e+02
3.185240e+01,-8.897655e-01,2.648714e+00,1.424464e+02
2.509122e+01,1.538630e+00,2.277666e+00,1.078745e+02
1.228598e+02,-2.681874e-01,7.181393e-01,9.805154e+03
6.546546e+01,1.383789e-01,3.588037e+00,1.084374e+03
1.919034e+01,-3.594974e-01,7.351473e-01,2.228204e+02
2.663108e+01,-3.130299e-01,3.056991e+00,1.192576e+02
1.048730e+02,-1.978967e+00,4.717024e+00,9.873533e+03
4.673345e+01,7.848589e-01,1.513574e+00,2.912528e+02
2.835518e+01,-1.383042e+00,1.544512e+00,1.454726e+02
4.879161e+01,-4.777707e-01,2.694220e+00,2.897681e+02
4.998331e+01,2.593092e-01,3.327561e+00,2.944209e+02
1.386790e+02,1.304744e+00,1.767798e+00,9.908554e+03
6.063313e+01,7.516501e-01,1.413860e+00,8.543991e+02
2.519943e+01,-3.663822e+00,4.105196e+00,1.342097e+02
9.638551e+01,1.278883e+00,8.216543e-01,9.463851e+03
4.363173e+01,9.731440e-01,6.081852e+00,2.485910e+02
3.852049e+01,-3.688523e-01,3.776744e+00,1.749424e+02
4.331632e+01,-5.659715e-01,3.214599e+00,2.142471e+02
3.783325e+01,-2.375102e+00,1.772149e+00,1.802090e+02
1.680183e+01,6.003359e+00,2.152496e+00,1.150472e+02
6.451504e+01,6.165602e-01,2.162419e+00,1.109164e+03
9.686621e+00,8.201101e-01,3.270495e+00,8.816015e+01
4.515514e+01,-5.796519e-01,3.243971e+00,2.335666e+02
5.378995e+01,9.866730e-01,5.717415e+00,4.138451e+02
4.670341e+01,3.492273e+00,3.122436e+00,2.368881e+02
1.040849e+02,-7.886372e-02,2.421953e+00,9.913030e+03
4.147681e+01,3.394689e+00,2.820973e+00,1.824471e+02
4.886399e+01,4.406872e-01,3.568395e+00,2.750681e+02
5.909014e+01,-4.342373e+00,5.245917e+00,6.661949e+02
2.398173e+01,8.372912e-01,1.405124e+00,1.291987e+02
3.402982e+01,-9.071293e-01,2.916965e+00,1.509349e+02
1.188390e+02,-8.845339e-01,1.762136e+00,9.809651e+03
2.107600e+01,3.219649e+00,1.584257e+00,9.679374e+01
2.105581e+01,1.848437e+00,1.818270e+00,9.866066e+01
4.613011e+01,4.400646e+00,2.183536e+00,2.275995e+02
4.241500e+01,1.639055e+00,4.288943e+00,2.041584e+02
4.104627e+01,-8.116431e-01,2.673483e+00,1.994060e+02
2.312218e+01,6.879129e-01,5.118837e+00,1.197323e+02
1.319776e+02,-2.203787e+00,2.684430e+00,9.760829e+03
4.653784e+01,-4.490347e-01,4.288319e+00,2.536898e+02
1.965561e+01,5.146207e-01,3.386757e+00,1.007207e+02
2.637919e+01,2.410148e+00,3.616484e+00,1.164651e+02
3.957902e+01,6.615925e-01,7.827921e-01,2.921486e+02
2.402885e+01,-5.354366e-01,1.605188e+00,1.401441e+02
1.006494e+02,-8.320679e-01,4.065001e+00,9.919014e+03
6.958617e+01,-2.408617e+00,3.618422e+00,2.079070e+03
3.893063e+01,-6.015737e-01,6.073838e+00,2.075473e+02
3.181495e+01,1.080661e+00,1.370282e+00,1.492854e+02
4.791802e+01,4.435451e+00,3.160601e+00,2.654786e+02
2.686275e+01,1.028315e+00,2.236108e+00,1.168871e+02
1.060208e+02,2.289318e+00,2.539083e-01,9.341608e+03
5.007729e+01,3.054014e-01,2.275105e+00,3.190815e+02
2.656426e+01,-5.166832e+00,2.232403e+00,1.414864e+02
6.944893e+01,1.475735e+00,1.407904e+00,2.693023e+03
1.375757e+02,-1.208829e+00,1.756972e+00,9.763642e+03
1.222529e+02,7.203156e-01,2.781845e+00,9.878551e+03
5.686833e+01,7.454941e-01,2.464025e+00,4.791914e+02
2.992535e+01,-6.267502e-01,2.227929e+00,1.403783e+02
8.394369e+01,2.373743e+00,2.687024e+00,9.546580e+03
1.113331e+02,3.678919e-01,6.215503e-01,9.836325e+03
3.543704e+01,-3.107658e-01,1.782684e+00,1.871002e+02
1.339376e+02,1.238399e+00,3.902987e+00,9.861217e+03
4.315314e+01,2.920033e+00,1.237977e+00,1.781423e+02
5.824162e+01,-8.207897e-01,7.925122e-01,1.032333e+03
1.386708e+01,9.157506e-01,2.118493e+00,9.471703e+01
5.372558e+01,-1.173637e+00,2.295467e+00,4.088283e+02
4.673524e+01,-4.561424e-01,1.084561e+00,4.389561e+02
8.803060e+00,-1.997859e-01,3.935168e+00,9.032294e+01
2.695138e+01,1.647879e+00,1.322951e+00,1.159983e+02
8.689284e+01,-2.957093e-01,4.915817e+00,9.960565e+03
4.548820e+01,-1.200373e+00,7.092634e+00,2.995392e+02
6.044519e+01,3.641849e-01,1.330699e+00,9.772191e+02
1.576650e+01,8.982398e-01,3.917873e+00,9.659649e+01
4.796440e+01,1.871224e+00,4.586224e+00,2.720204e+02
4.154280e+01,3.994007e+00,1.197437e+00,1.725262e+02
3.474761e+01,-5.416351e-01,5.094917e+00,1.652878e+02
2.961096e+01,1.183488e-01,1.897046e+00,1.458668e+02
1.512814e+01,-3.719397e-01,5.175903e+00,1.058036e+02
6.014380e+01,4.197424e+00,5.337255e-01,5.216251e+02
2.983855e+01,-1.991616e+00,3.702040e+00,1.369047e+02
6.681025e+01,-3.224787e-01,2.372207e+00,1.563568e+03
3.856739e+01,3.430957e+00,2.471368e+00,1.595248e+02
4.235612e+01,-2.464358e+00,2.536027e+00,2.124886e+02
4.373884e+01,1.536709e+00,2.130434e+00,2.019273e+02
1.290863e+02,1.627436e+00,5.514936e+00,9.857698e+03
2.338094e+01,-4.247296e-01,2.281089e+00,1.170820e+02
1.515037e+01,2.627541e+00,2.362583e+00,9.064645e+01
1.383651e+02,2.631449e+00,2.698841e+00,9.911620e+03
6.110342e+01,1.664447e+00,4.555327e+00,6.678370e+02
1.271532e+02,3.609531e-01,1.956324e+00,9.863153e+03
1.361488e+02,1.131007e+00,1.498274e+00,9.908411e+03
3.427334e+01,8.322541e-01,1.392765e+00,1.725359e+02
4.886200e+01,-2.548714e+00,2.108881e+00,2.936809e+02
8.936809e+01,-2.893391e+00,6.621083e-01,1.004674e+04
1.219070e+02,-1.912881e-01,9.653408e-01,9.825111e+03
3.877396e+01,6.618432e-01,5.678596e+00,1.970966e+02
2.803236e+01,7.928147e-02,5.265117e+00,1.362959e+02
6.499674e+01,-8.967167e-01,1.974965e+00,1.283133e+03
3.808972e+01,2.737647e-01,9.870183e-01,2.962258e+02
3.747078e+01,2.646778e+00,4.233660e+00,1.698746e+02
3.044366e+01,3.085263e+00,1.862808e+00,1.182965e+02
4.036859e+01,2.871530e+00,1.656199e+00,1.613592e+02
5.233754e+01,-6.021633e-01,7.022894e-01,7.832417e+02
3.561777e+01,-2.824203e+00,2.311381e+00,1.642520e+02
4.307432e+01,-3.161528e-01,2.004608e+00,2.410928e+02
6.719258e+01,-2.096341e-01,5.894987e-01,4.963938e+03
1.058983e+02,3.966068e+00,3.632671e+00,9.769090e+03
5.622870e+01,-1.176587e+00,3.885373e+00,4.548743e+02
5.469552e+01,-2.360947e+00,5.708981e-01,4.612120e+02
4.481216e+01,-2.015269e-01,2.881633e+00,2.304386e+02
3.973336e+01,-3.333917e+00,1.989150e+00,1.930141e+02
2.843637e+01,-2.142709e+00,4.412191e+00,1.373525e+02
3.859457e+01,-1.884261e+00,3.822829e+00,1.829349e+02
3.530443e+01,1.396415e-01,1.313067e+00,2.222986e+02
8.296957e+01,7.913564e-01,2.135626e+00,9.789395e+03
2.960552e+01,2.649642e+00,8.523839e-01,1.120743e+02
6.259726e+01,-1.709583e-01,1.662250e+00,1.109525e+03
3.228247e+01,-2.338723e+00,3.238414e+00,1.468382e+02
4.059354e+01,-4.725936e+00,2.545631e+00,2.163178e+02
1.704324e+01,-1.821101e+00,2.014652e+00,1.025886e+02
5.055119e+01,-2.522695e+00,1.323649e+00,3.332412e+02
4.967075e+01,3.180632e-01,1.403591e+00,4.071410e+02
2.866737e+01,3.634915e-01,2.224948e+00,1.301310e+02
4.892291e+01,-8.528064e+00,2.607017e+00,4.134579e+02
1.829574e+01,-2.227042e+00,2.197753e+00,1.036337e+02
1.021269e+02,1.313459e+00,1.431679e+00,9.726918e+03
5.455892e+01,1.783122e+00,1.036542e+00,3.856171e+02
3.425006e+01,2.567740e+00,5.599695e+00,1.710799e+02
1.794141e+01,-2.528612e-01,1.634656e+00,1.229583e+02
5.654221e+01,6.841744e-01,5.342155e-01,9.177578e+02
3.353794e+01,-5.286386e-01,2.806170e+00,1.480814e+02
2.621686e+01,3.180702e-01,1.812067e+00,1.333353e+02
1.329665e+02,-3.209337e-01,1.064503e+00,9.798737e+03
4.734312e+01,-3.092647e+00,1.968666e+00,2.709212e+02
4.465224e+01,-5.672402e-01,3.524660e+00,2.275510e+02
6.135564e+01,8.553721e-01,1.576745e+00,8.475308e+02
1.030959e+02,-6.213310e-01,3.170012e+00,9.915329e+03
1.372169e+02,-6.567750e-01,2.819140e+00,9.811761e+03
3.857898e+01,3.655992e-01,3.850197e+00,1.727046e+02
5.719884e+01,2.666236e+00,2.486286e+00,4.325625e+02
7.580645e+01,2.515350e+00,2.527771e+00,9.347268e+03
1.722807e+01,-2.038114e+00,1.683660e+00,1.040677e+02
1.340408e+02,2.204578e+00,1.205574e+00,9.858716e+03
2.813522e+01,3.935444e-01,1.122612e+00,1.844493e+02
6.516214e+01,3.924054e-01,2.519535e+00,1.150927e+03
6.756025e+01,-1.499372e+00,1.795487e+00,1.851579e+03
6.528321e+01,1.273584e+00,1.847579e+00,1.178666e+03
2.492689e+01,3.082728e+00,1.538307e+00,1.029709e+02
4.393301e+01,7.781304e-01,7.535516e+00,2.844171e+02
6.234404e+01,2.838225e+00,1.539422e+00,6.651070e+02
1.359043e+02,-3.183060e+00,1.154709e+00,9.768062e+03
5.138480e+01,3.637452e+00,1.009933e+01,5.165008e+02
3.080409e+01,5.249157e-01,3.748737e+00,1.320494e+02
2.438237e+01,6.073533e-01,9.972017e-01,1.653916e+02
3.582307e+01,8.117353e-01,3.671100e+00,1.535979e+02
5.184757e+01,-3.425541e+00,3.637642e+00,3.612697e+02
3.872954e+01,-9.351943e-01,2.836353e+00,1.797839e+02
4.224315e+01,-1.133064e+00,3.636839e+00,2.069102e+02
4.077550e+01,-1.301233e-01,3.871154e+00,1.907980e+02
5.438319e+01,3.701563e+00,1.458805e+00,3.371635e+02
1.295072e+02,2.753410e+00,3.032056e+00,9.906001e+03
1.108438e+02,-4.266498e+00,3.255970e+00,9.790887e+03
4.756758e+01,-2.912010e+00,2.667803e+00,2.734937e+02
5.903189e+01,-3.613455e+00,2.547081e+00,5.801911e+02
1.412040e+01,4.376707e-01,1.699813e+00,1.082594e+02
4.590009e+01,-9.856120e-01,1.579573e+00,3.022220e+02
4.896963e+01,-3.060056e+00,1.912977e+00,2.952327e+02
4.566183e+01,-1.023183e+00,2.248175e+00,2.581738e+02
5.042831e+01,-6.644116e-01,2.002921e+00,3.562036e+02
2.511411e+01,2.891781e-01,4.505931e+00,1.193330e+02
5.492667e+01,-3.366056e+00,3.726775e+00,4.386309e+02
6.140834e+01,7.178927e-01,1.757922e+00,8.347097e+02
1.031750e+02,-2.894077e+00,7.462451e+00,9.866056e+03
5.374152e+01,7.155085e-01,1.224484e+00,5.129312e+02
5.856033e+01,-6.559917e-01,1.336581e+00,8.284403e+02
2.770295e+01,-1.538724e+00,2.601703e+00,1.268881e+02
1.396404e+02,2.977784e+00,1.227959e+00,9.828200e+03
2.823340e+01,1.146963e+00,3.686876e+00,1.215464e+02
3.720822e+01,6.554685e-01,1.649590e+00,1.866364e+02
2.677795e+01,3.421580e+00,4.787077e+00,1.341054e+02
5.410438e+01,-2.594961e+00,3.269172e+00,3.995195e+02
3.607372e+01,-9.298263e-01,1.546063e+00,1.993542e+02
1.038178e+02,-6.054591e-01,8.547265e-01,9.881710e+03
3.757735e+01,-2.699504e+00,1.389786e+00,1.788673e+02
3.958719e+01,-1.149763e+00,2.806614e+00,1.867321e+02
3.814137e+01,6.325742e-01,4.902155e+00,1.804701e+02
5.676126e+01,4.505006e-01,1.050771e+00,7.951958e+02
2.743333e+01,2.883503e+00,5.918585e+00,1.468273e+02
3.866788e+01,9.149575e-01,4.167948e+00,1.744567e+02
4.924944e+01,3.014402e+00,2.042768e+00,2.501029e+02
4.816056e+01,2.994955e+00,3.244689e+00,2.534415e+02
4.939905e+01,-3.026943e-01,2.386066e+00,3.105439e+02
5.226679e+01,1.639348e+00,3.378699e+00,3.241020e+02
5.175511e+01,1.124195e+00,1.627882e+00,3.518677e+02
2.745203e+01,-2.123019e-01,2.125700e+00,1.325125e+02
3.967730e+01,9.089501e-01,1.438507e+00,2.046751e+02
3.560900e+01,-6.122528e-01,1.860603e+00,1.831536e+02
1.164345e+02,1.670873e+00,3.834782e+00,9.892763e+03
5.216231e+01,1.563357e+00,2.104949e+00,3.212990e+02
4.524240e+01,-4.621456e-01,1.857626e+00,2.793165e+02
7.190946e+01,-9.686503e-01,1.431770e+00,9.620016e+03
6.369296e+01,8.202993e-01,1.564546e+00,1.130630e+03
1.247337e+02,-4.339840e-01,1.886010e+00,9.824260e+03
1.175341e+01,-1.409433e+00,1.361178e+00,1.054626e+02
1.263739e+02,8.689204e-01,4.090972e+00,9.860686e+03
4.643806e+01,-2.202107e+00,1.557077e+00,2.689013e+02
4.339276e+01,-1.441866e+00,2.892220e+00,2.197401e+02
6.500445e+01,-1.668906e+00,4.400255e+00,1.036020e+03
4.072143e+01,-6.712812e-01,1.838027e+00,2.255751e+02
4.110556e+01,-6.678146e-01,1.644616e+00,2.436923e+02
5.400342e+01,7.416234e+00,1.114320e+00,4.357915e+02
9.163021e+01,1.729854e+00,4.027305e+00,9.854007e+03
3.243315e+01,-1.501765e+00,1.306504e+00,1.696249e+02
7.731404e+01,1.884283e-01,2.934454e-01,9.470056e+03
1.395167e+02,-1.423589e+00,2.169376e+00,9.769461e+03
2.001290e+01,-9.601035e-01,3.151023e+00,1.043625e+02
3.938385e+01,-1.402488e+00,4.927052e-01,2.702248e+02
3.406353e+01,2.952530e+00,1.762062e+00,1.301271e+02
4.228005e+01,-2.378866e+00,2.193228e+00,2.129999e+02
1.203186e+02,-1.881156e+00,1.359218e+00,9.750154e+03
6.733680e+01,7.115769e-01,2.892683e+00,1.482861e+03
4.068597e+01,1.100950e-01,6.834605e-01,4.769889e+02
3.230344e+01,7.638558e-01,2.283525e+00,1.388701e+02
3.648408e+01,-1.339554e+00,1.902940e+00,1.795391e+02
4.454516e+01,-1.833411e+00,1.656726e+00,2.504845e+02
5.132079e+01,1.557456e+00,9.148967e-01,3.323635e+02
1.363085e+02,2.523231e+00,2.738848e+00,9.912470e+03
4.368901e+01,2.062395e+00,4.271546e-01,1.935158e+02
2.995423e+01,1.053888e+00,4.003574e+00,1.296466e+02
5.043102e+01,1.306636e+00,2.371950e+00,2.928211e+02
1.936222e+01,-1.107958e+00,1.755591e+00,1.154851e+02
1.832542e+01,4.290432e-01,3.126952e+00,9.821024e+01
1.234709e+02,-4.146250e-01,2.274460e+00,9.835187e+03
3.079248e+01,-8.750593e-01,1.019393e+00,2.064495e+02
1.256517e+02,3.762572e-01,1.642858e+00,9.868616e+03
4.967414e+01,4.625957e-01,1.853872e+00,3.349370e+02
5.184422e+01,-1.447638e+00,2.866303e+00,3.440849e+02
5.620687e+01,-6.682187e-01,2.784479e+00,4.662301e+02
5.312509e+01,-1.068124e+00,1.312147e+00,4.986442e+02
5.681815e+01,3.964198e+00,1.129792e+00,3.997553e+02
1.397493e+02,-1.472806e+00,2.775388e+00,9.785710e+03
8.674988e+01,-3.756928e+00,1.439790e+00,1.002604e+04
1.513359e+01,-6.354287e-01,1.991923e+00,1.049986e+02
1.089198e+01,-1.905814e+00,3.237352e+00,9.282827e+01
4.137592e+01,-1.402037e+00,2.735203e+00,2.020605e+02
3.311330e+01,-7.825588e-01,8.986699e-01,2.455521e+02
5.163940e+01,2.273646e+00,1.501921e+00,2.895340e+02
6.846915e+01,-3.590479e+00,3.151905e+00,1.693916e+03
4.025145e+01,1.039829e+00,2.241768e+00,1.811243e+02
3.166895e+01,2.201942e+00,2.239895e+00,1.239222e+02
4.688050e+01,8.680692e-01,3.083750e+00,2.430756e+02
3.127855e+01,5.798862e-01,1.530973e+00,1.601572e+02
3.454670e+01,-4.899201e-02,6.826236e-01,3.877275e+02
4.722949e+01,-5.835177e-02,3.656198e+00,2.556399e+02
6.938018e+01,-2.569578e-01,4.715125e+00,1.959898e+03
3.806966e+01,-2.000774e+00,2.641415e+00,1.776745e+02
3.140853e+01,1.254224e+00,1.861039e+00,1.328229e+02
3.024263e+01,-1.599149e+00,2.599822e+00,1.363775e+02
1.077944e+02,1.898349e+00,2.442010e+00,9.838381e+03
3.899764e+01,-5.065238e-01,4.427709e+00,1.837263e+02
1.928430e+01,-1.749524e+00,2.432034e+00,1.050749e+02
4.819567e+01,1.219656e+00,1.689822e+00,2.748347e+02
5.574536e+01,-1.470172e+00,2.080096e+00,4.775169e+02
1.184497e+02,5.955083e-01,2.051349e+00,9.884881e+03
4.517711e+01,6.969413e-01,3.604194e+00,2.259885e+02
2.675783e+01,4.659357e-01,5.170195e-01,2.653170e+02
5.618275e+01,1.838438e+00,2.390645e+00,4.140743e+02
1.863058e+01,1.928630e+00,2.194653e+00,9.441497e+01
1.278155e+02,3.311976e-01,4.875932e+00,9.844785e+03
2.485566e+01,-1.794718e+00,3.073092e+00,1.178383e+02
2.953771e+01,-2.495380e+00,1.773204e+00,1.362521e+02
1.539085e+01,-2.348705e-01,3.378509e+00,9.539747e+01
5.828147e+01,-2.206565e+00,3.568979e+00,5.381318e+02
4.225685e+01,2.767562e-01,2.051339e+00,2.212815e+02
1.054381e+02,-2.652905e+00,1.618378e+00,9.827116e+03
4.404227e+01,-3.709377e+00,2.982584e+00,2.392307e+02
1.058668e+02,-3.719338e-02,2.337783e+00,9.905259e+03
3.712634e+01,1.963760e+00,6.745589e+00,2.054109e+02
3.566554e+01,6.471228e-01,1.138638e+00,2.116922e+02
3.917733e+01,1.374016e+00,2.383297e+00,1.671648e+02
2.217167e+01,7.104750e-01,3.108859e+00,1.045970e+02
1.002795e+02,-1.703274e+00,1.141824e+00,9.887769e+03
4.991043e+01,-1.595118e+00,1.811119e+00,3.339468e+02
6.094813e+01,-7.872793e-01,7.984642e-01,1.359165e+03
9.031421e+00,6.862871e-01,2.511789e+00,8.873321e+01
6.055879e+01,7.494103e-01,3.830588e+00,6.249038e+02
3.661068e+01,1.876807e+00,1.677202e+00,1.467186e+02
1.199849e+02,1.915960e+00,3.541009e+00,9.898486e+03
3.773767e+01,4.151617e+00,3.713950e+00,1.757867e+02
2.794685e+01,3.481117e+00,1.734010e+00,1.122680e+02
5.293642e+01,-1.202310e+00,3.999136e-01,6.348731e+02
6.077386e+01,-4.921778e+00,1.654808e-01,6.909498e+02
3.173930e+01,2.141696e+00,1.954557e+00,1.234327e+02
5.149407e+01,1.239875e-01,1.712328e+00,4.115645e+02
1.080359e+02,-5.746868e-01,1.482391e+00,9.870672e+03
3.027666e+01,-1.116006e+00,2.061049e+00,1.440038e+02
1.365165e+02,4.656361e-01,1.414401e+00,9.867322e+03
4.056746e+01,-6.689741e-01,2.750040e+00,1.939654e+02
1.773906e+01,1.462337e-01,1.255684e+00,1.438085e+02
3.061590e+01,2.206420e-01,4.109099e+00,1.343076e+02
4.650021e+01,2.982110e+00,1.600051e+00,2.116661e+02
1.773410e+01,3.943485e-01,3.055438e+00,9.733824e+01
3.164299e+01,-5.096708e-01,2.930150e+00,1.385110e+02
2.044975e+01,2.207172e+00,8.861999e-01,9.670571e+01
8.054604e+01,8.921868e-01,1.789346e+00,9.662926e+03
6.808369e+01,8.907060e-02,2.016314e+00,2.187364e+03
5.448598e+01,-1.726652e+00,5.305443e+00,4.366504e+02
2.614761e+01,-4.222358e-01,5.107239e-01,3.257981e+02
1.385513e+02,7.459818e-01,5.721663e+00,9.830727e+03
5.964655e+01,3.863173e+00,3.767319e+00,5.797074e+02
1.003936e+02,-3.313772e-01,7.976048e-01,9.910746e+03
4.139508e+01,-2.135450e+00,5.356568e+00,2.255517e+02
3.376750e+01,9.734906e-02,2.098083e+00,1.589512e+02
4.139114e+01,1.888247e+00,3.015695e+00,1.812248e+02
2.975066e+01,-3.451487e-01,4.172177e+00,1.329648e+02
5.021757e+01,1.710372e+00,5.165988e+00,3.212250e+02
5.766534e+01,-7.987114e-01,9.765912e-01,8.931340e+02
5.160527e+01,7.214163e-01,5.998078e+00,3.701535e+02
3.849437e+01,-2.699545e+00,4.746308e+00,1.977248e+02
6.932310e+01,-1.174042e+00,1.352433e+00,3.358647e+03
5.103466e+01,2.455014e+00,2.467706e+00,2.845884e+02
2.026281e+01,4.293224e-01,2.501055e+00,1.036116e+02
5.313025e+01,-8.048351e-01,2.839710e+00,3.739649e+02
3.059760e+01,-1.641801e+00,7.974365e+00,1.886714e+02
9.743960e+01,1.510194e+00,2.595038e+00,9.816752e+03
1.085182e+02,9.370103e-01,3.066741e-01,9.657174e+03
5.404864e+01,2.110023e+00,4.689299e-01,3.484582e+02
8.629305e+01,-5.930542e-01,8.463878e-01,1.009849e+04
4.826026e+01,3.285612e-01,6.889871e-01,6.180821e+02
3.949188e+01,-7.406174e-01,5.763896e+00,2.073290e+02
9.101953e+01,1.851803e+00,4.590750e+00,9.861730e+03
6.284372e+01,-2.262678e+00,3.548503e+00,8.121415e+02
6.307563e+01,-1.122863e+00,3.501688e+00,8.297096e+02
3.682754e+01,-1.303042e-01,3.516032e+00,1.623544e+02
1.253214e+02,2.254232e+00,4.712589e+00,9.885391e+03
6.767394e+01,-6.287187e-01,1.908790e+00,2.075944e+03
3.897045e+01,-7.562883e-01,6.389731e+00,2.138541e+02
1.146022e+02,-1.941684e-01,1.760918e+00,9.863658e+03
4.459290e+01,2.094832e+00,3.409931e+00,2.127290e+02
2.327747e+01,1.086668e-01,2.797554e+00,1.096146e+02
1.432462e+01,5.494515e-01,2.370356e+00,9.502182e+01
3.992730e+01,4.452731e+00,4.032577e+00,1.986342e+02
3.437725e+01,8.073546e-01,1.883965e+00,1.557097e+02
3.304000e+01,-1.687413e+00,2.085553e+00,1.530585e+02
3.497917e+01,-4.221849e+00,7.581243e+00,2.268577e+02
4.131980e+01,-6.075096e-02,1.091089e+00,3.403558e+02
6.323152e+01,2.458338e+00,1.979098e+00,7.585248e+02
4.888642e+01,-2.818681e+00,3.971303e+00,3.025830e+02
9.988706e+01,-2.455250e-02,3.140023e+00,9.928586e+03
2.337755e+01,-6.442244e-01,1.008826e+00,1.805925e+02
3.583965e+01,4.938055e+00,5.328217e+00,1.943945e+02
9.080726e+01,3.709470e-02,1.928254e+00,9.950013e+03
5.157501e+01,3.529863e-01,3.084038e+00,3.243356e+02
1.335364e+02,-1.871438e+00,3.461718e+00,9.792080e+03
3.530572e+01,-3.584673e+00,3.792048e+00,1.748670e+02
9.374921e+01,9.835985e-01,2.429507e+00,9.845856e+03
1.208314e+02,-2.518311e+00,1.705900e+00,9.752113e+03
3.271845e+01,-3.561341e-01,1.469625e+00,1.925114e+02
4.852876e+01,1.459893e+00,3.214808e+00,2.601922e+02
5.182090e+01,6.085393e+00,2.475606e+00,3.560395e+02
5.206397e+01,7.322434e-01,8.947435e-01,5.233924e+02
3.711906e+01,-2.758796e+00,1.824045e+00,1.739593e+02
3.866667e+01,4.172648e+00,6.041627e+00,2.181967e+02
1.334986e+02,2.159525e-01,3.664940e-01,9.874852e+03
4.068756e+01,2.044480e+00,1.203344e+00,1.689669e+02
6.961063e+01,3.436349e+00,4.122263e+00,1.956002e+03
5.259239e+01,1.934222e-01,1.957261e+00,4.054646e+02
4.265524e+01,-6.829271e-02,1.207779e+00,3.332371e+02
2.697215e+01,-3.342761e+00,2.628819e+00,1.291865e+02
4.493741e+01,1.092639e+00,4.421592e+00,2.310579e+02
1.788678e+01,-8.003388e-01,2.980965e+00,1.002067e+02
1.298771e+02,2.123318e-01,1.202273e+00,9.854836e+03
9.026057e+00,2.893552e+00,3.241697e+00,9.058751e+01
2.628820e+01,1.315800e+00,1.417285e+00,1.207686e+02
5.239174e+01,-3.045208e-02,3.587691e+00,3.428299e+02
4.093674e+01,-1.557834e+00,2.371741e+00,2.020958e+02
6.074771e+01,-1.839874e+00,3.304660e+00,6.617371e+02
4.376433e+01,5.724593e-01,2.741230e+00,2.131748e+02
1.062757e+02,-1.753615e+00,5.702147e+00,9.874648e+03
6.454558e+01,-5.890267e+00,5.182423e+00,1.168527e+03
5.209614e+01,2.332607e+00,2.239694e+00,3.022984e+02
5.086890e+01,-2.627785e+00,3.551380e+00,3.299910e+02
8.493745e+01,-3.084518e+00,3.405224e+00,9.982429e+03
2.823043e+01,1.436628e+00,1.738627e+00,1.198999e+02
5.553342e+01,1.725848e+00,1.843734e+00,4.029186e+02
3.140499e+01,-1.332367e-01,3.308889e+00,1.352919e+02
3.827245e+01,2.058835e+00,1.211188e+00,1.533839e+02
5.589997e+01,1.432942e+00,1.549325e+00,4.461386e+02
5.519475e+01,-5.196000e-01,1.735452e+00,5.359276e+02
5.892207e+01,4.703389e-01,2.587069e+00,5.738315e+02
6.149935e+01,1.086897e+00,2.242802e+00,7.228997e+02
5.115148e+01,4.818433e+00,3.428775e+00,3.299771e+02
3.888139e+01,-1.570599e+00,2.352574e+00,1.859597e+02
2.212950e+01,-4.400858e-01,5.924203e+00,1.270104e+02
5.741647e+01,8.857492e-01,1.944201e+00,5.309069e+02
3.996897e+01,2.784608e+00,4.012877e+00,1.839063e+02
1.202832e+02,3.392998e+00,4.307721e+00,9.889598e+03
3.309619e+01,1.512606e+00,1.653014e+00,1.368435e+02
6.301859e+01,2.548293e+00,3.609804e+00,7.689498e+02
5.992189e+01,-1.116700e+00,1.523470e+00,7.946531e+02
4.193160e+01,3.173786e+00,1.398790e+00,1.705838e+02
1.763695e+01,-9.349325e-02,2.012966e+00,1.089630e+02
3.384241e+01,3.862031e+00,2.698791e+00,1.413322e+02
6.220820e+01,2.983574e-01,1.704183e+00,1.002245e+03
3.658835e+00,-6.130901e-01,2.843773e+00,8.605989e+01
5.967145e+01,-1.787466e+00,8.682013e-01,7.638319e+02
4.325937e+01,2.972199e+00,5.442703e+00,2.388843e+02
5.163788e+01,-3.128237e+00,2.004188e+00,3.434666e+02
5.149172e+01,-1.194533e+00,2.872769e+00,3.366977e+02
6.177769e+01,3.948458e-01,1.774831e+00,9.162722e+02
3.420875e+01,7.717630e-01,4.562765e+00,1.532619e+02
4.946958e+01,-4.446762e+00,3.622548e+00,3.333951e+02
4.529290e+01,-4.095919e+00,5.824823e+00,2.993493e+02
2.709375e+01,-2.688077e-01,1.660717e+00,1.496901e+02
5.904898e+01,3.043721e+00,1.842472e+00,4.866992e+02
1.352605e+01,2.667295e+00,9.014073e-01,8.717114e+01
5.885574e+01,1.322580e+00,1.160015e+00,6.276284e+02
4.895050e+01,6.733659e-01,1.755456e+00,3.173432e+02
5.873871e+01,1.848705e+00,1.194484e+00,5.299436e+02
1.359153e+01,-8.064782e-01,1.169472e+00,1.305977e+02
6.446898e+01,3.122363e+00,2.119298e+00,8.504000e+02
5.709929e+01,-4.670057e-01,3.207153e+00,4.845358e+02
3.647242e+01,1.510545e+00,2.340801e+00,1.495285e+02
1.298890e+02,-3.750336e+00,1.580700e+00,9.772195e+03
1.803647e+01,1.258068e+00,1.478612e+00,1.041464e+02
4.520187e+01,1.537133e+00,7.864383e+00,3.105580e+02
2.169019e+01,-1.731308e-02,1.288555e+00,1.551203e+02
3.614654e+01,-1.265369e+00,6.581744e-01,2.436747e+02
1.180084e+02,7.158475e-02,2.871492e+00,9.868871e+03
4.723331e+01,1.230727e+00,6.769730e-01,3.088945e+02
4.213267e+01,-2.414812e+00,2.831562e+00,2.101186e+02
1.381659e+02,-4.115850e-01,9.647110e-01,9.784318e+03
5.359580e+01,-2.471918e+00,1.755188e+00,3.957353e+02
2.636546e+01,-1.808216e+00,1.811021e+00,1.278722e+02
6.939239e+01,4.634776e+00,4.049965e+00,1.898534e+03
2.723191e+01,1.234371e+00,1.510538e+00,1.239922e+02
1.270561e+02,-1.836423e+00,1.061899e+00,9.736321e+03
1.195585e+02,1.042725e+00,7.492586e-01,9.836722e+03
9.311026e+01,-2.046548e+00,4.582340e+00,9.931158e+03
5.096517e+01,-6.214828e-02,4.102358e+00,3.174917e+02
2.792107e+01,2.377935e+00,2.794719e+00,1.148600e+02
5.929411e+01,-6.149237e+00,8.021819e-01,6.567966e+02
4.945834e+01,1.092417e+00,1.676074e+00,3.044502e+02
2.861920e+01,-1.354700e+00,1.466796e+00,1.494410e+02
6.144292e+01,8.613745e-01,1.965673e+00,7.758564e+02
5.666836e+01,-2.598650e+00,4.525851e+00,4.982017e+02
1.097633e+02,2.446475e+00,1.116801e-01,9.400351e+03
4.668076e+01,3.649084e+00,1.382512e+00,2.147140e+02
4.749099e+01,2.721650e+00,6.313031e-01,2.166702e+02
2.241405e+01,-4.448014e-01,3.023216e+00,1.084988e+02
5.351791e+01,-2.227316e+00,4.864575e+00,4.054970e+02
4.747056e+01,-1.775562e+00,2.057813e+00,2.801882e+02
3.810326e+01,-1.225697e+00,1.976351e+00,1.902675e+02
3.385295e+01,1.725226e+00,1.198115e+00,1.389630e+02
4.849765e+01,1.058699e+00,2.032051e+00,2.757676e+02
7.191218e+01,-2.632400e+00,1.043392e+00,5.235334e+03
5.538488e+01,-1.572821e+00,3.193939e+00,4.306555e+02
6.594212e+01,-2.971028e+00,4.191765e+00,1.183726e+03
5.324848e+01,2.025025e+00,3.801310e+00,3.503526e+02
1.076385e+02,1.476743e+00,2.103339e+00,9.845133e+03
1.380786e+02,1.066781e+00,2.816090e+00,9.869753e+03
3.768991e+01,6.795022e-01,4.197600e+00,1.689359e+02
2.604739e+01,-6.663131e-01,2.252502e-01,3.180222e+02
1.192386e+01,-1.655323e+00,2.627332e+00,9.300309e+01
2.570337e+01,-1.782173e+00,1.458915e+00,1.305680e+02
5.205020e+01,-7.923618e-01,3.372476e+00,3.415809e+02
4.558840e+01,-2.698873e+00,3.974103e+00,2.552221e+02
3.227996e+01,-2.808653e+00,1.453776e+00,1.483259e+02
8.214763e+00,-1.642394e+00,7.695163e-01,1.057209e+02
2.462229e+01,3.016950e-01,1.964053e+00,1.237221e+02
3.896614e+01,-1.442856e+00,2.770434e-01,2.688183e+02
1.130597e+02,-2.985641e+00,1.356798e+00,9.794737e+03
5.827731e+01,-2.833138e+00,2.639663e+00,5.399219e+02
6.581277e+01,-3.916740e+00,2.354247e+00,1.154181e+03
5.571214e+01,-2.544727e+00,1.447754e+00,4.629759e+02
6.394016e+01,-5.333200e-01,1.571163e-01,3.545362e+03
1.273954e+02,6.988814e-01,5.008339e+00,9.849206e+03
5.050885e+01,-1.305680e+00,3.105304e+00,3.150511e+02
1.441154e+01,-1.694699e+00,1.913213e+00,9.936498e+01
3.422909e+01,-1.502051e+00,2.061534e+00,1.608566e+02
8.425226e+01,-3.330902e-01,3.773479e+00,9.996767e+03
4.003971e+01,-2.029888e+00,2.177101e+00,1.949249e+02
5.248554e+01,1.503729e+00,1.222602e+00,3.539999e+02
1.902070e+01,5.161874e-02,3.429652e+00,1.005923e+02
6.765433e+01,-3.121258e+00,2.502036e+00,1.502012e+03
3.529889e+01,-1.130594e+00,3.573911e+00,1.579058e+02
6.330688e+01,1.819234e+00,8.611395e+00,1.075109e+03
3.937765e+01,1.141847e+00,3.801612e+00,1.752308e+02
5.420579e+01,-2.898250e+00,9.138538e-01,4.149882e+02
4.959297e+01,2.988151e+00,1.392827e+00,2.472718e+02
2.179636e+01,-1.594575e+00,2.039700e+00,1.134435e+02
5.699473e+01,-1.728417e+00,2.778339e+00,4.906997e+02
2.812192e+01,3.773736e+00,2.154264e+00,1.168109e+02
3.155554e+01,-3.415139e-01,4.256086e+00,1.406996e+02
5.448596e+01,3.153355e+00,3.967573e+00,3.903038e+02
3.281309e+01,-1.989633e-01,8.670932e-01,2.949558e+02
4.162033e+01,-2.757048e+00,7.313464e+00,2.682341e+02
4.593425e+01,-6.888445e-01,1.106531e+00,3.922988e+02
5.388649e+01,8.714265e+00,3.703461e+00,5.170593e+02
1.031692e+02,-7.811289e-01,2.032087e+00,9.906464e+03
3.242605e+01,5.123476e-02,1.725583e+00,1.688234e+02
7.041156e+01,2.846989e+00,1.939732e+00,2.378998e+03
1.262444e+02,2.678944e+00,4.759578e+00,9.890790e+03
4.766668e+01,-3.297426e+00,1.480895e+00,2.764469e+02
2.834935e+01,2.000726e+00,8.894113e-01,1.152327e+02
4.644605e+00,1.925717e+00,3.509695e+00,8.753088e+01
1.118289e+02,-2.171812e-01,3.691171e+00,9.882180e+03
9.847517e+01,2.518140e+00,4.477233e+00,9.850721e+03
4.988398e+01,-3.917029e-01,2.065036e+00,3.410506e+02
6.971974e+01,-2.269186e+00,3.301299e+00,2.173293e+03
3.427538e+01,1.338140e+00,3.194160e+00,1.415901e+02
2.203984e+01,5.063378e-01,5.521220e+00,1.214164e+02
3.133678e+01,-1.919234e+00,1.493033e+00,1.507636e+02
5.472520e+01,-5.517453e-01,6.495732e-01,9.991931e+02
1.148547e+02,7.377356e-01,2.638835e+00,9.890144e+03
2.415457e+01,-1.461106e+00,2.514415e+00,1.163656e+02
4.364735e+01,-1.442663e+00,2.065435e+00,2.355531e+02
2.589116e+01,-1.164740e+00,2.049626e+00,1.272804e+02
3.150767e+01,7.024525e-01,3.797232e+00,1.346509e+02
1.305403e+02,4.656000e+00,3.572891e+00,9.862670e+03
4.191212e+01,1.154489e+00,3.810283e+00,1.944789e+02
2.225015e+01,4.913966e+00,3.682218e+00,1.231051e+02
4.755868e+01,7.784657e-01,2.530008e+00,2.578274e+02
4.600204e+01,2.848780e+00,1.674575e+00,2.072590e+02
2.200935e+01,5.057881e+00,2.466288e+00,1.157617e+02
2.921248e+01,1.638243e-01,4.798050e+00,1.352369e+02
1.921935e+01,1.296095e+00,3.484554e+00,9.942285e+01
5.433345e+01,-8.418293e-01,1.015253e+00,6.608814e+02
1.250029e+02,-1.260639e+00,2.287782e+00,9.790693e+03
3.023733e+01,-3.023113e+00,1.752312e+00,1.388311e+02
1.165435e+01,-9.822266e-01,2.748545e+00,9.217480e+01
1.364840e+02,-2.299155e+00,8.609456e+00,9.826661e+03
4.091422e+01,1.183975e+00,1.958668e+00,1.873064e+02
4.322540e+01,-1.750946e+00,2.028138e+00,2.282050e+02
4.608584e+01,3.587823e+00,2.412687e+00,2.199022e+02
5.873803e+01,-2.342188e+00,1.003909e+00,6.168826e+02
6.967302e+01,-3.474609e+00,1.257999e+00,2.229237e+03
1.182876e+02,1.081690e+00,1.926982e+00,9.894289e+03
4.266066e+01,-3.893275e+00,6.125182e-01,2.196460e+02
5.412055e+01,1.440258e+00,3.615848e+00,3.701766e+02
1.249344e+02,-5.195599e-01,1.920472e+00,9.819784e+03
6.425445e+01,-1.007087e+00,4.074457e+00,9.378456e+02
1.269874e+02,-3.185947e-01,3.311281e+00,9.838899e+03
5.143505e+01,2.014464e-01,3.445719e+00,3.212401e+02
1.088061e+01,-1.174216e+00,1.796839e+00,9.927942e+01
3.013719e+01,-1.961866e+00,4.155174e+00,1.407932e+02
1.911833e+01,-6.361272e-01,3.617310e+00,1.026710e+02
3.411206e+01,7.377908e-01,7.831859e-01,2.251139e+02
4.469518e+01,2.710632e-01,1.553322e+00,2.906953e+02
3.919371e+01,-1.723586e+00,2.211027e+00,1.894529e+02
4.113134e+01,-1.361580e+00,3.007962e+00,1.982850e+02
5.660579e+01,2.514398e+00,8.606874e-01,3.975195e+02
4.008916e+01,-3.595891e+00,1.547592e+00,1.965150e+02
4.333910e+01,-7.232949e-01,6.688902e-01,4.451796e+02
4.627435e+01,-4.951167e-01,2.580018e+00,2.560881e+02
3.922200e+01,1.687012e+00,1.581519e+00,1.661202e+02
4.649898e+01,1.043853e+00,1.393930e+00,2.751278e+02
7.007147e+01,-6.388052e+00,6.094977e+00,2.532920e+03
1.701838e+01,1.353050e+00,4.645279e-01,1.185696e+02
1.098919e+02,3.734491e-02,1.961343e+00,9.887775e+03
4.963522e+01,3.235620e+00,3.417374e+00,2.796728e+02
1.389144e+02,-1.019835e+00,4.212881e+00,9.818263e+03
3.352242e+01,1.056085e+00,6.659950e+00,1.793777e+02
2.406785e+01,1.481351e-03,6.072821e+00,1.332674e+02
6.396862e+00,-5.482263e-01,6.664327e-01,1.770578e+02
5.977913e+01,-4.081160e-01,1.875271e+00,7.548452e+02
5.808610e+01,2.235391e+00,2.024909e+00,4.675595e+02
6.705127e+01,-6.765340e-01,2.477972e+00,1.575801e+03
5.525505e+01,-1.139332e+00,2.600996e+00,4.404855e+02
2.463390e+01,8.120982e-01,1.992385e+00,1.163153e+02
3.746429e+01,3.704300e+00,1.205880e+00,1.457424e+02
6.523338e+01,-2.450364e+00,1.810337e+00,1.137362e+03
5.274466e+01,-4.042038e+00,5.453005e+00,4.310592e+02
1.245435e+01,2.164014e+00,5.088386e+00,1.038361e+02
4.000180e+01,-3.100696e+00,2.791445e+00,1.956248e+02
6.943634e+01,3.368856e-01,5.012270e+00,1.972565e+03
2.020380e+01,6.711584e+00,4.480493e+00,1.420446e+02
4.425869e+01,-2.506668e+00,3.813670e+00,2.365008e+02
5.057448e+01,-6.246873e-01,1.479894e+00,4.293204e+02
2.054732e+01,-6.870501e-01,1.732675e+00,1.230660e+02
4.615003e+01,-5.495378e-01,3.095565e+00,2.460868e+02
6.718418e+01,-8.681928e-01,1.149714e+00,2.546665e+03
6.394210e+01,-3.749942e+00,3.341007e+00,9.363640e+02
3.494064e+01,-2.200655e+00,1.035965e+00,1.714309e+02
4.381504e+01,4.643767e-01,3.409690e+00,2.125225e+02
6.021251e+01,1.201840e+00,1.485598e+00,6.992632e+02
1.012962e+02,-1.648305e+00,1.063922e+00,9.878357e+03
1.425977e+01,2.063643e+00,7.633222e+00,1.318232e+02
2.715377e+01,6.109135e-01,3.092660e+00,1.173918e+02
6.432575e+01,5.516201e-01,5.368518e+00,9.688504e+02
5.915392e+01,-1.525640e+00,2.279216e+00,6.114498e+02
3.733629e+01,1.677869e+00,4.359167e+00,1.679746e+02
4.372977e+01,-4.048345e+00,2.637342e+00,2.375273e+02
5.706948e+01,-2.395510e+00,1.531181e+00,5.160446e+02
6.133935e+01,6.226980e+00,3.221950e+00,7.365049e+02
5.589139e+01,1.423726e+00,3.166447e+00,4.152482e+02
6.378257e+01,-1.631643e+00,1.605105e+00,1.075812e+03
2.349949e+01,6.319564e+00,3.234476e+00,1.370323e+02
2.256633e+01,-2.280655e+00,2.845997e+00,1.128493e+02
4.906790e+01,2.677033e+00,2.297300e+00,2.510853e+02
3.702898e+01,-9.156489e-01,3.288260e+00,1.667185e+02
5.823213e+01,1.167444e+00,2.970883e+00,5.050074e+02
2.120674e+01,-1.027616e+00,2.810159e+00,1.074882e+02
8.826608e+01,-4.029470e+00,2.175902e+00,9.970153e+03
4.409486e+01,4.587844e+00,1.450289e+00,2.026723e+02
5.907168e+01,-2.056435e+00,2.297463e+00,5.904286e+02
4.166101e+00,6.099844e-01,3.524398e+00,8.622090e+01
1.308118e+02,-3.849024e+00,3.538360e+00,9.759012e+03
1.376493e+02,1.186966e+00,2.002918e+00,9.898825e+03
3.582594e+01,-1.084375e+00,2.730243e+00,1.622977e+02
1.632971e+01,-7.008243e-01,1.103955e+00,1.449534e+02
1.168372e+01,2.646212e-01,2.077487e+00,9.753014e+01
4.542958e+01,6.629225e-01,2.644066e+00,2.310194e+02
4.272582e+01,3.889686e+00,3.666340e+00,2.095134e+02
5.094102e+01,1.757548e+00,1.333952e+00,2.986658e+02
3.685369e+01,4.394063e+00,3.793477e+00,1.740231e+02
3.980281e+01,2.528497e+00,7.497611e-01,1.548835e+02
1.341290e+02,-8.380631e-01,1.802149e+00,9.784594e+03
1.103873e+01,-2.418999e+00,2.457509e+00,9.282278e+01
2.956092e+01,-1.621368e+00,1.763901e+00,1.422725e+02
4.130788e+01,1.284758e+00,2.832824e+00,1.831954e+02
1.086485e+02,-1.656374e-01,3.903546e+00,9.892493e+03
4.633927e+01,2.176662e-01,4.888978e+00,2.571983e+02
2.782453e+01,-5.167554e-01,1.126571e+00,1.955922e+02
3.800338e+01,2.002503e+00,2.549032e+00,1.550669e+02
4.449782e+01,-3.514147e-01,4.499617e+00,2.320083e+02
4.287684e+01,2.246812e+00,3.505751e+00,1.979771e+02
1.351038e+02,2.808059e-02,7.299271e-01,9.832603e+03
4.116028e+01,-7.440841e-01,2.940737e+00,1.971143e+02
1.170391e+02,1.403292e+00,1.893049e+00,9.884057e+03
6.122039e+01,-1.038176e+00,1.923922e+00,8.197490e+02
5.066230e+01,-2.589358e+00,7.819689e-01,3.416192e+02
4.733435e+01,-1.512269e+00,2.945375e+00,2.659668e+02
3.796781e+01,1.219649e+00,1.826228e+00,1.673358e+02
4.760150e+01,-2.714172e+00,2.016692e+00,2.746370e+02
3.705934e+01,9.996201e-01,1.516048e+00,1.768763e+02
1.016053e+02,1.455194e-01,1.949360e+00,9.909299e+03
2.925127e+01,-8.631243e-01,1.512723e+00,1.615912e+02
5.903511e+01,1.353616e-01,3.142830e+00,5.619367e+02
2.974317e+01,-2.003819e+00,5.528182e-01,1.550346e+02
1.107709e+02,-1.360719e+00,1.815351e+00,9.819833e+03
1.754773e+01,2.650711e-01,3.854551e+00,9.927021e+01
4.163752e+01,-2.360822e-01,1.487232e+00,2.719319e+02
1.165445e+02,-8.271820e-01,1.438876e+00,9.809194e+03
5.566455e+01,1.281296e+00,3.558526e+00,4.129970e+02
1.046127e+02,5.759025e-01,2.171684e+00,9.892222e+03
1.000039e+02,-7.374412e+00,4.087689e+00,9.847159e+03
3.016686e+01,-5.607377e-01,3.235676e+00,1.319372e+02
4.004653e+01,-1.515485e+00,1.928988e+00,2.034346e+02
4.217726e+01,2.870758e+00,4.321880e+00,2.068845e+02
2.547025e+01,-1.447953e+00,1.161774e+00,1.436013e+02
2.624850e+01,4.804653e-01,3.212444e+00,1.153540e+02
4.053701e+01,-6.873399e-01,3.782968e+00,1.910438e+02
1.218144e+01,-2.368490e+00,3.140377e+00,9.527616e+01
8.267336e+01,-3.450616e+00,3.998904e+00,9.983088e+03
5.597461e+01,2.558584e-01,3.994433e+00,4.360083e+02
3.299255e+01,-8.919306e-01,2.882632e+00,1.459878e+02
1.925425e+01,5.398755e-01,2.062619e+00,1.064182e+02
4.196786e+01,-2.104095e+00,3.530265e+00,2.090581e+02
2.193502e+01,1.426200e+00,3.174485e+00,1.029005e+02
1.394697e+02,2.074351e+00,5.965595e+00,9.848056e+03
1.376248e+02,-7.891350e-01,2.189490e+00,9.795706e+03
6.108806e+01,5.044747e-01,1.462890e+00,9.435072e+02
3.481327e+01,5.915032e-02,2.853535e+00,1.513587e+02
1.046599e+02,-1.766544e+00,3.691891e+00,9.874711e+03
3.435394e+01,-1.625806e+00,2.014234e+00,1.614005e+02
1.038509e+01,1.954068e+00,3.566835e+00,9.038005e+01
1.090291e+02,1.636213e+00,3.068634e+00,9.884837e+03
6.321081e+01,3.783346e+00,5.796990e-01,6.972135e+02
1.085406e+02,2.011244e+00,2.825006e+00,9.859534e+03
4.512546e+01,1.999914e-01,1.851476e+00,2.697147e+02
6.500658e+01,-3.996191e-01,2.533566e+00,1.153188e+03
4.392816e+01,1.158825e+00,1.134737e+00,2.452700e+02
1.969674e+01,5.784455e-01,3.992083e+00,1.032590e+02
9.359745e+01,2.330769e+00,3.632373e+00,9.794470e+03
8.015714e+01,3.971738e+00,8.820389e-01,8.805459e+03
1.143818e+02,-1.028653e+00,1.866423e+00,9.822382e+03
4.688396e+01,-1.254408e+00,2.816849e+00,2.607216e+02
1.178705e+02,-1.163319e+00,1.356624e+00,9.778750e+03
1.131453e+01,-6.578990e-01,3.546487e+00,9.165600e+01
3.132619e+01,-2.949271e+00,1.314570e+00,1.440234e+02
4.187236e+01,-2.441586e+00,2.071624e+00,2.097924e+02
1.387750e+02,1.872928e+00,2.382159e+00,9.912095e+03
5.865262e+01,-1.065999e+00,3.866554e+00,5.470545e+02
6.340179e+01,2.974887e+00,3.265712e+00,7.881773e+02
4.612529e+01,1.412265e+00,2.528178e+00,2.277585e+02
5.286884e+01,8.132744e-01,4.220887e+00,3.530335e+02
4.974095e+01,-2.510325e+00,2.001111e+00,3.094933e+02
3.799734e+01,6.980617e-01,2.266848e+00,1.709257e+02
3.916590e+01,-4.107066e+00,6.287992e+00,2.394008e+02
1.346724e+02,-1.162970e+00,1.399352e+00,9.752294e+03
3.482791e+01,1.179500e+00,1.995406e+00,1.478627e+02
1.958338e+01,1.164501e-02,8.391050e-01,2.098664e+02
4.721847e+01,2.372760e+00,1.572541e+00,2.230433e+02
1.182813e+02,1.577325e+00,2.849678e+00,9.899473e+03
4.348738e+01,6.485683e-01,4.185352e+00,2.140341e+02
2.567826e+01,4.811284e-01,2.929424e+00,1.137932e+02
1.182039e+02,-7.095064e-01,5.626645e+00,9.855429e+03
1.359164e+02,1.179560e+00,4.608085e+00,9.847436e+03
4.689511e+01,-6.243984e+00,1.987075e+00,3.126062e+02
4.479246e+01,1.587753e+00,1.909926e+00,2.126667e+02
6.535238e+01,1.221640e+00,2.399916e+00,1.110558e+03
2.089551e+01,-4.601011e-01,1.240457e+00,1.548425e+02
3.896109e+01,2.642569e-01,4.775740e+00,1.850278e+02
3.199425e+01,-1.117305e+00,3.550008e+00,1.416638e+02
5.876112e+01,8.328723e-01,4.498707e-01,1.011698e+03
6.687371e+01,-2.015833e+00,5.271532e-01,1.800731e+03
5.655639e+01,8.345644e-02,1.882455e+00,5.607767e+02
4.670570e+01,-8.768261e-01,1.103536e+00,3.876057e+02
6.601676e+01,-9.985386e-03,1.611375e+00,1.805992e+03
8.752638e+01,4.504018e-01,1.493880e+00,9.817555e+03
5.676808e+01,-9.590672e-01,1.471622e+00,6.319848e+02
4.056560e+01,-2.027537e+00,3.185340e+00,1.956548e+02
3.303594e+01,-1.650295e+00,2.157780e+00,1.523626e+02
5.655813e+01,-2.739133e+00,7.598638e-01,4.993734e+02
4.801584e+01,-1.007225e+00,4.755772e-01,5.203002e+02
2.140805e+01,3.702697e+00,3.199368e+00,1.081907e+02
2.898782e+01,-1.149908e+00,4.380464e+00,1.344130e+02
2.404735e+01,-8.652338e-01,4.149000e+00,1.165105e+02
2.804785e+01,-1.932868e+00,3.896017e+00,1.311338e+02
3.999437e+01,-1.677489e+00,2.616960e+00,1.916552e+02
2.294423e+01,-1.122861e+00,6.433638e+00,1.365483e+02
6.284516e+01,-9.812894e-01,2.647650e+00,8.609840e+02
2.895029e+01,-9.056036e-01,3.111371e+00,1.285984e+02
5.720934e+01,8.019134e-01,8.186113e-01,7.738816e+02
3.753010e+01,1.017227e+00,1.633286e+00,1.753944e+02
3.589601e+01,-7.850966e-02,1.433169e+00,2.186627e+02
4.852335e+01,-1.741207e+00,1.375070e+00,3.227279e+02
1.308638e+02,-2.212147e+00,4.028894e+00,9.796512e+03
4.332589e+01,-2.386112e+00,1.948634e+00,2.248132e+02
2.863054e+01,-1.084702e+00,2.411819e+00,1.318324e+02
6.207708e+01,-3.175338e-01,6.028132e+00,8.055708e+02
9.582248e+01,2.947888e-01,3.788786e+00,9.929361e+03
2.699053e+01,4.104990e+00,5.808736e+00,1.510308e+02
5.215301e+01,-3.251042e+00,1.889308e+00,3.546899e+02
4.032066e+01,2.667409e-01,2.054437e+00,2.031724e+02
5.704744e+01,8.643763e-01,3.362437e+00,4.627463e+02
6.311407e+01,-2.264565e-01,1.976308e+00,1.042748e+03
2.627357e+01,1.849555e-01,8.081952e-01,2.408335e+02
8.693826e+01,-1.142448e-01,1.134282e+00,9.969473e+03
6.773721e+01,6.512645e-01,1.860869e+00,2.012002e+03
1.295835e+02,-2.546597e+00,2.959788e+00,9.761370e+03
6.164654e+01,3.149348e+00,3.760478e+00,6.789654e+02
4.830059e+01,4.442854e-01,3.719395e+00,2.674609e+02
5.369585e+01,1.854476e+00,5.285728e+00,3.999378e+02
3.030769e+01,1.427157e+00,4.337935e+00,1.338918e+02
2.723888e+01,1.187265e+00,2.341377e+00,1.158474e+02
1.287449e+02,3.961390e+00,8.420365e-01,9.660877e+03
7.503126e+01,-8.031676e-01,2.805615e+00,1.012693e+04
1.166449e+02,-1.164710e+00,9.131659e-01,9.768454e+03
4.285272e+01,5.216808e+00,6.369433e+00,2.762409e+02
1.013182e+02,-2.309070e+00,3.403530e-01,9.905197e+03
1.831094e+01,1.347574e+00,8.749451e-01,1.131707e+02
3.533569e+01,1.978055e+00,1.189220e+00,1.398443e+02
3.346389e+01,-2.824661e+00,4.843263e+00,1.684071e+02
2.729092e+01,-1.387634e+00,6.889573e+00,1.574372e+02
2.700036e+01,1.529439e+00,5.656945e-01,1.282269e+02
2.341870e+01,-8.628689e-01,3.970378e+00,1.139045e+02
1.646629e+01,-1.702004e+00,3.258247e+00,9.973211e+01
5.386437e+01,1.031971e+00,3.369739e+00,3.656552e+02
1.350974e+02,2.560674e+00,2.587298e+00,9.910588e+03
5.333740e+01,1.634340e+00,1.476281e+00,3.558059e+02
4.740335e+01,4.364524e-01,4.531361e-01,6.646229e+02
4.154736e+01,-1.617506e+00,2.661724e+00,2.041931e+02
2.768514e+01,6.646154e-01,2.350558e+00,1.219137e+02
4.025029e+01,-1.150800e+00,9.817143e-01,2.722493e+02
7.112161e+01,-2.229519e+00,1.645965e+00,3.923255e+03
4.342630e+01,-1.844167e+00,1.422081e+00,2.438709e+02
6.394348e+01,-5.857193e-01,3.028123e+00,9.414404e+02
2.844892e+01,-1.055953e+00,4.762545e+00,1.354632e+02
5.135268e+01,-3.860331e+00,2.077683e+00,3.428355e+02
4.554874e+01,5.926793e-01,2.453463e+00,2.370416e+02
3.987239e+01,1.781420e-01,3.627776e+00,1.813194e+02
1.187990e+02,-3.653480e+00,2.428391e+00,9.766644e+03
4.597325e+01,2.274963e+00,1.027720e+00,2.089848e+02
4.791831e+01,-1.259306e+00,8.290095e-01,4.005531e+02
7.616305e+01,1.021429e+00,1.460865e+00,9.427151e+03
2.884227e+01,1.133264e+00,2.211830e+00,1.220261e+02
5.908820e+01,1.439438e+00,2.258577e+00,5.481091e+02
6.960773e+01,2.835125e+00,1.555969e+00,1.984251e+03
4.537426e+01,1.446465e+00,1.256260e+00,2.358158e+02
5.740776e+01,-1.137155e+00,2.550353e+00,5.212432e+02
5.927659e+01,1.759723e-01,2.848073e+00,5.852451e+02
6.166614e+01,3.596040e+00,2.380570e+00,6.339861e+02
6.558373e+01,-8.461159e-01,7.607435e-01,2.416228e+03
4.936118e+01,1.712067e+00,3.618658e+00,2.753879e+02
3.116820e+01,2.872342e-01,1.805797e+00,1.540773e+02
1.343725e+02,-3.901656e-01,4.339532e+00,9.828777e+03
5.285706e+01,-3.413092e+00,1.847943e-01,3.745638e+02
5.874955e+01,-4.039882e+00,2.566791e+00,5.754753e+02
4.117612e+01,1.188964e+00,1.228061e+00,2.096979e+02
2.559832e+01,5.497525e-01,2.565385e+00,1.147396e+02
2.968148e+01,-2.100382e-01,7.070489e-01,3.158563e+02
9.994558e+01,1.287271e+00,3.574840e+00,9.887886e+03
3.902156e+01,1.761425e+00,4.758221e+00,1.847885e+02
3.939385e+01,1.604874e+00,2.250247e+00,1.659670e+02
4.770164e+01,1.078188e+00,2.951767e+00,2.515142e+02
3.068235e+01,1.786298e+00,2.213406e+00,1.222887e+02
4.888934e+01,3.192446e-01,3.495959e+00,2.762012e+02
3.944564e+01,6.743351e-01,4.143265e+00,1.800724e+02
5.894288e+01,5.090028e-01,6.304342e+00,6.231860e+02
4.279807e+01,3.458840e+00,4.325336e+00,2.170908e+02
4.754141e+01,6.439569e+00,3.328079e+00,3.035437e+02
2.339925e+01,-1.176564e+00,4.182732e+00,1.160351e+02
4.811559e+01,-1.702595e+00,1.297505e+00,3.213469e+02
1.199160e+02,-2.574773e+00,3.447140e+00,9.785513e+03
3.360806e+01,-1.144658e+00,4.088744e+00,1.517974e+02
5.001532e+01,5.088453e-01,1.384135e+00,3.994684e+02
1.921597e+01,-9.905411e-01,1.811930e+00,1.149431e+02
2.286851e+01,3.342286e+00,5.631645e+00,1.319370e+02
3.653408e+01,1.456840e+00,2.980620e+00,1.514557e+02
4.887331e+01,-3.512909e-01,2.192093e+00,3.123133e+02
5.436645e+01,-1.073952e+00,3.302645e-01,7.801022e+02
2.193628e+01,2.752831e-01,2.022932e+00,1.154191e+02
1.160680e+02,-7.059885e-01,1.020871e+00,9.801125e+03
1.017264e+02,4.466832e-01,1.877442e+00,9.888297e+03
1.526450e+01,-5.223393e-01,8.134129e-01,1.808234e+02
5.770812e+01,4.424475e-01,4.521499e+00,5.043833e+02
1.018159e+02,2.492082e+00,2.162399e+00,9.673586e+03
2.107074e+01,-3.640390e+00,9.893377e-01,1.115929e+02
5.786256e+01,2.078020e+00,1.899663e+00,4.648674e+02
1.387383e+02,2.367163e+00,2.393563e+00,9.913361e+03
4.158830e+01,1.870986e+00,1.501834e+00,1.789146e+02
1.675251e+01,1.738940e+00,1.584909e+00,9.450242e+01
5.123633e+01,3.037148e+00,7.432946e+00,4.176030e+02
1.121041e+02,3.218333e+00,6.642800e+00,9.877088e+03
7.492259e+01,-1.000934e+00,5.246225e+00,1.001564e+04
1.269730e+02,-4.061310e-01,1.109196e+00,9.799566e+03
2.489829e+01,-2.400036e+00,8.066763e-01,1.255824e+02
5.792645e+01,-3.872718e-01,2.005348e+00,6.137255e+02
4.698649e+01,-2.345982e-01,2.952780e+00,2.564085e+02
4.780538e+01,-1.579522e+00,1.878747e+00,2.944600e+02
3.319572e+01,-1.128989e-01,3.476206e+00,1.432069e+02
3.998144e+01,1.418075e+00,2.822964e+00,1.723101e+02
4.821095e+01,3.690463e+00,2.414211e+00,2.458656e+02
1.404529e+01,-2.448604e-01,1.783131e+00,1.098153e+02
3.197253e+01,8.596773e-01,1.209250e+00,1.676907e+02
5.967805e+01,1.548492e-01,2.150836e+00,6.786271e+02
4.051419e+01,-1.802915e+00,8.202126e-01,2.336361e+02
3.785255e+01,-2.578322e+00,2.688313e+00,1.774035e+02
1.221369e+02,1.919674e+00,1.852539e+00,9.877345e+03
6.273116e+01,6.950416e-01,1.336817e+00,1.135616e+03
4.681126e+01,-1.480224e+00,5.495107e-01,3.670886e+02
5.609645e+01,1.848153e+00,2.200889e+00,4.114465e+02
5.678119e+01,9.803679e-01,1.705677e+00,5.181427e+02
9.560467e+01,-1.152974e+00,1.880308e+00,9.957816e+03
1.340088e+02,-1.993472e+00,2.430170e+00,9.758482e+03
1.373646e+02,-2.797585e+00,3.771608e+00,9.775796e+03
5.350590e+01,-2.851024e+00,3.186393e+00,3.861428e+02
4.310956e+01,-2.431756e+00,1.702946e+00,2.244646e+02
6.551580e+01,-6.343000e-01,4.004803e+00,1.089267e+03
3.354252e+01,1.274699e-01,2.099991e+00,1.573330e+02
3.179024e+01,6.793357e-01,2.588116e+00,1.345939e+02
4.017709e+01,-7.376382e-01,4.442778e+00,1.936555e+02
6.357786e+01,-1.137053e+00,8.638493e-01,1.494929e+03
1.056442e+01,-1.140299e+00,2.674021e+00,9.127637e+01
5.300273e+01,5.282713e-01,1.774009e+00,4.200620e+02
2.259307e+01,-7.224436e-01,1.511081e+00,1.378140e+02
1.189750e+02,9.813667e-01,1.008467e+00,9.862819e+03
5.039568e+01,4.417747e-01,1.270927e+00,4.406113e+02
2.753687e+01,-6.076321e+00,1.964387e+00,1.543212e+02
6.074127e+01,1.661680e-01,7.283238e-01,1.730421e+03
6.221370e+01,1.893493e+00,2.330191e+00,7.093350e+02
3.450030e+01,-1.512896e+00,2.694412e+00,1.555966e+02
3.398310e+01,-1.315826e-01,1.555366e+00,1.929527e+02
5.168800e+01,-2.086429e+00,1.177432e+00,3.777931e+02
1.165700e+02,7.225562e-02,4.091855e+00,9.869587e+03
3.772334e+01,2.072110e-01,1.829200e+00,1.945000e+02
1.226975e+02,-2.734899e+00,2.120060e+00,9.750571e+03
4.308974e+01,-1.433867e+00,4.965548e+00,2.303299e+02
3.387204e+01,1.349510e+00,1.656674e+00,1.439730e+02
1.053377e+02,1.053359e+00,2.066611e+00,9.863298e+03
5.319059e+01,-4.106036e+00,2.840042e+00,3.936122e+02
1.398232e+02,6.552778e-01,3.312242e+00,9.840991e+03
7.732734e+01,-1.702203e+00,2.151318e+00,1.017717e+04
1.817223e+01,-1.640685e+00,2.549593e+00,1.025577e+02
1.396409e+02,-1.674991e+00,4.111293e+00,9.807007e+03
3.967251e+01,-2.291142e+00,1.805438e+00,1.939791e+02
1.280907e+02,-1.015941e+00,2.619329e+00,9.806833e+03
9.046289e+01,1.263689e-01,1.045189e+00,9.872711e+03
4.611105e+01,7.006574e-02,3.809364e+00,2.414811e+02
9.520209e+01,1.836040e+00,2.057970e+00,9.665372e+03
4.664322e+01,-1.464668e+00,1.454016e+00,3.007069e+02
5.611987e+01,2.336479e+00,7.314201e-01,3.906174e+02
5.766323e+01,6.819286e-01,5.146692e+00,5.202060e+02
2.852464e+01,3.752331e-01,2.101599e+00,1.320684e+02
2.056903e+01,2.798312e+00,1.788693e+00,9.567183e+01
1.278906e+02,1.920804e-01,2.625702e+00,9.849986e+03
6.108128e+01,1.372008e+00,2.759896e+00,6.495724e+02
4.631736e+01,-1.112546e-01,2.405814e+00,2.597020e+02
5.943289e+01,-1.349558e+00,1.754364e+00,6.903941e+02
1.066985e+02,-3.582452e-01,4.783667e+00,9.892921e+03
3.771107e+01,-1.928020e+00,9.959421e-01,1.986536e+02
5.114301e+01,-1.631191e+00,6.730259e+00,3.927132e+02
4.918684e+01,1.740258e+00,5.603776e+00,3.146526e+02
1.630242e+01,-2.102177e+00,4.319128e+00,1.058231e+02
1.296305e+02,-9.517992e-01,2.098251e+00,9.792618e+03
1.895177e+01,4.264679e-01,3.915315e-01,2.649356e+02
9.218563e+01,-3.476592e+00,2.049543e+00,9.936626e+03
5.062484e+01,5.344184e-01,2.569121e+00,3.122853e+02
1.332626e+02,9.347079e-02,4.128005e+00,9.834656e+03
3.788681e+01,2.993590e+00,4.787609e+00,1.827414e+02
1.210849e+02,-6.175931e-01,3.444975e+00,9.847147e+03
1.093869e+02,-2.697917e+00,9.064039e-01,9.823627e+03
3.309748e+01,-1.321949e+00,2.875352e+00,1.474499e+02
4.998302e+01,-2.139593e+00,3.852082e+00,3.122439e+02
6.141056e+01,3.480396e+00,8.205601e-01,5.808141e+02
6.395965e+01,2.590833e+00,3.774268e+00,8.579811e+02
6.000435e+01,5.067111e-01,2.359396e+00,6.522391e+02
3.728865e+01,6.345125e-01,8.238749e-01,2.647177e+02
7.856113e+01,-1.432504e+00,2.249006e+00,1.015455e+04
6.302411e+01,6.942026e-01,4.954747e-01,1.803011e+03
4.320900e+01,1.300889e+00,1.785463e+00,2.071577e+02
1.043354e+01,-1.899346e+00,2.351491e+00,9.177495e+01
4.719837e+01,-1.550597e+00,3.075606e+00,2.634959e+02
4.424124e+01,-2.161944e+00,6.382571e-01,2.600421e+02
4.699964e+01,-1.627379e+00,2.393294e+00,2.678096e+02
5.156026e+01,2.023148e+00,2.180651e+00,2.966364e+02
5.535051e+01,-1.973200e+00,3.273156e+00,4.305247e+02
5.112546e+01,-3.980879e-01,1.064410e+00,5.849137e+02
1.249386e+02,-1.745788e+00,2.020450e+00,9.759085e+03
6.287850e+01,3.940862e-01,1.064029e+00,1.501737e+03
4.168821e+01,-2.332413e+00,1.452416e+00,2.145628e+02
4.517845e+01,4.918385e-01,1.933464e+00,2.549120e+02
5.677505e+01,-7.455484e-01,2.254301e+00,5.226416e+02
5.839029e+01,-1.750006e+00,3.433798e+00,5.394342e+02
3.971375e+01,4.058820e+00,4.199429e+00,1.951830e+02
1.450590e+01,-1.678076e-01,1.564645e+00,1.195431e+02
5.476401e+01,3.656969e+00,2.223809e+00,3.593978e+02
1.290089e+02,4.874816e-01,1.615344e+00,9.872867e+03
2.244509e+01,4.760945e+00,3.014288e+00,1.172606e+02
1.058339e+01,4.442387e-03,2.756635e+00,9.020284e+01
3.278201e+01,8.309080e-02,2.080496e+00,1.545169e+02
1.377166e+02,4.771767e-01,3.216492e+00,9.839246e+03
4.505531e+01,-1.184119e+00,9.328294e-01,3.425877e+02
4.025217e+01,2.171625e+00,2.214646e+00,1.663744e+02
4.985927e+01,5.942497e+00,2.464572e+00,3.152085e+02
3.524403e+01,-2.290430e+00,2.570737e+00,1.608782e+02
5.128060e+01,-9.344829e-01,1.846343e+00,3.838334e+02
1.272293e+02,2.084519e+00,1.467026e+00,9.859834e+03
2.187093e+01,5.709145e-01,1.026541e+00,1.569649e+02
4.631870e+01,-7.818407e-01,1.142508e+00,3.829118e+02
1.305816e+02,-2.142678e-01,2.002227e+00,9.826355e+03
3.571869e+01,2.490705e+00,1.807787e+00,1.375216e+02
4.930729e+01,-6.371878e-01,3.171623e+00,2.909984e+02
4.245184e+01,-2.459575e+00,5.343683e+00,2.383369e+02
2.647388e+01,-9.745865e-01,2.601402e+00,1.225912e+02
4.970517e+01,-2.610250e+00,9.413501e-01,3.205127e+02
2.687762e+01,-1.974330e+00,5.161044e-01,1.440264e+02
5.622654e+01,2.269671e+00,1.658771e-01,3.977382e+02
1.313925e+02,-2.158451e+00,3.030390e+00,9.772517e+03
4.365864e+01,-7.826584e-01,2.109003e+00,2.411609e+02
6.063157e+01,-9.259024e-01,1.455632e+00,9.055987e+02
5.067293e+01,1.623959e+00,2.899110e+00,2.902656e+02
4.737144e+01,-4.609227e+00,2.698556e+00,2.918340e+02
5.201063e+01,1.034789e+00,2.191272e+00,3.369245e+02
4.712072e+01,-1.773320e-01,5.885582e-01,7.871447e+02
5.046975e+01,-1.784523e+00,9.567165e-01,3.813343e+02
3.811398e+01,3.392447e+00,1.410336e+00,1.482119e+02
4.236623e+01,-2.903362e+00,3.230878e+00,2.164095e+02
3.119512e+01,-2.046288e+00,2.127364e+00,1.425672e+02
3.663691e+01,-3.309787e+00,3.203198e+00,1.759028e+02
6.057751e+01,8.046713e-01,3.368071e+00,6.259784e+02
4.335160e+01,2.218787e+00,5.103997e+00,2.288268e+02
5.306360e+01,8.585455e-01,1.873669e+00,3.881331e+02
2.521901e+01,3.176831e-01,3.751424e+00,1.146124e+02
3.802411e+01,-2.821428e+00,3.467837e+00,1.827902e+02
3.587883e+01,-4.865315e+00,1.816651e+00,1.798734e+02
5.336292e+01,1.366576e+00,1.493785e+00,3.778070e+02
5.302789e+01,3.426459e-01,1.225853e+00,5.557561e+02
3.119048e+01,-1.639705e-01,3.555759e+00,1.349453e+02
5.311470e+01,1.179630e+00,3.143258e+00,3.454383e+02
5.640446e+01,-9.555077e-01,9.044983e-01,7.814023e+02
5.129230e+01,-2.111867e+00,4.401234e+00,3.440817e+02
1.069731e+01,-5.489555e-01,4.348139e-01,2.253679e+02
8.431612e+01,5.217401e-01,1.461030e+00,9.766276e+03
7.724520e+01,-1.343934e+00,4.565315e+00,1.003701e+04
2.423507e+01,-1.897814e+00,2.694077e+00,1.163535e+02
5.813343e+01,-2.696561e+00,1.763690e+00,5.451620e+02
4.639139e+01,6.906378e-01,1.707655e+00,2.772973e+02
2.863485e+01,1.502054e+00,3.977590e+00,1.247844e+02
7.206258e+01,2.591207e-01,1.394450e+00,9.820550e+03
1.101807e+02,3.199340e+00,2.078833e+00,9.682817e+03
4.884670e+01,3.832104e+00,3.098140e+00,2.680976e+02
6.430778e+01,3.476876e-01,1.234744e+00,1.644865e+03
1.288967e+02,-7.305098e-01,5.972105e+00,9.836217e+03
2.552848e+01,-2.760370e+00,4.139631e+00,1.290868e+02
6.746436e+01,-3.560272e+00,2.606325e+00,1.447025e+03
4.970252e+01,1.545418e+00,2.384940e+00,2.746592e+02
4.953027e+01,-7.069618e-01,4.862728e+00,3.077559e+02
5.518343e+01,6.529100e-01,2.513703e+00,4.221544e+02
4.218527e+01,1.173945e+00,8.474582e-01,2.382571e+02
6.156145e+01,-1.731568e+00,3.142268e+00,7.174731e+02
3.867878e+01,-1.057796e+00,5.116206e+00,1.925732e+02
4.972956e+01,2.707064e+00,2.034682e+00,2.572847e+02
1.381957e+02,-1.384269e+00,2.058929e+00,9.766935e+03
6.187190e+01,-1.547947e+00,3.079551e+00,7.427159e+02
5.535784e+01,2.551783e+00,1.326180e+00,3.635290e+02
3.583851e+01,1.071744e+00,2.021528e+00,1.549444e+02
1.278170e+02,7.301242e-01,1.263645e+00,9.893763e+03
1.738379e+01,2.316743e+00,1.122999e+00,9.177269e+01
4.732034e+01,-4.443755e-01,2.490106e+00,2.732087e+02
4.263440e+01,-1.650075e-01,1.009594e+00,3.887960e+02
2.804615e+01,-2.195927e+00,4.472021e+00,1.367601e+02
5.356616e+01,-1.086077e-01,3.914137e+00,3.714926e+02
2.935540e+01,-2.277001e+00,2.703056e+00,1.336265e+02
2.691183e+01,2.516826e+00,3.313423e+00,1.158060e+02
5.035630e+01,-2.795109e-01,5.143383e+00,3.257093e+02
1.144682e+02,5.848536e-01,3.719273e+00,9.882149e+03
5.828521e+01,2.705754e+00,1.814590e+00,4.602335e+02
3.880110e+01,-1.559060e+00,4.164499e+00,1.851163e+02
6.994442e+01,-1.026723e+00,7.451536e-02,6.849446e+03
4.725261e+01,-3.775552e+00,5.195135e+00,3.112852e+02
5.218758e+01,6.027654e-01,3.099788e+00,3.334528e+02
1.488334e+01,-7.456203e-02,2.666047e+00,9.553761e+01
3.515897e+01,2.046334e-01,4.255824e+00,1.561134e+02
2.858055e+01,-1.199163e+00,3.935697e+00,1.301757e+02
4.890766e+01,-1.839341e+00,3.187881e-01,3.681440e+02
2.307694e+01,-9.064404e-01,3.220349e+00,1.110507e+02
3.823088e+01,4.014401e+00,5.503759e+00,2.043850e+02
3.671617e+01,-6.456524e-01,2.294045e+00,1.745437e+02
3.808938e+01,-2.937634e+00,3.124475e+00,1.820904e+02
5.880155e+01,-1.474901e+00,3.225062e+00,5.589683e+02
9.459736e+01,-5.531286e-01,1.182800e+00,9.975505e+03
3.252742e+01,-2.162535e+00,8.547874e-01,1.608258e+02
9.142616e+01,-1.508132e-01,1.440582e+00,9.962063e+03
2.626911e+01,1.482981e+00,2.324217e+00,1.110682e+02
4.896089e+01,-3.893169e+00,6.363657e+00,3.669386e+02
5.224456e+01,2.211490e+00,2.269455e+00,3.070599e+02
1.112156e+02,-1.587871e+00,1.148396e+00,9.792313e+03
6.728025e+01,-5.807990e-01,2.219416e+00,1.752903e+03
4.173888e+01,-2.043478e+00,3.845764e+00,2.087048e+02
1.301380e+02,-1.517120e+00,3.795582e+00,9.811802e+03
4.345220e+01,7.977997e-01,1.733980e+00,2.323017e+02
5.115127e+01,1.188867e+00,1.468037e+00,3.421135e+02
4.243654e+01,3.060872e-01,2.097276e+00,2.203555e+02
6.760211e+01,-3.403851e+00,6.718684e+00,1.643438e+03
5.317586e+01,-1.459714e+00,3.301048e+00,3.702349e+02
4.163803e+01,-9.860124e-02,2.755258e+00,1.999408e+02
4.425231e+01,2.473610e-01,2.019526e+00,2.457114e+02
5.429397e+01,3.631454e+00,3.604023e+00,3.811956e+02
6.407926e+01,1.815573e-01,2.322935e+00,1.051229e+03
1.312959e+02,2.051557e-01,8.185653e-01,9.857704e+03
5.073519e+01,-1.445314e+00,2.447627e-01,4.890407e+02
7.640926e+01,1.511768e-01,2.383795e+00,9.972677e+03
2.912672e+01,-6.046940e+00,7.861292e+00,2.111272e+02
6.323766e+01,-1.321792e+00,3.023824e+00,8.625017e+02
1.082114e+02,2.852106e+00,1.294598e+00,9.532681e+03
4.148756e+01,3.448250e+00,1.207176e+00,1.674970e+02
3.618545e+01,-2.186590e+00,2.842903e+00,1.658243e+02
3.064456e+01,-1.002012e+00,3.174246e+00,1.352487e+02
1.232630e+02,-3.762322e+00,3.053666e+00,9.759086e+03
2.663536e+01,-3.092569e+00,1.691336e+00,1.258436e+02
8.781595e+01,1.246287e+00,1.180438e+00,9.430055e+03
1.290973e+02,1.038601e+00,5.269173e+00,9.849650e+03
6.685689e+01,-4.923254e-01,3.917257e+00,1.309314e+03
5.659928e+01,3.386848e+00,1.056135e+00,3.863298e+02
6.501245e+01,7.181168e+00,4.663270e+00,1.194079e+03
1.155580e+02,8.349299e-01,2.824839e+00,9.890147e+03
1.121576e+01,-3.898093e-01,3.499425e+00,9.105873e+01
3.307526e+01,-5.297248e-01,1.779163e+00,1.719322e+02
6.433690e+01,-1.579648e+00,2.390424e-01,1.514963e+03
4.940202e+01,-7.519374e-01,3.744165e+00,2.921273e+02
2.871249e+01,1.703589e+00,2.783547e+00,1.176438e+02
4.740007e+01,4.494796e+00,1.288164e+00,2.334495e+02
3.174958e+01,2.865183e+00,1.023272e+00,1.184726e+02
5.198770e+01,-8.823485e-01,1.933640e+00,3.947081e+02
2.494065e+01,4.776996e+00,3.152241e+00,1.241175e+02
2.861096e+01,-2.224214e+00,1.670706e+00,1.343303e+02
6.585575e+01,2.094583e+00,3.975898e+00,1.089687e+03
4.357966e+01,-1.301854e+00,2.554309e+00,2.251563e+02
7.805563e+00,9.846112e-02,1.601810e+00,1.086658e+02
2.805141e+01,1.095803e+00,1.173740e+00,1.396833e+02
1.372406e+02,6.484180e-01,4.376360e-01,9.904137e+03
2.424780e+01,2.605850e+00,4.104732e+00,1.159903e+02
9.415858e+01,1.973571e-01,1.411750e+00,9.889086e+03
9.978001e+01,3.144449e+00,1.596988e+00,9.423235e+03
1.217888e+02,2.782119e+00,1.120565e+00,9.699587e+03
4.909163e+01,-8.299302e-01,1.515294e+00,3.762352e+02
2.709780e+01,-3.913624e+00,2.671383e+00,1.335760e+02
4.321751e+01,-4.298415e+00,2.363537e+00,2.336849e+02
1.492764e+01,4.552727e+00,4.737008e-01,9.491486e+01
4.895889e+01,-4.934257e-01,3.216871e+00,2.841978e+02
1.225222e+02,6.602353e-01,1.727724e+00,9.886388e+03
8.912617e+01,-1.137406e+00,6.314778e+00,9.937111e+03
7.400520e+01,2.974054e-01,1.389318e+00,9.803181e+03
3.260932e+01,-3.944837e-01,1.645729e+00,1.778213e+02
4.920971e+01,1.991708e+00,2.592725e+00,2.607262e+02
6.962629e+01,-2.535446e+00,3.223705e+00,2.121081e+03
2.523032e+01,4.087299e+00,1.345170e+00,1.082095e+02
8.947381e+01,4.223940e-01,7.711478e-01,9.675735e+03
2.855353e+01,-1.714036e+00,2.688183e+00,1.297156e+02
4.551202e+01,-1.104279e+00,3.598372e+00,2.400799e+02
2.748354e+01,2.230570e+00,1.842576e+00,1.099134e+02
3.655546e+01,4.688065e+00,1.526719e+00,1.536111e+02
1.195854e+02,1.619861e+00,4.864513e+00,9.877799e+03
6.157373e+01,-1.906265e+00,2.369935e+00,7.451069e+02
5.958700e+01,-1.980341e+00,5.130143e-01,7.471298e+02
3.335866e+01,-5.158192e-01,3.759741e+00,1.463384e+02
3.386040e+01,-8.942137e-02,2.534712e+00,1.508520e+02
1.042933e+02,-2.221631e+00,1.996532e+00,9.835387e+03
2.670524e+01,-2.090556e+00,4.535628e+00,1.321410e+02
2.406050e+01,-2.193336e+00,2.892651e+00,1.165208e+02
1.959167e+01,1.370627e+00,2.635384e+00,9.764321e+01
1.050170e+02,1.755470e+00,1.048873e+00,9.585280e+03
8.475333e+00,3.834516e-01,2.270070e+00,9.148781e+01
2.766543e+01,-8.082708e-01,4.953151e+00,1.337416e+02
1.266093e+02,1.785110e+00,2.060553e+00,9.906262e+03
3.398837e+01,-2.647871e+00,1.790398e+00,1.561012e+02
1.040176e+02,3.803562e+00,2.621438e+00,9.640964e+03
3.472611e+01,-1.680088e+00,1.749975e+00,1.675962e+02
4.858699e+01,2.906922e+00,4.414236e+00,2.826606e+02
3.272983e+01,7.976909e-01,5.661778e+00,1.602957e+02
4.992580e+01,-6.417253e-01,3.632381e+00,2.998671e+02
1.279131e+02,2.267542e+00,4.668910e+00,9.884227e+03
1.049667e+01,2.347943e+00,1.915721e+00,8.615086e+01
1.038020e+02,-6.410249e-01,2.728548e+00,9.911816e+03
3.074035e+01,7.729000e-02,2.342544e+00,1.385617e+02
5.815084e+01,-3.358003e-01,1.330856e+00,8.387112e+02
6.205989e+01,1.552076e+00,2.153411e+00,7.291968e+02
1.382689e+02,1.397526e+00,2.444091e-01,9.867997e+03
1.295893e+02,-1.646943e+00,2.263209e+00,9.765956e+03
2.287261e+01,1.447087e+00,1.881825e+00,1.052958e+02
1.307697e+02,3.815213e+00,6.622929e-01,9.671376e+03
9.770030e+00,2.024631e-01,3.232189e+00,8.866552e+01
4.827816e+01,1.222514e+00,2.323744e+00,2.610323e+02
2.422664e+01,-1.673733e+00,2.170337e+00,1.185109e+02
4.328279e+01,-2.660603e+00,3.659224e+00,2.263260e+02
2.771071e+01,-8.370045e-01,7.904005e-01,2.136898e+02
3.045287e+01,-9.613710e-01,8.900934e+00,2.000471e+02
2.755959e+01,1.405646e+00,1.828269e+00,1.176286e+02
2.231967e+01,2.127391e+00,9.935212e-01,1.001879e+02
3.195779e+01,1.856546e+00,1.615327e+00,1.266974e+02
3.576512e+01,1.038280e+00,4.718325e+00,1.631741e+02
5.013297e+01,-3.731882e-01,1.752097e+00,3.803528e+02
8.395967e+01,9.081611e-01,1.365385e+00,9.570968e+03
6.400982e+01,2.719558e+00,9.783975e-01,8.043474e+02
4.640744e+01,7.469664e-01,8.628583e-01,3.713252e+02
8.050138e+01,1.564298e+00,2.532189e+00,9.633617e+03
1.142496e+02,2.097992e+00,2.298212e-01,9.536453e+03
6.779110e+01,3.586176e+00,1.905611e+00,1.327361e+03
2.512337e+01,2.823938e+00,1.370747e+00,1.023861e+02
4.181485e+01,-3.387019e+00,2.495833e+00,2.115984e+02
1.200094e+02,1.904198e+00,1.924521e+00,9.872758e+03
4.196268e+01,9.778583e-01,1.564255e+00,2.157873e+02
4.687698e+01,1.703735e+00,4.299973e+00,2.516137e+02
3.579427e+01,-5.115805e-03,1.212528e+00,2.460807e+02
4.178617e+01,5.069065e-01,3.452350e+00,1.939482e+02
6.749966e+01,9.337318e-01,1.834019e+00,1.829307e+03
3.218671e+01,2.899174e+00,1.084649e+00,1.201058e+02
4.566245e+01,-1.440320e+00,4.221527e+00,2.482730e+02
5.791303e+01,-1.527710e+00,2.757028e-01,7.858652e+02
2.252330e+01,3.063120e+00,1.166101e+00,9.747370e+01
1.259652e+02,3.582578e+00,2.272242e+00,9.815458e+03
1.096389e+02,-1.435930e+00,1.563010e+00,9.815159e+03
2.762599e+01,2.340246e+00,1.025126e+00,1.088882e+02
6.297468e+01,8.936215e-01,2.203778e+00,8.768572e+02
4.869488e+01,-1.592091e+00,2.148191e+00,2.996198e+02
3.304229e+01,-5.368358e+00,5.615646e+00,1.997130e+02
4.361344e+01,-5.668154e-01,4.843793e-01,5.802310e+02
1.220494e+02,-1.438141e+00,1.880478e+00,9.772510e+03
1.721147e+01,-9.482199e-01,2.584786e+00,1.006221e+02
3.258644e+01,-2.962306e+00,9.364342e-01,1.506071e+02
4.276644e+01,4.856189e-01,2.770298e+00,2.042798e+02
3.369481e+01,4.769787e+00,1.625403e+00,1.420899e+02
2.942116e+01,6.652783e-01,2.291862e+00,1.284920e+02
2.752133e+01,8.064357e-01,2.245604e+00,1.211217e+02
5.747671e+01,6.085876e-01,7.368987e-01,9.446824e+02
4.899333e+01,-5.228461e-01,2.039071e+00,3.254996e+02
4.288914e+01,1.594025e+00,4.753381e+00,2.159307e+02
5.129192e+01,2.656207e+00,2.333428e+00,2.862399e+02
4.261589e+01,-2.278547e+00,1.760623e+00,2.203875e+02
6.877780e+01,-2.007318e+00,2.046757e+00,2.071607e+03
2.469443e+01,-3.958289e-01,1.684605e+00,1.392697e+02
1.115848e+01,8.474550e-01,3.617021e+00,9.031293e+01
1.227240e+02,3.392137e+00,2.222195e+00,9.803164e+03
3.498059e+01,-5.697028e-01,2.209320e+00,1.660280e+02
1.167357e+02,1.533620e+00,6.498162e-01,9.721105e+03
2.517096e+01,2.014030e-01,7.547275e+00,1.552052e+02
3.116545e+01,1.140363e+00,2.933735e+00,1.284307e+02
1.207531e+02,2.399151e+00,1.177139e+00,9.738428e+03
1.207762e+02,-5.242224e-01,1.858337e+00,9.828846e+03
3.608756e+01,1.192835e+00,5.460608e+00,1.757296e+02
2.425946e+01,-1.007783e+00,7.269804e-01,1.841055e+02
2.137430e+01,3.932472e+00,2.421669e+00,1.046875e+02
9.308244e+00,-1.275767e+00,5.460269e-01,1.273011e+02
4.585952e+01,1.630579e-01,4.047550e+00,2.398307e+02
9.382946e+01,1.247572e+00,1.471138e+00,9.637160e+03
3.508273e+01,-1.395475e+00,2.484275e+00,1.603657e+02
2.529139e+01,-1.183607e+00,1.451357e+00,1.404547e+02
4.942185e+01,-1.894693e+00,2.277256e+00,3.053663e+02
4.897299e+01,1.023541e+00,2.497229e+00,2.739519e+02
1.029388e+02,-5.745808e-01,3.815355e-01,9.886605e+03
2.832020e+01,2.122422e+00,8.586876e-01,1.132247e+02
5.332170e+01,-1.388580e+00,9.620708e-01,5.130617e+02
4.587268e+01,-3.594986e-01,1.396344e+00,3.500059e+02
1.068310e+02,-7.213149e-01,2.198707e+00,9.887650e+03
4.408700e+01,1.500439e+00,3.276927e+00,2.081252e+02
4.612898e+01,-2.686582e+00,1.145604e+00,2.614116e+02
5.894257e+01,2.294493e+00,7.590762e-01,4.983407e+02
4.826725e+01,5.635405e-01,1.555753e+00,3.314722e+02
6.701327e+01,1.811490e+00,4.589276e+00,1.304063e+03
3.685999e+01,6.821289e-01,1.907837e+00,1.728079e+02
3.640554e+01,-2.704108e+00,3.850342e+00,1.742982e+02
4.407510e+01,1.916155e+00,2.236401e+00,1.990753e+02
6.224355e+01,-3.074507e+00,2.408340e+00,7.697144e+02
2.621308e+01,-3.976620e+00,5.862148e+00,1.562355e+02
2.075534e+01,1.231844e+00,1.474029e+00,1.092145e+02
3.312298e+01,-6.960380e-01,2.357268e+00,1.524175e+02
5.737257e+01,2.439534e+00,1.727048e+00,4.322194e+02
4.019966e+01,5.042343e-02,1.722714e+00,2.268440e+02
2.983649e+01,5.981179e-02,1.879864e+00,1.482369e+02
3.006038e+01,3.608886e+00,2.368791e+00,1.228031e+02
3.550136e+01,-1.666739e+00,4.856363e-01,2.081663e+02
1.523877e+01,1.969963e+00,3.136334e+00,9.271081e+01
1.074552e+02,-1.259524e+00,2.859125e+00,9.870873e+03
4.655185e+01,-1.295319e+00,1.618415e+00,2.966204e+02
1.271747e+02,2.337555e+00,3.939047e+00,9.898536e+03
4.036461e+01,2.749645e-01,1.406523e+00,2.528745e+02
1.183107e+02,-1.319554e+00,8.297702e-01,9.756356e+03
3.006868e+01,-4.730102e-01,2.037125e+00,1.461154e+02
2.859202e+01,-8.769866e-01,1.741087e+00,1.480228e+02
1.199091e+02,6.930379e-01,2.602192e+00,9.883037e+03
1.020096e+02,-1.441960e+00,1.345639e+00,9.874225e+03
1.192322e+02,2.157468e+00,5.124818e-01,9.642643e+03
1.598826e+01,2.204595e+00,1.244063e+00,9.093699e+01
4.938714e+01,-1.023102e+00,2.228098e+00,3.164270e+02
1.362897e+02,3.652496e-01,1.824304e+00,9.852116e+03
5.046459e+01,3.180594e+00,2.468216e+00,2.748692e+02
2.888712e+01,-2.763566e-01,1.317126e+00,1.848228e+02
3.946607e+01,1.291270e+00,2.372248e+00,1.702465e+02
9.954141e+01,-3.761365e-01,2.197416e+00,9.937685e+03
3.445266e+01,-2.636901e+00,3.220395e+00,1.588911e+02
5.133056e+01,1.026161e+00,8.175668e-01,4.309981e+02
9.541939e+01,-2.236815e+00,5.440007e+00,9.908998e+03
4.652837e+01,-3.479448e+00,1.988386e+00,2.615007e+02
1.039153e+02,-7.466993e-01,8.641197e-01,9.875578e+03
4.662179e+01,2.150463e+00,6.284305e-01,2.195951e+02
5.382404e+01,-1.413601e+00,3.184077e+00,3.867759e+02
4.889689e+01,1.094462e+00,3.517206e+00,2.704561e+02
6.745747e+01,1.011210e-01,1.251911e+00,2.882755e+03
6.849720e+01,-8.544399e-01,9.635900e-01,3.726069e+03
6.292027e+01,-4.333422e+00,5.063206e+00,9.205531e+02
5.479807e+01,1.111889e+00,4.765795e+00,4.123751e+02
2.861634e+01,3.791049e+00,9.962471e-01,1.129332e+02
6.232607e+01,-1.301258e+00,4.165499e+00,7.668260e+02
5.944285e+01,-8.759374e-01,1.386034e+00,8.384253e+02
9.498312e+01,-9.762093e-01,1.125761e+00,9.972654e+03
2.001972e+01,-2.566386e-02,5.208432e+00,1.140958e+02
4.497772e+01,2.448324e+00,2.551351e+00,2.064913e+02
6.223503e+01,-2.291510e+00,9.043801e-01,8.754734e+02
5.338308e+01,-1.366133e-01,2.529803e+00,3.886276e+02
1.394775e+02,1.978775e+00,3.025483e+00,9.900359e+03
3.031779e+01,2.829650e-02,2.481017e+00,1.348786e+02
4.888835e+01,-8.773943e-01,2.460735e+00,2.991853e+02
8.664788e+01,1.494321e+00,6.711492e-01,9.073961e+03
5.381501e+01,1.529475e+00,3.308098e+00,3.585472e+02
1.162733e+02,-2.976831e+00,7.619118e+00,9.837218e+03
4.267853e+01,3.636516e+00,8.646138e-01,1.753075e+02
4.836978e+01,2.260754e+00,3.635556e+00,2.605848e+02
5.913385e+01,-1.471640e-01,7.096554e-01,1.597096e+03
3.748115e+01,-2.253576e+00,1.509618e+00,1.812636e+02
1.103390e+02,-6.143691e-01,3.752082e+00,9.882361e+03
3.065879e+01,-6.437058e-02,2.749744e+00,1.337889e+02
4.088785e+01,7.332851e-01,2.412322e+00,1.891282e+02
3.274928e+01,6.137232e-01,4.115537e+00,1.423232e+02
1.033642e+02,2.316222e+00,1.308470e+00,9.521930e+03
8.689783e+01,-1.466332e+00,1.212873e+00,1.008594e+04
4.422941e+01,5.016677e+00,1.135476e+00,2.092169e+02
4.782622e+01,-2.549738e+00,1.486641e+00,2.837164e+02
5.907048e+01,6.814714e-01,2.496474e+00,5.783823e+02
3.831311e+01,1.270733e+00,1.523916e+00,1.738871e+02
5.971968e+01,1.340022e+00,8.090578e-01,7.208403e+02
3.094289e+01,4.600056e+00,2.739803e+00,1.374030e+02
6.344239e+01,2.281179e+00,1.902871e+00,7.895134e+02
6.150237e+01,2.083806e+00,1.800577e+00,6.524256e+02
9.829402e+00,2.005171e-01,2.457648e+00,9.109452e+01
2.675992e+01,-1.895439e-01,5.534050e-01,3.580304e+02
1.122098e+02,-4.050237e+00,4.710612e+00,9.798305e+03
3.628467e+01,-2.289346e+00,2.204994e+00,1.679544e+02
3.873322e+01,-2.138682e+00,7.691334e-01,2.034244e+02
2.310660e+01,1.818513e+00,3.733088e+00,1.083718e+02
2.300527e+01,1.936800e+00,3.117325e+00,1.045669e+02
4.649746e+01,-4.915840e+00,1.212666e+00,2.756070e+02
5.312543e+01,-1.430425e+00,9.059599e-01,5.062085e+02
3.643095e+01,1.834828e+00,2.164486e+00,1.461508e+02
5.568102e+01,8.384585e-01,3.068213e+00,4.193182e+02
3.736212e+01,1.863205e-01,4.056514e+00,1.670606e+02
4.725309e+01,-7.195620e-01,3.941062e+00,2.613062e+02
5.704663e+01,9.610409e-01,1.582267e+00,5.470787e+02
5.296700e+01,-7.016421e-01,3.195623e+00,3.629961e+02
5.326604e+01,3.021265e+00,1.492161e+00,3.106238e+02
5.406714e+01,-1.770647e+00,7.294255e-01,4.993477e+02
4.717258e+01,-1.523421e+00,2.159031e+00,2.765688e+02
1.131134e+02,4.283455e-01,3.922351e+00,9.882582e+03
5.522106e+01,-2.865683e+00,1.511005e+00,4.384659e+02
6.722400e+01,2.515898e+00,8.996659e-01,1.318045e+03
4.482123e+01,1.695213e+00,4.665121e+00,2.340911e+02
3.978036e+01,3.771964e-01,4.530712e+00,1.875444e+02
1.397397e+02,9.062073e-01,3.773458e+00,9.843716e+03
2.864589e+01,4.463639e+00,7.624597e-01,1.180042e+02
2.397412e+01,-1.627836e+00,4.338376e+00,1.202664e+02
4.775540e+01,1.256025e+00,1.235767e+00,2.844473e+02
9.717064e+01,-4.034151e+00,4.790942e+00,9.860191e+03
3.532495e+01,1.935314e-01,8.228979e-01,3.155942e+02
4.954215e+01,6.142525e-01,1.348890e+00,3.813812e+02
4.583217e+01,-3.460661e+00,1.278017e+00,2.525391e+02
1.790709e+01,-7.997837e-02,3.019298e+00,9.876290e+01
1.627809e+01,-5.269373e-01,3.147319e+00,9.699684e+01
6.587081e+01,2.639166e+00,1.392486e+00,1.042805e+03
4.386021e+01,1.604425e+00,1.666963e+00,2.050008e+02
5.880298e+01,4.942740e-01,7.873685e-01,1.117584e+03
1.395533e+02,-1.923752e+00,4.877473e+00,9.811871e+03
5.716685e+01,3.368220e-01,3.927006e+00,4.750907e+02
5.104720e+01,9.982083e-01,2.523116e+00,3.101100e+02
5.155046e+01,-7.757974e-01,2.215377e+00,3.640213e+02
7.251928e+01,1.963092e+00,6.886784e-01,8.535802e+03
3.352841e+01,6.008281e-01,7.026267e-01,2.529387e+02
3.103357e+01,-1.432903e+00,1.375494e+00,1.618380e+02
4.920014e+01,1.880831e+00,1.863929e+00,2.602393e+02
9.168416e+01,2.164349e+00,3.686875e+00,9.800228e+03
6.027928e+01,3.641353e+00,5.997120e+00,7.085191e+02
4.172819e+01,1.437543e+00,3.314996e+00,1.878633e+02
1.368125e+02,-8.377669e-01,1.044105e+00,9.755397e+03
2.909723e+01,1.921352e+00,2.254197e+00,1.165303e+02
6.254857e+01,1.671001e+00,3.500867e+00,7.394286e+02
3.013441e+01,1.802650e+00,4.470720e+00,1.351183e+02
4.968702e+01,-1.420704e+00,1.319093e+00,3.694640e+02
1.471849e+01,3.224870e+00,1.415230e+00,8.907783e+01
2.124719e+01,-9.051831e-01,2.811102e+00,1.074040e+02
1.999719e+01,4.872892e-01,2.797596e+00,1.012697e+02
1.235896e+02,3.344254e+00,2.921834e+00,9.865588e+03
2.737742e+01,-1.505234e+00,1.092431e+00,1.514810e+02
4.067756e+01,-7.190770e-01,1.398544e+00,2.616301e+02
3.289423e+01,-1.158142e+00,1.597212e+00,1.704980e+02
4.930812e+01,1.079020e+00,2.853753e+00,2.750998e+02
2.124339e+01,1.882171e+00,2.529408e+00,9.904637e+01
4.126679e+01,7.530012e-01,1.484989e+00,2.261070e+02
1.679068e+01,1.354914e+00,1.656462e+00,9.852314e+01
1.356492e+02,1.908194e-01,2.232227e+00,9.838754e+03
3.788409e+01,9.258305e-01,4.301866e+00,1.708069e+02
3.041398e+01,5.334888e-01,1.628103e+00,1.527580e+02
3.044127e+01,1.463320e-01,1.632570e+00,1.623913e+02
2.792742e+01,1.458423e+00,4.089369e+00,1.234634e+02
3.417318e+01,2.467572e+00,4.816194e+00,1.589714e+02
5.941668e+01,-1.115637e+00,3.844834e+00,5.833108e+02
5.218363e+01,1.867594e+00,2.774225e+00,3.145835e+02
1.087314e+02,-5.000078e-01,9.782100e-01,9.853354e+03
1.259145e+02,2.030943e+00,2.200479e+00,9.901697e+03
1.392174e+02,-4.486867e-01,2.294892e-01,9.741352e+03
6.891521e+01,-8.980410e-01,1.096383e+00,3.765721e+03
3.874679e+01,-1.533926e+00,2.814471e+00,1.811051e+02
4.084362e+01,-4.401585e-02,6.804415e-01,5.044338e+02
3.655583e+01,1.642543e+00,1.305803e+00,1.536400e+02
5.574095e+01,1.246453e+00,3.140885e+00,4.134387e+02
1.120616e+02,-9.025124e-02,3.459720e-01,9.834988e+03
5.503362e+01,2.117949e-01,1.137443e+00,7.086094e+02
2.800388e+01,1.163570e+00,5.248412e+00,1.356494e+02
3.239941e+01,5.479893e-01,9.947176e-01,2.119412e+02
5.561125e+01,-2.856668e+00,4.413466e+00,4.643047e+02
1.762036e+01,-1.913604e+00,1.666652e-01,1.196031e+02
1.384511e+02,5.375779e-01,1.843970e+00,9.860972e+03
1.142229e+02,1.611293e+00,2.143320e+00,9.874379e+03
5.588830e+01,1.711154e-01,4.976546e-01,1.488400e+03
5.273053e+01,-2.716557e-01,1.072036e+00,6.588953e+02
4.323793e+01,2.372357e+00,2.440866e+00,1.897249e+02
1.441203e+01,-5.000690e-01,3.445394e+00,9.467861e+01
4.179068e+01,-4.527317e+00,5.384489e+00,2.560843e+02
5.717472e+01,-1.037812e+00,1.151937e+00,7.239411e+02
5.913402e+01,3.321093e-01,2.446189e+00,6.016385e+02
3.638861e+01,-2.935900e-01,1.593681e+00,2.080729e+02
5.331582e+01,-2.347256e+00,7.958206e-01,4.155814e+02
8.663349e+01,-3.382817e+00,2.245985e+00,9.992769e+03
6.119263e+01,1.431579e+00,1.823885e+00,6.973844e+02
5.325034e+01,-1.142301e-01,2.254001e+00,4.028452e+02
9.416216e+01,-1.457939e+00,5.678071e+00,9.924491e+03
3.251913e+01,6.152484e-01,5.766116e+00,1.607644e+02
3.086522e+01,-1.561191e+00,1.236245e+00,1.616241e+02
4.553146e+01,1.084028e+00,2.908841e+00,2.248014e+02
5.976793e+01,1.171041e+00,1.835833e+00,6.342577e+02
2.545711e+01,1.082906e+00,2.416516e+00,1.114900e+02
5.788954e+01,-2.199158e+00,1.550011e+00,5.599602e+02
1.026968e+02,-1.487659e+00,2.861462e+00,9.889144e+03
1.261242e+02,1.165082e+00,2.397594e+00,9.897484e+03
9.044315e+01,-1.236340e+00,9.747063e-01,1.004113e+04
1.797866e+01,2.120883e+00,3.357580e+00,9.739655e+01
4.407245e+01,-1.047185e+00,5.849233e-01,3.950319e+02
3.141147e+01,-1.761404e+00,1.220031e+00,1.592062e+02
5.186206e+01,4.186049e-01,9.263288e-01,6.047907e+02
1.645509e+01,-4.309017e-01,2.337073e-01,3.461467e+02
5.918870e+01,-1.387609e-01,3.460325e+00,5.662933e+02
2.432469e+01,7.742452e-01,3.920883e+00,1.124853e+02
1.192212e+02,-4.606976e-01,2.392478e+00,9.847000e+03
1.201624e+02,-2.018468e+00,3.147656e+00,9.795433e+03
5.046011e+01,-1.554756e+00,1.504682e+00,3.637777e+02
5.179339e+01,-3.166372e-01,3.391956e+00,3.329970e+02
1.308200e+02,6.412697e-01,2.244105e+00,9.870029e+03
1.114733e+02,-2.431864e+00,4.424168e-01,9.819013e+03
6.663354e+01,-3.002719e+00,2.266057e+00,1.302061e+03
3.714871e+01,7.655907e-01,1.290626e+00,2.019483e+02
1.552076e+01,-3.267385e-01,2.459123e+00,9.856496e+01
2.721333e+01,8.557006e-01,3.364357e-01,1.997175e+02
4.284860e+01,-3.833982e-01,3.524573e+00,2.085007e+02
3.807083e+01,1.253465e+00,1.746850e+00,1.684241e+02
8.037482e+01,1.484970e+00,3.994817e+00,9.827944e+03
4.269253e+01,3.650553e-01,3.280244e+00,2.024312e+02
4.018365e+01,8.669917e-02,3.779083e+00,1.847522e+02
1.059837e+02,-1.224221e+00,5.924858e+00,9.882107e+03
4.790302e+01,-6.804578e-02,2.617640e+00,2.747629e+02
1.269944e+02,-8.750118e-03,4.399099e+00,9.844044e+03
2.911900e+01,3.505400e+00,2.777827e+00,1.222551e+02
1.971898e+01,2.884275e+00,3.956697e+00,1.066195e+02
3.777527e+01,2.489423e+00,3.658701e+00,1.635800e+02
1.184402e+02,1.312858e+00,2.495978e+00,9.898621e+03
3.908029e+01,2.467180e+00,8.134976e+00,2.497047e+02
1.071707e+02,-6.354018e-01,1.166569e+00,9.863126e+03
6.471313e+01,2.956386e+00,4.238126e-01,8.541499e+02
6.632977e+00,7.841641e-01,7.655945e-01,1.380007e+02
3.367103e+01,8.715907e-01,7.947597e-01,2.033381e+02
3.900551e+01,-6.622321e-02,1.336105e+00,2.608183e+02
6.881739e+01,-3.229775e+00,6.541479e+00,1.935303e+03
2.416238e+01,-6.054606e-01,1.820573e+00,1.309108e+02
5.336695e+01,-3.215912e-01,1.354681e+00,5.671479e+02
4.849510e+01,6.594069e-01,3.435952e+00,2.674146e+02
4.573359e+01,-3.732466e+00,1.652865e+00,2.526260e+02
1.784721e+01,1.702989e+00,1.707845e-01,1.062065e+02
4.885771e+01,1.892095e+00,1.673639e+00,2.554032e+02
3.486817e+01,-1.762188e+00,2.211418e+00,1.610189e+02
3.492985e+01,-2.039833e-01,2.559491e+00,1.568052e+02
1.344026e+02,-1.645877e+00,3.347076e+00,9.795779e+03
4.391286e+01,3.433978e+00,3.733251e+00,2.170376e+02
4.262769e+01,-1.868480e+00,1.274065e+00,2.386104e+02
3.897856e+01,-6.627049e-01,3.029478e+00,1.793225e+02
1.718748e+01,2.212142e+00,2.119330e+00,9.197974e+01
1.311901e+02,-1.289211e+00,5.283268e+00,9.828319e+03
3.520748e+01,8.414553e-01,5.653845e+00,1.733207e+02
5.736719e+01,-6.044380e-01,4.569904e+00,5.000381e+02
1.384853e+02,-1.443559e+00,4.053424e-01,9.735898e+03
4.923473e+01,-1.006423e-01,2.103869e+00,3.227995e+02
2.834218e+01,1.217172e+00,3.964393e+00,1.237591e+02
4.444997e+01,-2.369544e+00,3.746535e+00,2.368159e+02
4.622516e+01,-4.223916e+00,1.465005e+00,2.628013e+02
9.338786e+00,-3.152287e+00,4.416934e+00,1.026273e+02
6.121231e+01,9.551506e-01,1.822804e+00,7.667369e+02
6.011063e+01,-1.513882e+00,4.907691e+00,6.451505e+02
5.227477e+01,-1.674237e+00,3.166772e+00,3.509901e+02
2.276361e+01,1.805205e+00,2.179766e+00,1.015677e+02
6.669826e+01,9.089400e-01,5.222663e-01,2.569470e+03
1.038726e+02,-1.014791e+00,2.692966e+00,9.900177e+03
1.916730e+01,1.701318e+00,8.752090e-01,1.033327e+02
2.826947e+01,-2.881557e-01,2.070668e+00,1.373615e+02
2.050068e+01,-1.433322e+00,2.470627e+00,1.075955e+02
5.376334e+01,9.687153e-01,3.262475e+00,3.637312e+02
1.378434e+02,2.803750e+00,7.248357e+00,9.850149e+03
1.230648e+02,2.310107e+00,1.347133e+00,9.796023e+03
1.339671e+01,-3.171540e+00,1.950850e+00,9.696228e+01
4.242499e+01,-2.944899e+00,2.748307e+00,2.150825e+02
3.271535e+01,1.853768e+00,5.705670e+00,1.622228e+02
4.638434e+01,5.955044e-01,2.504845e+00,2.462278e+02
4.537178e+01,-2.150731e+00,8.419087e-01,2.712971e+02
6.173539e+01,-9.764695e-01,1.292040e+00,1.071927e+03
3.908241e+01,-2.359707e+00,5.837588e+00,2.149111e+02
7.624998e+01,1.626366e+00,1.871293e+00,9.345568e+03
4.609686e+01,3.330669e+00,4.579876e+00,2.562233e+02
3.900598e+01,-1.292920e+00,2.324903e+00,1.883783e+02
3.287652e+01,2.788509e+00,3.244197e+00,1.359718e+02
7.912217e+01,-1.180213e+00,2.675033e+00,1.011609e+04
3.926261e+01,-3.304625e+00,3.198858e+00,1.937375e+02
3.840630e+01,-3.265012e+00,2.684251e+00,1.845855e+02
5.065207e+01,5.773706e-01,1.262347e+00,4.297927e+02
6.420040e+01,-1.112766e+00,6.419376e-01,1.787124e+03
4.091147e+01,-2.030907e+00,6.961780e-01,2.285492e+02
1.294702e+02,-1.582244e+00,3.499451e+00,9.805068e+03
5.690791e+01,7.713776e+00,1.983729e+00,5.524684e+02
6.267894e+01,2.009782e+00,5.622573e-01,7.814865e+02
3.541509e+01,-1.166414e+00,2.755403e+00,1.598638e+02
5.244564e+01,-1.969242e+00,1.506146e+00,3.890954e+02
5.668966e+01,-5.205456e-01,3.164318e-01,1.601829e+03
2.736339e+01,-1.855593e+00,4.412955e+00,1.320869e+02
3.554672e+01,2.964411e+00,2.584693e-01,1.307408e+02
1.182982e+02,-2.743636e+00,3.210870e+00,9.778739e+03
3.597358e+01,1.702105e+00,3.106872e+00,1.483233e+02
5.543214e+01,-1.209712e+00,1.492978e+00,5.395697e+02
3.791853e+01,-7.989907e-01,1.117180e+00,2.609442e+02
5.048702e+01,-3.652599e+00,2.208668e+00,3.245242e+02
1.186658e+02,-1.940428e+00,5.968694e+00,9.840975e+03
5.086250e+01,2.978865e+00,2.861328e+00,2.871789e+02
3.875737e+01,8.712360e-01,7.299539e-01,2.513164e+02
1.167019e+02,-7.579514e-01,1.714346e+00,9.824074e+03
1.605893e+01,2.386867e-01,5.896956e-01,2.427186e+02
6.157809e+01,1.963198e+00,5.068071e+00,7.214797e+02
2.156725e+01,-4.316943e-02,2.302804e+00,1.110949e+02
3.781398e+01,4.310777e-01,2.127303e+00,1.778367e+02
1.181926e+02,2.506644e+00,1.242171e-01,9.555672e+03
5.633562e+01,8.729450e-01,2.795382e+00,4.439357e+02
3.942559e+01,1.757239e+00,1.351813e+00,1.671971e+02
4.318472e+01,-2.036225e+00,2.203435e+00,2.228803e+02
4.099452e+01,-3.294762e+00,1.712920e+00,2.028609e+02
3.631846e+01,7.860069e-01,7.329564e-01,2.413669e+02
4.615673e+01,1.419132e+00,4.452524e+00,2.453004e+02
3.535680e+01,5.906246e-03,3.455653e+00,1.533788e+02
4.914254e+01,-2.731659e+00,1.205742e+00,3.049000e+02
2.857890e+01,-7.050765e-01,1.686444e+00,1.522471e+02
2.165591e+01,-2.340239e+00,6.469656e-01,1.178121e+02
4.359125e+01,4.451818e-01,3.567616e+00,2.109739e+02
1.096236e+02,3.028666e+00,4.235495e+00,9.868285e+03
1.114295e+02,2.350163e+00,1.379796e+00,9.666519e+03
1.735648e+01,2.657334e+00,3.453522e+00,9.846168e+01
1.192611e+02,1.399709e+00,1.846945e+00,9.890329e+03
5.110968e+01,-9.524369e-01,1.163688e+00,4.771539e+02
4.426505e+01,1.195244e+00,4.880125e-01,2.778503e+02
5.207945e+01,-4.466199e+00,5.063168e+00,4.140554e+02
2.145277e+01,-2.535320e+00,3.160133e+00,1.117643e+02
4.964062e+01,1.842731e+00,1.552782e+00,2.697253e+02
1.365118e+02,-1.204022e+00,3.854171e+00,9.814020e+03
4.278616e+01,-5.980019e+00,5.910746e-01,2.494534e+02
4.108221e+01,-3.500869e+00,2.601952e+00,2.065627e+02
3.280827e+01,9.516131e-01,2.275205e+00,1.387519e+02
4.170811e+01,8.725102e-01,9.904427e-01,2.600005e+02
5.409124e+01,-8.462998e-01,5.746673e+00,4.297266e+02
3.094181e+01,2.568969e+00,1.117050e+00,1.167662e+02
1.090267e+02,1.232382e+00,1.837034e+00,9.852683e+03
1.375427e+02,4.737461e-01,2.438254e+00,9.847937e+03
7.079161e+01,-3.135804e+00,1.771859e+00,2.937725e+03
3.637274e+01,4.414842e-01,1.591164e+00,1.923835e+02
5.778854e+01,-7.336758e-04,1.684746e+00,6.740441e+02
5.887902e+01,-1.263147e+00,2.125978e+00,6.194876e+02
6.133307e+01,3.309235e+00,4.255986e+00,6.833577e+02
4.582373e+01,2.494756e+00,1.448634e+00,2.055615e+02
3.753878e+01,2.918627e+00,2.297403e+00,1.498564e+02
4.436797e+01,1.061675e+00,2.695219e+00,2.131421e+02
3.123850e+01,7.149613e-01,1.363806e+00,1.633430e+02
5.629817e+01,-1.287236e+00,2.319141e+00,4.880558e+02
6.665698e+01,-6.177772e-01,4.655223e-01,4.014777e+03
9.554139e+01,-9.951472e-01,6.328248e-01,9.975012e+03
1.340224e+02,2.144464e+00,6.058123e+00,9.855114e+03
3.188393e+01,-2.155044e+00,3.819160e+00,1.468858e+02
5.631563e+01,1.637814e+00,7.568821e+00,5.663058e+02
1.123827e+02,1.677431e+00,2.956956e+00,9.889997e+03
3.873134e+01,-2.459956e+00,1.781288e+00,1.860212e+02
3.834913e+01,3.654421e-01,1.197268e+00,2.529280e+02
8.044149e+01,2.278330e-01,1.599732e+00,9.892040e+03
3.444824e+01,1.446801e+00,1.351756e+00,1.483880e+02
6.793793e+01,-7.036596e-02,2.247185e+00,1.977934e+03
2.759597e+01,-9.434163e-01,3.921370e+00,1.258636e+02
6.415247e+01,4.677038e-01,1.695386e+00,1.242555e+03
4.808062e+01,1.731642e+00,3.247037e+00,2.524744e+02
5.655507e+01,9.598459e-01,8.879578e-01,6.474705e+02
7.952303e+01,-1.275524e+00,3.526083e-01,1.031847e+04
5.453108e+01,6.969037e-01,2.836349e+00,3.919883e+02
6.434895e+01,-3.766118e+00,2.078181e+00,9.656216e+02
3.632946e+01,8.895758e-01,2.162748e+00,1.589957e+02
5.662569e+01,-8.311177e-01,5.539109e+00,5.030224e+02
4.593711e+01,2.630322e-01,2.142526e+00,2.602129e+02
5.129613e+01,-2.272114e+00,2.035074e+00,3.407443e+02
9.488837e+01,1.080943e+00,1.730457e+00,9.749445e+03
4.649337e+01,-1.203014e+00,3.219677e+00,2.525513e+02
1.074236e+02,4.845072e-01,1.496354e+00,9.872830e+03
4.990164e+01,-2.008978e-01,8.477395e-01,6.732233e+02
1.006500e+02,1.285451e+00,2.001002e+00,9.806044e+03
4.166976e+01,-4.114492e-01,3.789181e+00,1.989973e+02
2.429984e+01,2.819870e+00,4.868717e+00,1.247706e+02
4.757071e+01,1.085902e-01,1.497466e+00,3.568030e+02
3.236958e+01,-3.628817e-01,6.145733e-01,3.657851e+02
2.755166e+01,3.725056e+00,4.070115e+00,1.308385e+02
2.455426e+01,-2.243849e+00,2.125840e+00,1.186081e+02
1.217771e+02,2.517628e+00,5.163881e+00,9.885103e+03
3.236759e+01,2.046183e+00,4.368465e+00,1.433822e+02
3.031792e+01,3.311393e+00,1.192792e+00,1.156894e+02
5.166989e+01,2.111007e+00,2.767929e+00,3.020405e+02
3.763584e+01,3.704606e+00,4.453249e+00,1.812760e+02
4.602489e+01,-4.795489e-01,1.781095e+00,2.978283e+02
1.132838e+02,-2.673682e+00,2.959062e+00,9.789621e+03
8.624556e+01,1.482248e+00,1.136296e+00,9.286528e+03
5.510915e+01,1.311577e+00,5.024006e-01,5.106311e+02
5.798424e+01,-1.413196e+00,4.091891e+00,5.235516e+02
6.131228e+01,6.198170e-01,2.855120e+00,6.938070e+02
1.281102e+01,3.214518e+00,3.277865e+00,9.472687e+01
6.784852e+01,-1.624595e-01,1.738102e+00,2.369960e+03
4.541727e+01,3.525745e+00,2.039499e+00,2.077633e+02
3.156391e+01,-5.190352e-01,2.019113e+00,1.536302e+02
7.448389e+01,-2.366137e+00,6.400563e+00,8.575268e+03
2.526801e+01,-2.618696e+00,2.304749e+00,1.206753e+02
3.998569e+01,2.511259e+00,2.951698e+00,1.698243e+02
3.558457e+01,3.162688e+00,2.602698e+00,1.435563e+02
5.013044e+01,-2.168349e-01,4.755637e+00,3.131709e+02
2.240757e+01,-9.734303e-01,2.660563e+00,1.108783e+02
1.171998e+02,-3.508406e+00,2.667203e+00,9.767804e+03
3.483008e+01,4.119631e+00,4.866449e+00,1.739707e+02
1.064165e+02,3.573390e+00,2.106170e+00,9.603219e+03
4.717565e+01,2.894630e+00,3.368911e+00,2.423998e+02
4.453927e+01,-1.839046e+00,3.964797e+00,2.357040e+02
3.281155e+01,-1.047364e+00,1.705648e+00,1.677659e+02
1.302604e+02,-3.062377e+00,8.669127e-01,9.773508e+03
1.171072e+02,1.815166e-01,2.477398e+00,9.874066e+03
3.194978e+01,1.780293e+00,3.495518e-01,1.350725e+02
8.572791e+01,2.842508e+00,4.357811e+00,9.746154e+03
2.634160e+01,-3.446370e+00,7.971428e-01,1.255746e+02
3.351059e+01,-1.751740e-01,2.594214e+00,1.487298e+02
3.250969e+01,1.428570e+00,9.849362e-01,1.463685e+02
4.523998e+01,-2.385692e-01,2.355301e+00,2.488560e+02
6.909454e+01,-3.071664e+00,8.746725e-01,2.105995e+03
2.407796e+01,-2.095525e+00,5.320324e+00,1.315311e+02
5.016671e+01,-1.266061e+00,1.729902e+00,3.558717e+02
5.042149e+01,4.613828e-01,2.300355e+00,3.201611e+02
3.243580e+01,2.430082e+00,1.996253e+00,1.250960e+02
2.746877e+01,6.200010e+00,4.449253e+00,1.573881e+02
2.769859e+01,3.178902e+00,4.549953e+00,1.329557e+02
1.322579e+02,2.311527e+00,3.405750e+00,9.905400e+03
5.053606e+01,3.446517e+00,2.557867e+00,2.793583e+02
5.791037e+01,1.246180e+00,1.132499e+00,5.958247e+02
4.124972e+01,-2.452113e+00,1.172163e+00,2.118617e+02
4.551123e+01,3.420915e+00,5.918788e+00,2.788189e+02
3.389331e+01,-1.292374e+00,6.436370e-01,2.223766e+02
9.939558e+01,-2.154066e+00,1.968174e+00,9.879623e+03
3.602030e+01,1.275797e+00,2.554085e+00,1.491229e+02
4.755015e+01,1.408167e+00,1.193863e+00,2.696931e+02
2.561564e+01,-4.455073e-01,2.253697e+00,1.240825e+02
5.979752e+01,-8.945192e-01,2.513878e+00,6.461657e+02
5.835424e+01,-1.175864e+00,1.111645e+00,7.772134e+02
1.336814e+02,-1.188959e-01,4.782430e-01,9.804085e+03
4.021975e+01,-1.568681e-03,1.791725e+00,2.226307e+02
1.073371e+02,-5.061707e-01,2.427740e+00,9.894374e+03
1.171560e+02,1.247378e+00,5.125055e+00,9.873644e+03
1.023609e+02,-1.989424e+00,2.541551e+00,9.863976e+03
4.538920e+01,7.140833e-01,9.840759e-01,3.387620e+02
4.924934e+01,9.827690e-01,1.037021e+00,3.619844e+02
5.934320e+01,-2.366519e+00,1.978901e+00,6.068350e+02
5.749632e+01,1.741464e+00,6.500329e+00,5.687705e+02
1.248972e+02,-3.492892e+00,2.481786e+00,9.754291e+03
4.913509e+01,-3.418993e+00,5.890264e+00,3.519660e+02
4.693939e+01,-1.412625e+00,4.035962e+00,2.622013e+02
7.717409e+01,-1.850138e-01,3.051891e+00,1.003299e+04
6.205366e+01,-6.464481e-01,4.487925e+00,7.451433e+02
1.266917e+02,-4.348655e-01,2.554872e+00,9.830681e+03
6.460952e+01,1.275962e+00,1.598858e+00,1.119886e+03
1.358453e+02,3.560624e+00,4.278931e+00,9.900389e+03
1.205206e+01,2.324414e+00,1.594877e+00,8.701252e+01
6.940694e+01,-9.856796e-01,3.172956e+00,2.164520e+03
4.357402e+01,4.476354e-01,1.543093e+00,2.664898e+02
3.261725e+01,-2.704561e+00,8.423806e-01,1.527256e+02
9.897702e+01,-2.483522e+00,7.224805e+00,9.884264e+03
5.337366e+01,-3.498873e+00,1.895618e+00,3.835958e+02
2.654050e+01,-5.601688e-01,2.024105e+00,1.325610e+02
4.486296e+01,-1.374693e+00,2.959929e+00,2.347897e+02
1.325024e+01,-7.253166e-01,2.512558e+00,9.518732e+01
5.392199e+01,9.307121e-01,4.126998e+00,3.757039e+02
6.804444e+01,3.270921e-01,2.224046e+00,1.988850e+03
4.344577e+01,2.575170e+00,2.423315e+00,1.908967e+02
4.750477e+01,1.916126e-01,4.238262e+00,2.625227e+02
1.139877e+02,2.083743e+00,2.721779e+00,9.876752e+03
9.561358e+01,2.933958e+00,2.255638e+00,9.541593e+03
1.687706e+01,-1.652663e+00,2.141027e+00,1.020047e+02
3.390167e+01,-5.351484e+00,3.830731e+00,1.869374e+02
4.202603e+01,1.421642e+00,2.334510e+00,1.878366e+02
5.749454e+01,2.928035e+00,3.064783e+00,4.546106e+02
1.216679e+02,3.749861e-01,3.938699e+00,9.861592e+03
1.321884e+02,5.024269e+00,3.944313e+00,9.867322e+03
3.333792e+01,-9.295636e-01,7.288356e-01,2.526830e+02
2.963484e+01,4.041429e-01,9.609326e-01,2.121845e+02
4.843328e+01,-3.004036e+00,9.107329e+00,4.173119e+02
3.874285e+01,-2.229928e+00,2.627863e+00,1.826741e+02
5.124772e+01,2.001371e-01,4.883913e+00,3.346065e+02
3.964305e+01,-1.468904e+00,1.537475e+00,2.133575e+02
1.383973e+02,4.443140e+00,5.065115e+00,9.892517e+03
2.428467e+01,-5.704062e-01,3.499717e+00,1.135652e+02
1.273384e+02,4.677180e+00,1.431916e+00,9.679529e+03
6.307459e+01,-6.853048e-01,2.845534e-01,2.523494e+03
2.744652e+01,1.759780e+00,2.049038e+00,1.126050e+02
4.645122e+01,-2.337093e-01,1.623233e+00,3.243307e+02
6.174989e+01,3.647317e+00,3.144885e+00,6.677555e+02
4.726411e+01,3.344590e+00,3.901688e+00,2.570046e+02
3.530125e+01,4.368736e+00,2.570697e+00,1.517564e+02
3.247238e+01,-1.361064e+00,4.428286e+00,1.500603e+02
6.099628e+01,5.162624e-01,2.093355e+00,7.567375e+02
1.282490e+02,2.213631e+00,1.040428e+00,9.806797e+03
2.526849e+01,4.310837e+00,3.799450e+00,1.262020e+02
3.912597e+01,-3.703887e+00,2.280273e+00,1.914681e+02
2.181030e+01,2.032693e+00,5.863687e-01,1.018207e+02
1.222575e+02,-2.550364e+00,8.162963e+00,9.835306e+03
2.740361e+01,1.791615e+00,3.294607e-01,1.202763e+02
4.388080e+01,-2.171276e+00,3.949700e+00,2.310255e+02
4.782469e+01,2.540177e+00,4.093497e+00,2.624290e+02
1.446269e+01,-2.478943e+00,2.863821e+00,9.790854e+01
5.689569e+01,7.806170e-01,3.658020e+00,4.590249e+02
1.097161e+02,1.768321e+00,4.570738e+00,9.888826e+03
3.955163e+01,4.698632e-02,1.278361e+00,2.728942e+02
1.462192e+01,4.284994e+00,2.034345e+00,9.651598e+01
1.191199e+02,7.645491e-01,4.088528e-01,9.829652e+03
4.979614e+01,-1.389502e+00,1.843895e+00,3.365179e+02
1.355263e+02,2.095738e+00,2.585980e+00,9.913561e+03
1.315914e+01,4.365995e-01,1.327911e+00,1.231251e+02
4.239071e+01,2.387072e+00,9.548738e-01,1.746271e+02
5.051838e+01,-9.255844e-01,3.754815e+00,3.123621e+02
1.390482e+02,3.339273e+00,3.378960e+00,9.905020e+03
4.643882e+01,-1.573503e+00,6.201991e+00,2.949919e+02
5.634942e+01,6.329305e-01,1.782364e+00,5.277018e+02
3.588461e+01,1.235288e+00,8.223253e+00,2.214716e+02
1.775209e+01,3.699663e+00,4.290945e+00,1.106589e+02
3.265523e+01,2.874178e+00,2.812533e+00,1.316368e+02
4.209036e+01,-1.483952e+00,2.102912e+00,2.180431e+02
1.214961e+02,1.783678e+00,4.567752e+00,9.882178e+03
2.159717e+01,-1.783852e+00,2.480776e+00,1.099767e+02
4.185697e+01,-2.137946e+00,3.130825e+00,2.068777e+02
8.546209e+01,7.832727e-01,2.238997e+00,9.820941e+03
3.935137e+01,-1.513035e+00,2.416291e+00,1.888601e+02
2.422728e+01,1.564076e+00,3.438123e+00,1.089202e+02
7.321157e+01,-7.478393e-01,9.942327e+00,4.959675e+03
3.135214e+01,-4.706310e+00,1.066055e+00,1.520359e+02
5.013110e+01,-1.534089e+00,7.154577e-01,4.200734e+02
3.510254e+01,7.203937e-01,4.578679e+00,1.580882e+02
1.274481e+02,-8.752787e-01,8.196177e-01,9.747444e+03
4.918072e+01,-4.780078e-01,3.480670e+00,2.865431e+02
2.085073e+01,4.442983e-01,2.868074e+00,1.028563e+02
4.835063e+01,-4.769755e-01,4.551125e-01,8.338947e+02
2.311878e+01,2.327347e+00,1.615664e+00,9.976840e+01
2.659920e+01,4.819259e-01,3.408635e+00,1.167662e+02
5.781570e+01,1.643739e+00,1.816388e+00,4.903589e+02
9.353671e+01,5.217706e-01,1.683961e+00,9.849688e+03
1.340529e+02,1.503594e+00,9.048644e-01,9.886161e+03
4.064395e+01,2.269190e+00,1.069001e+00,1.642722e+02
2.955174e+01,1.741644e+00,1.684034e+00,1.197963e+02
7.587595e+01,-2.995005e+00,1.132620e+00,1.023504e+04
6.235096e+01,-4.102685e-01,2.132951e+00,9.106678e+02
2.749838e+01,-1.702069e+00,1.314352e+00,1.410790e+02
1.592662e+01,1.186195e+00,2.026614e+00,9.571138e+01
1.060845e+02,2.626369e+00,3.145588e+00,9.824465e+03
3.559248e+01,-8.757576e-01,2.393335e+00,1.652442e+02
1.010379e+02,2.560794e-01,1.442440e+00,9.881736e+03
9.798519e+01,-3.237870e+00,3.978894e+00,9.867480e+03
4.280205e+01,4.166979e+00,3.852210e+00,2.164724e+02
3.991169e+01,-1.411997e-01,2.944163e+00,1.841304e+02
4.727031e+01,1.907549e-02,2.945519e+00,2.581845e+02
3.953932e+01,2.614967e+00,8.747865e-01,1.529336e+02
5.312028e+01,-1.485791e+00,2.563034e+00,3.790661e+02
5.645871e+01,6.454677e-01,3.017613e+00,4.492478e+02
5.980784e+01,3.155542e-01,2.453482e+00,6.400244e+02
5.920516e+01,-1.033182e+00,1.290836e+00,8.198308e+02
5.662550e+01,-7.962009e-01,5.315082e+00,4.953272e+02
1.309822e+02,-3.037657e+00,4.147895e+00,9.779216e+03
1.275051e+02,4.330625e-01,3.236987e+00,9.854924e+03
2.300240e+01,-4.528025e+00,2.692237e+00,1.263202e+02
4.348507e+01,3.764810e-01,9.176546e-01,3.809918e+02
6.130925e+01,3.016356e-01,1.414299e+00,1.038350e+03
5.345548e+01,-2.234346e+00,9.697540e-01,4.216906e+02
6.351025e+01,-1.222881e+00,5.866975e-01,1.559858e+03
5.217757e+01,8.278535e-01,2.548622e+00,3.372076e+02
4.564974e+01,-1.959968e+00,1.880648e+00,2.564140e+02
4.531726e+01,3.938378e-01,1.959532e+00,2.585305e+02
1.236731e+02,2.467207e+00,4.321621e+00,9.895168e+03
4.855004e+01,1.055852e+00,2.268404e+00,2.706047e+02
1.694608e+01,-6.768330e-01,1.905386e+00,1.100140e+02
3.311300e+01,2.548182e+00,1.399579e+00,1.249371e+02
4.827785e+01,1.143785e+00,1.475880e+00,2.904181e+02
1.258098e+02,-1.028672e-01,2.196364e+00,9.842176e+03
6.706401e+01,4.375398e+00,3.385116e+00,1.273510e+03
5.962088e+01,-2.443940e+00,3.163044e+00,6.009414e+02
6.025948e+01,-1.545648e+00,3.037965e+00,6.382365e+02
1.741029e+01,-1.237227e+00,1.117140e+00,1.270214e+02
2.850543e+01,6.489174e-02,1.250018e+00,1.867349e+02
3.935749e+01,-1.787212e+00,3.586378e+00,1.865264e+02
8.839518e+01,1.945711e+00,9.368731e-01,9.114045e+03
6.071473e+01,4.162803e-01,5.314691e+00,6.764073e+02
1.101906e+02,1.836530e+00,3.115787e+00,9.883365e+03
2.717896e+01,2.653100e+00,2.718633e+00,1.128058e+02
3.318467e+01,-9.045145e-01,2.543290e+00,1.498788e+02
8.739809e+01,-5.816236e-01,5.714949e+00,9.949411e+03
3.607987e+01,2.716653e+00,2.180480e+00,1.412828e+02
1.097306e+02,9.924975e-01,9.397542e-01,9.781872e+03
5.841982e+01,-4.549144e-01,1.721470e+00,7.032377e+02
6.120247e+01,-2.949586e+00,3.609212e+00,7.015226e+02
9.870712e+01,-2.609216e-01,5.553229e+00,9.911841e+03
2.153990e+01,-3.624857e+00,3.129849e+00,1.176558e+02
1.104862e+02,-3.030703e+00,2.825340e+00,9.792559e+03
1.329772e+02,1.332052e+00,2.650957e+00,9.893408e+03
4.324776e+01,-1.800947e+00,2.243909e+00,2.243421e+02
1.226415e+02,9.008019e-01,3.556128e+00,9.873928e+03
1.242329e+02,-2.945142e+00,4.518535e+00,9.793619e+03
1.216530e+02,1.681612e+00,1.122846e+00,9.824307e+03
8.878949e+01,1.095074e+00,1.949800e+00,9.724922e+03
5.921422e+01,4.703107e-01,4.806567e+00,5.771070e+02
4.643854e+01,1.123260e+00,2.080165e+00,2.430231e+02
3.565214e+01,1.855136e+00,8.874604e-01,1.456095e+02
2.479732e+01,-5.457367e-02,5.421269e+00,1.279921e+02
6.111748e+01,-1.730092e+00,3.952356e+00,6.846685e+02
8.638595e+01,2.506561e+00,1.680053e+00,9.255835e+03
4.184333e+01,-1.807107e+00,8.965266e-01,2.448444e+02
1.058800e+02,-3.031097e+00,1.072862e+00,9.848980e+03
4.876454e+01,-4.948615e-01,2.098438e+00,3.169248e+02
1.183690e+02,-4.161811e-01,2.479726e+00,9.852475e+03
9.825477e+01,-1.057329e+00,1.411433e-01,9.946813e+03
5.548872e+01,-6.890626e-01,5.800089e-01,1.018398e+03
9.834905e+01,-4.913475e-01,2.896747e+00,9.943604e+03
6.760506e+01,-1.335988e+00,3.944925e-01,2.900392e+03
2.104491e+01,3.294187e+00,1.002691e+00,9.548661e+01
9.055394e+01,-7.012666e+00,4.384086e+00,9.888572e+03
6.697870e+01,-1.455959e+00,2.435724e+00,1.495419e+03
5.648447e+01,-8.730079e-01,1.716075e+00,5.771578e+02
9.655385e+01,2.336585e+00,2.000052e+00,9.583560e+03
5.511430e+01,3.802807e+00,4.458267e+00,4.320872e+02
3.458412e+01,-3.974557e+00,4.234278e+00,1.787338e+02
3.783818e+01,1.198858e+00,1.553552e+00,1.727498e+02
4.651615e+01,-4.404545e+00,2.057384e+00,2.716379e+02
4.667811e+01,-3.206038e+00,7.328308e+00,3.404851e+02
6.490506e+01,-1.299500e+00,5.160826e-01,1.833841e+03
3.849102e+01,-2.663773e+00,8.795889e-01,1.884922e+02
2.877154e+01,2.683114e+00,1.565026e+00,1.115200e+02
1.332348e+02,-4.546105e+00,3.912672e+00,9.763168e+03
6.789928e+01,-1.827954e+00,2.278424e+00,1.730070e+03
4.360434e+01,2.593566e+00,3.161341e+00,2.005411e+02
4.721641e+01,4.072446e-02,8.589591e-01,5.581451e+02
2.236381e+01,-1.718272e+00,1.948842e+00,1.151562e+02
3.477792e+01,-7.506943e-01,2.562916e+00,1.577760e+02
1.327797e+02,-4.034623e-01,5.754660e-01,9.767422e+03
1.275463e+02,-5.373348e-01,8.447353e-01,9.773914e+03
5.883967e+01,2.759414e+00,1.581218e+00,4.777554e+02
3.779056e+01,-1.193259e+00,2.017850e+00,1.870953e+02
4.085415e+01,-3.037556e-01,5.289873e+00,2.090162e+02
3.353014e+01,2.554794e-01,2.133824e+00,1.546432e+02
2.521712e+01,2.357674e+00,2.697290e+00,1.074561e+02
2.453846e+01,-1.138316e+00,1.029260e+00,1.575733e+02
2.613806e+01,-4.615174e+00,3.055244e+00,1.385245e+02
3.270082e+01,-1.160092e+00,5.902583e+00,1.675748e+02
4.428086e+01,9.458399e-01,2.321755e-01,3.491869e+02
3.385896e+01,2.479543e-01,6.984119e-01,3.300779e+02
2.212569e+01,-1.626025e+00,1.843153e+00,1.162206e+02
2.330339e+01,-4.057753e-01,2.288958e+00,1.167109e+02
6.163168e+01,-2.923813e+00,1.533574e+00,7.423998e+02
8.552926e+01,1.558269e+00,2.483318e+00,9.684259e+03
1.299546e+02,8.140097e-01,6.973862e-01,9.895925e+03
3.341081e+01,2.630851e+00,4.859500e+00,1.565387e+02
4.916561e+01,-4.063039e-02,5.374494e+00,3.091878e+02
3.675623e+01,-1.643193e+00,1.835127e+00,1.791098e+02
1.333749e+02,-1.987504e+00,2.503217e+00,9.760936e+03
1.787880e+01,3.694579e-01,4.193402e+00,1.015352e+02
4.003292e+01,5.328397e-01,2.949767e+00,1.799405e+02
2.593673e+01,1.157384e+00,7.495607e-01,1.429452e+02
1.081164e+02,1.069109e+00,2.273394e+00,9.880908e+03
1.287651e+02,-5.580181e-01,1.476595e+00,9.797387e+03
1.077827e+02,4.456103e+00,6.393404e+00,9.860069e+03
4.151652e+01,2.304513e+00,1.101643e+00,1.697922e+02
4.488061e+01,-2.876187e+00,2.440268e+00,2.393200e+02
1.738206e+01,-2.088669e+00,2.748007e-01,1.138525e+02
7.153163e+01,-7.402163e-01,2.193624e+00,5.441957e+03
5.693271e+01,-8.766090e-01,2.024913e+00,5.512778e+02
2.851834e+01,1.018579e+00,2.724511e+00,1.198049e+02
2.879483e+01,-4.025171e-01,1.313456e+00,1.834306e+02
2.325438e+01,1.302513e+00,1.209076e+00,1.172762e+02
5.314312e+01,-1.190547e+00,2.175434e+00,3.993393e+02
3.382044e+01,1.333934e+00,3.407375e+00,1.406844e+02
2.445644e+01,-1.261918e+00,2.066991e+00,1.219881e+02
7.351981e+01,-7.641982e-01,1.200945e+00,1.029695e+04
5.335474e+00,1.161392e+00,7.473558e+00,1.193055e+02
3.580799e+01,-1.948304e+00,1.612614e+00,1.728964e+02
1.389722e+02,-2.455500e+00,1.350707e+00,9.745628e+03
2.547864e+01,-3.398512e+00,3.945976e+00,1.318486e+02
4.776138e+01,1.849032e+00,6.515720e+00,3.153133e+02
1.144067e+01,-4.322289e+00,1.633079e+00,9.930283e+01
5.072552e+01,-6.243773e+00,1.485089e+00,3.777210e+02
2.287475e+01,2.737329e+00,2.189972e+00,1.007879e+02
3.398406e+01,4.409510e+00,4.036381e+00,1.616012e+02
6.388046e+01,-2.876524e+00,3.194550e-01,9.870794e+02
1.187849e+01,1.015415e+00,4.190435e+00,9.391445e+01
9.720504e+01,-7.857178e-01,2.029349e+00,9.953098e+03
2.775341e+01,-2.379452e+00,4.917004e+00,1.409832e+02
3.900688e+01,5.693406e-01,4.926255e+00,1.868889e+02
4.851784e+01,5.521002e-01,1.697458e+00,3.219895e+02
4.156203e+01,1.737357e+00,2.410931e+00,1.801215e+02
4.204275e+01,2.168136e-01,1.458567e+00,2.691406e+02
3.333722e+01,-2.815064e+00,5.926365e+00,1.807807e+02
1.621400e+01,1.982484e+00,2.266390e+00,9.139361e+01
4.970888e+01,-5.992605e-01,3.096781e+00,2.982417e+02
4.149535e+01,1.503092e+00,7.577426e+00,2.584985e+02
4.653362e+01,-1.922936e+00,3.749130e+00,2.580629e+02
1.023411e+02,1.676817e-01,6.747149e-01,9.835470e+03
3.428009e+01,7.545678e-01,3.172319e+00,1.439702e+02
3.561405e+01,2.584515e+00,4.021258e+00,1.562976e+02
3.885411e+01,-3.766209e+00,2.197851e+00,1.896929e+02
6.006010e+01,-3.826549e+00,2.186313e+00,6.333409e+02
5.582024e+01,8.463066e-01,6.465302e+00,5.009836e+02
8.403998e+00,-1.125408e+00,1.983454e+00,9.422462e+01
2.416286e+01,-4.616057e+00,2.261552e+00,1.285107e+02
3.949152e+01,2.660524e+00,3.550305e+00,1.736675e+02
3.763306e+01,-5.701118e-01,1.063410e+00,2.824222e+02
4.067065e+01,2.538319e+00,2.596699e+00,1.711130e+02
5.643754e+01,2.168692e+00,3.215574e+00,4.242235e+02
3.511231e+01,-2.212125e+00,3.727842e+00,1.626422e+02
7.345112e+01,-1.465002e+00,2.317870e+00,1.021913e+04
2.186471e+01,1.575829e-01,2.749292e+00,1.064422e+02
2.420834e+01,-8.061182e-01,2.916097e+00,1.140680e+02
4.000355e+01,4.637708e-01,2.982751e+00,1.801651e+02
4.695746e+01,1.234791e-01,2.094091e+00,2.807484e+02
1.360310e+02,3.892658e+00,3.335199e+00,9.891035e+03
5.209265e+01,2.018980e+00,1.187621e+00,3.077701e+02
2.418832e+01,-1.987319e+00,1.497283e+00,1.227422e+02
4.636566e+01,2.060326e+00,2.170327e+00,2.205958e+02
5.026346e+01,-4.228087e-01,1.879195e+00,3.671493e+02
6.280532e+01,-4.799645e-01,3.728168e+00,7.978158e+02
2.935721e+01,2.339801e+00,1.064621e+00,1.134347e+02
5.035056e+01,-1.185867e+00,2.768281e+00,3.162583e+02
3.151570e+01,2.151860e+00,1.745268e+00,1.221706e+02
1.222644e+02,-6.138365e-01,5.278341e+00,9.847958e+03
6.033203e+01,2.406951e+00,3.048961e+00,5.787822e+02
2.951208e+01,-1.684867e-01,3.749461e+00,1.292301e+02
3.873130e+01,-8.833361e-01,2.926324e+00,1.789782e+02
4.260268e+01,1.773219e+00,1.686432e+00,1.887261e+02
3.552621e+01,1.482329e+00,1.543613e+00,1.501481e+02
1.199500e+02,1.812463e+00,1.444069e+00,9.836532e+03
5.242137e+01,3.949279e+00,4.249107e+00,3.602062e+02
3.459950e+01,3.954262e+00,3.825672e+00,1.578174e+02
5.965210e+01,1.137446e+00,2.901734e+00,5.732484e+02
3.203215e+01,-3.589532e-01,2.537973e+00,1.433452e+02
5.031174e+01,-4.673595e-01,2.944794e+00,3.103314e+02
2.068930e+01,-1.169511e+00,2.995700e+00,1.062284e+02
1.330383e+02,3.153284e+00,3.746152e+00,9.905140e+03
5.542621e+01,-1.409309e+00,4.335534e+00,4.372653e+02
4.329868e+01,-5.912099e-01,1.083015e+00,3.569728e+02
6.489180e+01,-1.256218e+00,2.437392e+00,1.119666e+03
6.391900e+01,2.295485e+00,8.510632e-01,8.455040e+02
1.378642e+02,-1.066736e+00,3.671056e+00,9.813430e+03
7.724122e+01,-9.631483e-02,4.220342e+00,9.994760e+03
1.252462e+02,-1.310481e+00,1.540224e+00,9.758432e+03
4.329745e+01,-3.630691e-01,1.737216e+00,2.644037e+02
2.149083e+01,9.073268e-01,2.534612e+00,1.031677e+02
8.077979e+00,-2.060046e+00,3.919830e+00,9.345847e+01
1.829130e+01,-3.391240e+00,3.648603e+00,1.118976e+02
4.649148e+01,-2.534297e+00,5.780018e-01,2.753627e+02
4.474954e+01,1.637831e+00,1.237336e+00,2.182118e+02
3.722953e+01,5.090659e-01,1.804289e+00,1.842291e+02
1.225975e+02,1.728934e+00,3.067836e+00,9.902015e+03
3.159910e+01,-1.188303e+00,3.122828e+00,1.397921e+02
3.457100e+01,-3.207480e+00,5.093754e+00,1.806067e+02
1.080748e+02,-2.876613e+00,2.779884e+00,9.805548e+03
3.794840e+01,1.111175e-01,3.999333e+00,1.705650e+02
8.196891e+01,-1.825170e+00,3.084253e+00,1.005904e+04
5.281998e+01,-1.955006e+00,7.662215e-01,4.346504e+02
5.673240e+01,-9.966399e-02,2.866849e+00,4.773742e+02
5.142583e+01,1.850455e+00,1.290311e+00,3.030152e+02
5.305517e+01,-1.128279e+00,4.491296e+00,3.741708e+02
5.043078e+01,-1.522073e+00,1.821293e+00,3.462366e+02
3.449990e+01,6.501653e+00,1.129315e+00,1.688274e+02
4.315739e+01,-1.465787e+00,8.279962e-01,2.902587e+02
4.599280e+01,-1.383961e-01,1.794759e+00,2.952982e+02
4.201381e+01,-1.207825e-01,2.811809e+00,2.026713e+02
5.544600e+01,8.712712e-01,3.823221e+00,4.130076e+02
4.013911e+01,-8.887978e-01,3.016728e+00,1.888508e+02
5.160661e+01,1.056124e+00,2.240945e+00,3.259260e+02
6.492797e+01,1.288688e+00,2.455664e+00,1.034227e+03
1.060324e+02,2.311060e-01,1.660248e+00,9.888981e+03
2.882390e+01,4.085009e-01,3.881203e+00,1.259288e+02
6.842407e+01,2.587631e-01,1.323088e+00,3.288340e+03
3.521671e+01,2.766210e+00,3.682256e+00,1.509681e+02
4.809289e+01,4.882108e+00,3.089353e+00,2.745630e+02
4.719305e+01,-2.236625e+00,2.138145e+00,2.701179e+02
5.737115e+01,2.273164e+00,3.230242e+00,4.551550e+02
1.074945e+02,-2.618633e+00,5.137088e+00,9.849222e+03
4.251365e+01,2.816339e-01,1.743880e+00,2.430555e+02
3.022715e+01,2.203441e+00,2.396473e+00,1.197266e+02
5.456563e+01,3.901056e+00,4.076776e+00,4.064902e+02
1.232012e+02,-3.515376e-01,4.788308e+00,9.848313e+03
5.212886e+01,-5.169419e-01,1.831915e+00,4.182440e+02
5.722704e+01,1.704165e+00,3.145535e+00,4.549706e+02
1.277827e+02,6.883349e+00,6.168753e-01,9.622956e+03
3.250723e+01,2.506843e-02,7.625328e+00,1.892174e+02
4.330556e+01,-1.510109e+00,1.649126e+00,2.445952e+02
5.108006e+01,2.243363e+00,2.640800e+00,2.889024e+02
5.763109e+01,-1.215351e+00,5.690793e-01,8.613037e+02
2.935691e+01,1.346072e-01,2.053406e+00,1.392954e+02
6.187208e+01,-1.878692e-02,4.632794e+00,7.294887e+02
5.661353e+01,2.441731e+00,3.601456e+00,4.372770e+02
4.055569e+01,-1.540869e-01,1.115371e+00,3.243985e+02
4.007001e+01,7.742728e-01,5.889413e-01,3.010733e+02
1.044689e+02,2.077926e+00,1.290277e+00,9.578146e+03
5.605143e+01,-2.755270e+00,3.644330e+00,4.620498e+02
2.773204e+01,-9.419392e-01,2.604730e+00,1.266941e+02
3.890797e+01,-4.429996e+00,2.991411e+00,2.018897e+02
3.957871e+01,-1.266933e+00,1.111918e+00,2.447718e+02
6.950311e+01,5.022708e+00,3.618861e+00,1.918358e+03
4.560692e+01,2.395102e-01,2.989602e+00,2.345254e+02
4.277722e+01,-2.815992e+00,6.247303e-01,2.244953e+02
5.133364e+01,-1.838478e-02,3.081906e+00,3.238681e+02
6.337094e+01,-1.036248e+00,4.409562e+00,8.549312e+02
3.272138e+01,3.145012e-01,6.479251e+00,1.722817e+02
3.949126e+01,-5.307919e-01,2.830441e+00,1.840901e+02
3.028714e+01,-1.322802e+00,1.845850e+00,1.470899e+02
1.162228e+02,1.891441e+00,6.815539e+00,9.867932e+03
2.465799e+01,-3.306618e+00,3.563804e+00,1.261415e+02
3.474539e+01,4.453912e+00,1.173680e+00,1.403585e+02
4.000096e+01,1.397581e+00,4.464643e+00,1.870706e+02
2.221008e+01,-6.291297e-01,1.679997e+00,1.301254e+02
3.440041e+01,1.720473e+00,2.554907e+00,1.380022e+02
4.798565e+01,-2.032426e+00,7.088267e+00,3.442292e+02
5.465089e+01,-1.037520e+00,6.162636e+00,4.605352e+02
1.119237e+02,2.956549e+00,3.565817e+00,9.861208e+03
1.250391e+02,-3.033935e+00,1.126986e+00,9.769060e+03
7.151369e+01,-3.536252e+00,4.024307e+00,3.148090e+03
1.013674e+01,-2.711597e+00,8.412035e-01,9.307046e+01
5.111294e+01,2.997024e+00,3.356604e+00,3.010988e+02
5.255270e+01,3.798636e+00,3.659332e+00,3.449769e+02
5.086562e+01,-3.033978e+00,2.968587e+00,3.293949e+02
4.384042e+01,6.406927e-01,1.901063e+00,2.349291e+02
1.324462e+02,-1.144361e+00,3.536758e+00,9.814773e+03
2.064269e+01,-2.030322e-01,1.948890e+00,1.173525e+02
4.335647e+01,2.562001e+00,1.473257e+00,1.825680e+02
4.125019e+01,-1.481685e+00,1.465308e+00,2.311276e+02
1.173633e+02,1.500919e+00,1.634424e+00,9.865243e+03
5.108871e+01,-2.547056e+00,5.141531e+00,3.606838e+02
5.755190e+01,1.590381e+00,2.858869e+00,4.677596e+02
4.137290e+01,-2.892055e+00,2.592453e+00,2.050870e+02
4.075961e+01,3.163539e+00,6.370194e-01,1.585811e+02
4.389014e+01,3.368463e+00,1.476912e+00,1.871786e+02
2.524680e+01,2.634602e+00,1.528704e+00,1.030789e+02
3.775654e+01,1.361409e+00,1.659360e+00,1.647065e+02
5.502705e+01,-9.656694e-01,3.927403e+00,4.165677e+02
1.272645e+02,6.220623e-01,4.162962e+00,9.853209e+03
5.825881e+01,-1.714962e+00,4.283241e+00,5.414724e+02
3.736276e+01,1.590537e+00,1.009921e+00,1.636502e+02
5.137580e+01,1.173485e+00,7.108141e-01,4.079175e+02
3.762644e+01,2.823783e+00,1.493987e+00,1.445768e+02
2.973729e+01,1.326558e-01,4.312965e+00,1.327345e+02
1.751172e+01,1.203427e+00,2.808031e+00,9.504087e+01
1.366442e+01,-3.662899e+00,3.022069e+00,1.026425e+02
3.641741e+01,6.779107e-02,2.338398e+00,1.678668e+02
4.517756e+01,3.097166e+00,2.559422e+00,2.092307e+02
2.969244e+01,-5.320317e+00,4.459084e-01,1.505673e+02
4.912215e+01,3.379351e-01,2.101551e+00,3.104639e+02
1.275522e+02,-1.770271e+00,2.134028e+00,9.758719e+03
4.013638e+01,-4.076904e+00,4.969918e+00,2.283973e+02
1.325320e+02,-9.933035e-01,1.179528e+00,9.752333e+03
5.876845e+01,2.129527e+00,4.060801e+00,5.306829e+02
2.757977e+01,-1.270900e+00,3.299031e+00,1.249210e+02
1.327951e+02,-1.197929e+00,5.353073e+00,9.827711e+03
5.506754e+01,-5.061576e-01,2.659384e+00,4.335634e+02
4.287055e+01,-6.780757e-01,9.647540e-01,3.668594e+02
7.535815e+01,-4.875383e-01,1.742204e-01,1.044900e+04
4.010427e+01,-1.463435e+00,2.599205e+00,1.927618e+02
5.654557e+01,1.263346e+00,2.855666e+00,4.398058e+02
1.917507e+01,-1.921607e+00,4.671919e+00,1.128994e+02
2.984017e+01,-5.007877e+00,1.044571e+00,1.485643e+02
1.165314e+01,3.898363e+00,3.679202e+00,1.002259e+02
2.932819e+01,-1.258183e+00,2.785062e+00,1.316641e+02
6.543250e+01,2.063673e+00,3.751849e+00,1.026055e+03
4.668168e+01,5.919627e-01,3.617470e+00,2.442446e+02
4.599704e+01,1.648708e+00,2.645176e+00,2.232761e+02
5.004689e+01,1.117142e+00,1.573916e+00,3.191854e+02
9.257835e+01,-1.381930e+00,6.807236e-01,1.001665e+04
2.250081e+01,2.033549e+00,9.086058e-01,1.019305e+02
1.305368e+02,1.347998e+00,2.226763e+00,9.905429e+03
5.705488e+01,3.934790e-01,1.704773e+00,5.983931e+02
5.192207e+01,-4.749912e-01,1.820768e+00,4.147311e+02
3.554016e+01,3.681356e+00,2.999336e+00,1.505897e+02
2.682462e+01,-1.207278e+00,8.311615e-01,1.744673e+02
2.535034e+01,-7.279961e-01,1.078788e+00,1.784605e+02
6.923726e+01,-2.373938e+00,8.816614e-01,2.499974e+03
1.327660e+02,6.104136e-01,1.314067e+00,9.884688e+03
5.653437e+01,3.238740e+00,3.705563e+00,4.429531e+02
1.026173e+02,-7.282213e-01,4.594092e-01,9.886324e+03
1.814403e+00,-2.789987e+00,4.436231e+00,9.623222e+01
5.912627e+01,1.247283e+00,2.628702e+00,5.488587e+02
3.242694e+01,1.070978e-01,2.129797e+00,1.509705e+02
5.022602e+01,4.325904e+00,4.551939e+00,3.301776e+02
6.082006e+01,-3.346226e-01,3.089296e+00,6.706450e+02
4.871948e+01,-3.301384e+00,2.495901e+00,2.926086e+02
3.427930e+01,-3.883620e-01,4.146625e+00,1.525720e+02
2.102303e+01,-4.490853e-02,2.414937e+00,1.083023e+02
7.202631e+01,-3.373790e-01,1.742937e+00,9.851391e+03
1.835102e+01,3.988524e+00,4.851455e+00,1.183434e+02
5.212862e+01,1.227453e-01,1.459728e+00,4.806817e+02
2.164243e+01,-3.032767e-01,1.650367e+00,1.315112e+02
5.665779e+01,-8.870685e-02,8.650617e-01,1.079017e+03
3.533941e+01,-3.956454e-02,2.097684e+00,1.694618e+02
9.462461e+00,1.935081e+00,5.033256e+00,1.000490e+02
4.596190e+01,-3.595464e+00,4.990425e+00,2.864606e+02
4.834348e+01,-1.691003e+00,2.521665e+00,2.850635e+02
3.275906e+01,-1.778445e+00,2.177247e+00,1.502585e+02
1.296543e+02,-2.187177e+00,1.396708e+00,9.737474e+03
4.316222e+01,3.148984e+00,8.759870e-01,1.762709e+02
5.272949e+01,-1.876056e+00,1.170551e+00,4.183315e+02
1.155554e+01,-3.274373e+00,5.253363e-01,9.424440e+01
4.690233e+01,-1.107846e+00,3.159121e+00,2.577544e+02
8.765894e+01,1.078164e+00,5.944602e-01,9.227268e+03
3.774115e+01,2.582145e+00,4.138299e+00,1.699026e+02
9.184652e+01,2.984937e-01,2.024132e+00,9.913129e+03
2.152980e+01,9.211615e-01,2.497118e+00,1.033277e+02
6.309243e+01,2.076862e+00,1.996451e+00,7.735450e+02
4.488852e+01,-1.540186e+00,3.026402e+00,2.351362e+02
5.123328e+01,2.663565e+00,1.799334e+00,2.785562e+02
6.227446e+01,-8.962905e-02,2.169001e+00,8.919373e+02
4.292419e+01,-6.440941e-01,3.158370e+00,2.110832e+02
3.897538e+01,-1.516657e+00,1.135770e+00,2.226913e+02
4.116173e+01,-1.421982e+00,2.214452e+00,2.074837e+02
1.393329e+02,-4.317275e-01,1.668969e-01,9.738705e+03
6.713334e+01,4.649667e-01,1.474504e+00,2.193462e+03
3.530780e+01,-1.692304e+00,5.315096e+00,1.766776e+02
3.087754e+01,3.509185e+00,2.078126e+00,1.228611e+02
5.682707e+01,3.915462e+00,5.198858e+00,5.163277e+02
3.011787e+01,3.821122e+00,2.346725e+00,1.243236e+02
1.324753e+02,-1.642448e-01,3.376211e-01,9.786092e+03
8.766498e+01,6.631689e-01,1.581224e+00,9.765144e+03
9.701491e+01,-1.747661e+00,1.854315e+00,9.917844e+03
4.718860e+01,1.620174e+00,3.308306e+00,2.420287e+02
3.210853e+01,1.211747e+00,3.600360e+00,1.347920e+02
4.211210e+01,-1.141518e+00,4.087246e+00,2.084473e+02
1.328752e+02,-2.843334e+00,4.040636e+00,9.780476e+03
6.039431e+01,2.320763e+00,2.554606e+00,5.756760e+02
4.752958e+01,1.628867e+00,1.456810e+00,2.491156e+02
1.443892e+01,8.235595e-01,4.012534e+00,9.547833e+01
1.265464e+01,-3.439268e+00,2.672024e+00,9.866588e+01
9.781000e+01,-5.392077e+00,3.922265e+00,9.850579e+03
3.942501e+01,-2.685035e+00,4.726971e+00,2.044273e+02
5.474279e+01,5.288577e-02,4.326612e+00,4.055935e+02
2.175368e+01,1.805816e+00,2.208784e+00,9.970591e+01
1.071922e+02,-4.799979e-01,1.395566e+00,9.877335e+03
5.031601e+01,-1.880707e+00,1.614578e+00,3.406138e+02
1.301785e+01,-1.208347e+00,1.014149e+00,1.220350e+02
3.352447e+01,2.606835e+00,2.960891e+00,1.356273e+02
2.730432e+01,-3.063153e-01,2.291860e+00,1.285623e+02
5.679012e+01,-3.041086e+00,2.011117e+00,4.842059e+02
2.454807e+01,1.759879e+00,2.685469e+00,1.062305e+02
1.681073e+01,3.380142e+00,3.219662e+00,9.938782e+01
3.579532e+01,-1.443605e+00,7.438501e-01,2.187722e+02
2.821818e+01,-1.370629e+00,2.521072e+00,1.291343e+02
3.274411e+01,-1.923481e+00,3.293804e+00,1.473964e+02
5.784720e+01,1.650184e+00,4.783376e-01,5.434119e+02
5.225151e+01,-1.939131e-01,2.396179e+00,3.683728e+02
5.501455e+01,-5.973242e-01,6.501643e-01,9.920306e+02
3.216559e+01,-1.794127e+00,2.047987e+00,1.486329e+02
9.553434e+01,-4.056239e+00,3.870110e-01,9.968974e+03
4.915363e+01,-5.920636e-01,4.042165e+00,2.890489e+02
1.241665e+02,1.201353e+00,1.640601e+00,9.901179e+03
3.107013e+01,-1.878604e+00,3.613870e+00,1.409294e+02
3.244022e+01,-2.631033e+00,1.173903e+00,1.509960e+02
6.621464e+01,-7.103407e-01,2.458605e+00,1.382656e+03
8.738487e+01,-4.474165e-02,6.135623e+00,9.934151e+03
6.778607e+01,6.698115e+00,2.132130e+00,1.482077e+03
2.650489e+01,-2.691729e-02,7.139137e-01,2.864036e+02
3.534976e+01,-9.513884e-01,1.506367e+00,1.959237e+02
9.974056e+01,1.992882e+00,8.249995e-01,9.358155e+03
4.696378e+01,8.688337e-01,3.741789e+00,2.470490e+02
4.489074e+01,1.016382e+00,3.854178e-01,3.305447e+02
1.139908e+02,-1.124174e-01,5.265230e-01,9.835593e+03
9.401484e+01,2.516562e+00,5.787164e-01,9.063002e+03
4.633584e+01,6.890805e+00,4.683301e+00,3.183015e+02
2.215375e+01,9.669848e-01,2.612629e+00,1.039274e+02
5.705571e+01,2.122951e+00,1.646086e+00,4.333334e+02
2.345113e+01,-1.940927e+00,3.377656e+00,1.151191e+02
1.351360e+02,-1.250024e+00,1.941608e+00,9.768331e+03
3.154337e+01,1.588161e+00,3.331688e+00,1.302674e+02
1.075939e+02,-8.823505e-01,1.120295e+00,9.844548e+03
5.401957e+01,3.765266e+00,3.360825e+00,3.698242e+02
3.296176e+01,-1.056346e+00,1.651663e+00,1.706724e+02
4.290217e+01,7.044357e+00,3.956833e+00,2.659595e+02
5.559199e+01,-1.499094e+00,1.117579e+00,5.620316e+02
4.030553e+01,-6.787245e-01,3.325469e+00,1.883255e+02
3.631158e+01,-1.157960e+00,5.669686e+00,1.849633e+02
6.814214e+01,-1.974855e+00,3.394257e+00,1.622231e+03
1.254128e+02,-1.100000e+00,7.760166e-01,9.739903e+03
5.329903e+01,2.822325e+00,1.956203e+00,3.185571e+02
1.687390e+01,7.453232e-01,5.887776e-01,1.655131e+02
4.633987e+01,-4.946134e-01,3.827172e+00,2.475650e+02
2.297089e+01,-1.321189e+00,1.908369e+00,1.198321e+02
5.187378e+01,9.092890e-01,2.988831e+00,3.230442e+02
5.398986e+01,-1.309148e+00,2.150931e+00,4.215796e+02
3.360931e+01,-5.379727e-02,2.287870e+00,1.541564e+02
5.225679e+01,2.687315e+00,2.780522e+00,3.105426e+02
3.155440e+01,1.001864e+00,2.107805e+00,1.346275e+02
4.713049e+01,1.314539e+00,2.106222e+00,2.456262e+02
3.262425e+01,1.263303e+00,2.416571e+00,1.336095e+02
3.002245e+01,1.687361e-01,2.285312e+00,1.359788e+02
5.626294e+01,-2.424408e-01,1.051004e+00,8.759165e+02
8.760856e+01,-2.026004e+00,2.638987e+00,1.000438e+04
4.788129e+01,-1.475673e+00,1.874385e+00,2.983869e+02
4.707329e+01,2.805399e+00,3.520895e-01,2.103621e+02
2.992942e+01,-1.863072e+00,1.173657e+00,1.505240e+02
5.319786e+01,1.580930e+00,2.972534e+00,3.411489e+02
1.543585e+01,-7.190133e-01,2.825470e+00,9.654928e+01
3.997970e+01,3.684994e+00,3.878049e+00,1.885771e+02
2.521150e+01,1.216020e-01,1.919887e+00,1.288099e+02
4.863692e+01,4.862991e-01,3.972978e+00,2.741843e+02
1.328478e+02,-2.501259e+00,2.145698e+00,9.743667e+03
3.762587e+01,-7.698033e-01,5.990204e+00,1.970660e+02
1.361246e+02,3.963153e+00,1.587499e+00,9.785803e+03
1.353611e+02,-9.109629e-01,4.891089e+00,9.825664e+03
2.822216e+01,1.524400e+00,5.773356e-01,1.319729e+02
5.233367e+01,1.151711e+00,5.975196e+00,3.859772e+02
2.876845e+01,1.842314e+00,1.572049e+00,1.165171e+02
3.047978e+01,1.422789e+00,1.172864e+00,1.350607e+02
4.555569e+01,2.916223e+00,2.639471e+00,2.134198e+02
4.543224e+01,-1.972781e+00,4.908618e+00,2.596619e+02
9.629749e+01,-2.426813e+00,2.034299e+00,9.904036e+03
1.033849e+02,2.791929e+00,2.358197e+00,9.691337e+03
2.466037e+01,-9.477536e-01,1.161076e+00,1.591043e+02
3.891049e+01,1.157731e-01,1.479734e+00,2.359004e+02
5.521774e+01,2.126546e-01,3.965313e+00,4.132010e+02
3.484630e+01,-2.189486e-01,2.596853e+00,1.558680e+02
2.771024e+01,-2.288047e+00,3.305704e+00,1.288300e+02
5.475639e+01,-2.482708e+00,4.437320e+00,4.328368e+02
4.532671e+01,-5.622102e-02,9.439273e-01,4.700939e+02
4.484014e+01,5.798258e-01,2.827135e+00,2.235239e+02
3.529134e+01,1.387508e+00,3.839904e+00,1.508997e+02
5.561895e+01,1.284961e+00,1.829378e-01,5.571600e+02
4.115682e+01,-2.819995e+00,1.178872e+00,2.065379e+02
2.152808e+01,-3.338096e+00,3.011169e+00,1.152773e+02
6.738304e+01,-3.685559e+00,1.031219e+00,1.460666e+03
1.241347e+02,1.479790e+00,3.578343e+00,9.887846e+03
4.120144e+01,6.731108e-01,3.743108e+00,1.898452e+02
1.096904e+02,-3.983516e-01,1.488432e+00,9.869526e+03
6.792576e+01,9.186196e-01,3.886928e+00,1.510163e+03
6.024835e+01,-7.838472e-01,6.469305e-01,1.388089e+03
6.917349e+01,1.071548e+00,4.003017e+00,1.871070e+03
3.343488e+01,-1.452608e+00,3.450745e+00,1.492654e+02
3.760056e+01,8.131261e-02,1.973190e+00,1.883542e+02
1.953307e+01,2.305372e+00,1.506978e+00,9.418748e+01
4.826613e+01,-9.821689e-01,6.618611e-01,4.973008e+02
1.310571e+02,-8.493963e-01,3.199754e+00,9.819024e+03
3.424570e+01,2.862036e+00,2.066134e+00,1.325554e+02
3.900199e+01,1.197258e+00,1.496189e+00,1.824359e+02
3.347244e+01,2.630795e+00,5.099883e+00,1.601529e+02
7.138154e+00,2.084307e+00,3.305773e+00,8.771428e+01
1.298098e+02,-2.162841e+00,5.592106e+00,9.820133e+03
5.445823e+01,2.609770e-01,1.314604e+00,5.986383e+02
4.210057e+01,-1.118706e+00,3.904777e+00,2.068816e+02
3.275802e+01,-5.005196e-02,4.297070e+00,1.454131e+02
4.648562e+00,-1.770265e+00,1.385905e+00,9.235176e+01
6.804469e+01,1.422518e+00,1.616362e+00,1.896675e+03
3.886048e+01,-2.177339e+00,5.320431e-01,2.061485e+02
3.837202e+01,-1.095876e+00,4.375924e+00,1.815741e+02
9.465634e+01,-1.032759e+00,2.958282e+00,9.963127e+03
3.657260e+01,1.786599e+00,3.612696e+00,1.553345e+02
4.516378e+01,1.886384e+00,2.801783e+00,2.131559e+02
3.609974e+01,-1.457213e+00,2.282791e+00,1.685915e+02
4.232700e+01,1.314050e+00,1.418395e+00,2.066946e+02
3.903299e+01,-1.133196e+00,1.762936e+00,2.068170e+02
1.347510e+02,-1.550583e+00,4.805192e+00,9.819006e+03
5.156809e+01,-8.660867e-01,3.045143e+00,3.349721e+02
1.177612e+02,-3.365366e+00,1.970247e+00,9.770635e+03
2.698127e+01,-2.099017e-01,7.957947e+00,1.680426e+02
2.777238e+01,-1.788067e+00,1.941888e+00,1.315181e+02
3.050474e+01,-3.340657e+00,4.264981e+00,1.525756e+02
5.249112e+01,-1.405262e+00,2.194636e+00,3.774629e+02
3.973712e+01,-8.070927e-01,2.533310e+00,1.910203e+02
9.912088e+01,-1.318285e+00,2.427454e+00,9.919718e+03
2.712051e+01,4.617571e-01,4.123948e+00,1.219180e+02
5.704475e+01,1.492738e+00,1.995181e+00,4.648903e+02
5.992238e+01,-1.075463e+00,2.175818e+00,6.836514e+02
9.802899e+01,-1.999752e+00,9.297649e-01,9.919578e+03
2.179827e+01,1.881133e+00,4.255393e+00,1.097812e+02
4.250292e+01,-1.174261e+00,4.675572e+00,2.186923e+02
1.053359e+02,1.973838e+00,4.345424e+00,9.884259e+03
4.923639e+01,2.201126e+00,1.720680e+00,2.530090e+02
3.480114e+01,-1.234942e+00,2.803731e+00,1.562766e+02
7.009600e+01,5.034270e+00,1.996563e+00,2.027667e+03
4.570735e+01,2.048737e+00,1.796093e+00,2.122917e+02
5.811619e+01,1.265305e+00,1.152414e+00,6.000331e+02
2.279868e+01,6.432926e+00,1.877655e+00,1.295747e+02
2.865246e+01,1.635539e+00,1.617618e+00,1.188862e+02
5.277035e+01,2.475542e+00,1.277931e+00,3.048817e+02
4.745229e+01,3.470408e-01,3.875603e+00,2.573705e+02
2.040076e+01,1.750295e+00,1.991267e+00,9.788789e+01
3.622883e+01,-2.265209e-01,1.604651e+00,2.057134e+02
3.182499e+01,3.977015e+00,2.110146e+00,1.296778e+02
1.346660e+02,1.059340e+00,2.291227e+00,9.887602e+03
5.038861e+01,-4.390526e-01,7.223692e-01,7.375595e+02
3.232483e+01,-7.249810e-02,2.698954e+00,1.413479e+02
2.927635e+01,9.228546e-01,1.465369e+00,1.416085e+02
4.992995e+01,-2.208043e-02,2.626769e+00,3.074328e+02
4.845193e+01,2.455892e+00,2.357940e+00,2.442757e+02
4.648895e+01,-1.967580e+00,2.319969e+00,2.600335e+02
5.662477e+01,-5.916878e-01,4.235961e+00,4.670939e+02
1.670946e+01,-2.722547e+00,2.610101e+00,1.016688e+02
5.922854e+01,4.067149e-01,2.628852e+00,5.892564e+02
5.346863e+01,-2.527168e+00,2.739109e+00,3.820014e+02
4.214617e+01,-8.737923e-03,1.764615e+00,2.449960e+02
3.878853e+01,3.327176e+00,2.297563e+00,1.585097e+02
2.940570e+01,-7.535537e-01,1.605799e+00,1.594037e+02
3.124102e+01,-4.066366e+00,2.937182e+00,1.524440e+02
3.981571e+01,-2.306349e+00,2.230577e+00,1.920086e+02
2.596956e+01,5.313033e-01,2.128979e+00,1.212328e+02
4.175750e+01,9.327241e-01,2.268397e+00,1.950411e+02
6.719059e+01,1.344990e-01,1.764694e+00,2.031156e+03
4.954820e+01,1.769920e+00,3.911904e+00,2.826458e+02
6.656590e+01,1.024808e+00,3.323361e+00,1.244234e+03
3.538088e+01,-1.515939e+00,3.016624e+00,1.593238e+02
4.026147e+01,2.739294e+00,1.647338e+00,1.606655e+02
1.350048e+01,-2.306326e+00,1.462121e+00,9.759433e+01
1.088449e+02,-4.222141e+00,2.264719e+00,9.812686e+03
3.623439e+01,9.869240e-01,9.283034e-01,2.001858e+02
5.961529e+01,-1.393121e-01,1.532473e-01,4.516642e+03
1.265340e+02,-1.376669e+00,5.530203e+00,9.834159e+03
5.236955e+01,5.767026e-01,4.472254e+00,3.476234e+02
4.544097e+01,1.171613e+00,1.349781e+00,2.526142e+02
2.930257e+01,-1.039683e+00,4.432646e+00,1.355687e+02
8.504613e+01,-1.013296e-01,1.272804e+00,9.979451e+03
2.227790e+01,-2.149873e-01,5.212133e+00,1.194049e+02
1.312080e+01,-1.352881e+00,1.669793e+00,1.027543e+02
5.688101e+01,-1.282739e+00,2.817430e-01,8.282123e+02
2.265618e+01,4.900122e+00,1.124553e+00,1.096527e+02
2.281864e+01,-1.596663e+00,4.204875e+00,1.162367e+02
5.957383e+01,-3.125437e+00,6.470730e+00,7.077192e+02
9.524642e+01,-1.352025e+00,2.817654e+00,9.950857e+03
9.073210e+01,1.802085e+00,2.131139e+00,9.625150e+03
5.323403e+01,-1.040942e+00,3.157663e+00,3.712844e+02
5.085427e+01,-7.842326e-01,3.727468e+00,3.175380e+02
1.229477e+02,1.831354e+00,6.618053e-01,9.752349e+03
1.184005e+02,1.034445e-01,1.476839e+00,9.862635e+03
5.256903e+01,1.125385e+00,1.837137e+00,3.596579e+02
5.495727e+01,9.736588e-01,1.470111e+00,4.743180e+02
3.090340e+01,-1.855720e+00,5.121590e+00,1.527049e+02
5.078487e+01,3.179475e+00,3.066398e+00,2.908142e+02
4.800961e+01,6.053360e+00,2.576694e+00,2.903877e+02
2.160351e+01,-7.819833e-01,1.843095e+00,1.216544e+02
1.381011e+02,7.657634e-01,2.915516e+00,9.853328e+03
1.144558e+02,-1.330565e+00,4.492913e+00,9.855778e+03
2.291522e+01,3.483066e+00,1.208882e+00,9.965466e+01
1.860487e+01,-7.761351e-01,3.940107e+00,1.033075e+02
5.584791e+01,2.991474e-01,1.903284e+00,5.154522e+02
4.054659e+01,-3.037154e-01,2.526013e+00,1.961866e+02
8.096498e+00,-5.973510e-01,1.514820e-01,2.458060e+02
1.313524e+02,-1.639117e+00,1.570298e+00,9.742084e+03
4.081207e+01,-2.292393e+00,2.135998e+00,2.006035e+02
4.127229e+01,-1.243511e-01,8.682991e-01,4.155163e+02
4.885463e+01,-6.722996e-01,1.148321e+00,4.529288e+02
3.935668e+01,2.383406e+00,3.583905e+00,1.723560e+02
5.689207e+01,-2.403541e+00,2.287265e+00,4.900629e+02
2.043614e+01,-1.855393e-01,2.717195e+00,1.047541e+02
3.322333e+01,1.556851e-01,3.555690e+00,1.425155e+02
1.667950e+01,-6.546101e-01,4.014624e+00,1.001914e+02
1.238001e+02,6.578028e-01,9.619632e-01,9.886278e+03
4.570105e+01,1.087435e+00,9.102916e-01,2.913862e+02
4.252738e+01,1.488960e+00,2.753344e+00,1.911976e+02
8.758226e+01,-3.824609e+00,1.066783e+00,1.003368e+04
3.710782e+01,-1.545406e+00,3.310500e+00,1.695196e+02
7.098488e+01,-2.571476e+00,1.687823e+00,3.440811e+03
2.795000e+01,-3.394927e-01,2.553419e+00,1.268496e+02
4.928408e+01,-3.109749e-01,3.281952e+00,2.877606e+02
1.263653e+02,-1.749589e+00,1.428935e+00,9.740254e+03
6.071548e+01,-7.099093e-01,3.247760e+00,6.602858e+02
4.490284e+01,5.976515e-02,1.209636e+00,3.665974e+02
1.005005e+02,-1.746760e+00,8.322888e-01,9.892861e+03
6.532942e+01,-4.104548e+00,2.202972e+00,1.089409e+03
3.828399e+01,-7.855863e-01,1.516878e+00,2.235870e+02
1.120653e+02,4.746545e-01,6.646559e-01,9.834371e+03
1.823763e+01,-2.343687e+00,3.923793e+00,1.077471e+02
1.660116e+01,-3.332626e+00,2.305050e+00,1.030625e+02
5.397649e+01,1.877433e+00,1.605259e+00,3.546473e+02
5.417683e+01,-5.403207e+00,4.767445e+00,4.871422e+02
1.355544e+02,1.388267e+00,2.585882e+00,9.894767e+03
1.312924e+02,-2.265543e+00,2.292047e+00,9.748840e+03
1.197909e+02,2.948416e+00,4.921160e+00,9.890793e+03
1.131598e+02,-1.024866e+00,1.376726e+00,9.809501e+03
5.391839e+01,-4.243947e+00,6.236897e+00,4.894638e+02
2.625178e+01,2.759205e-01,1.086986e+00,1.861777e+02
3.742577e+01,3.342427e-01,1.308329e+00,2.316184e+02
4.332791e+01,1.538734e+00,2.078536e+00,1.983262e+02
3.121197e+01,2.166214e+00,3.592788e+00,1.310613e+02
6.181763e+01,-2.758336e+00,2.008746e+00,7.491964e+02
1.086628e+02,2.365335e+00,2.574285e+00,9.817269e+03
2.314815e+01,4.337395e-01,1.748782e+00,1.244128e+02
1.302629e+02,1.041917e+00,1.366689e+00,9.905648e+03
9.849173e+01,2.655639e+00,6.227159e+00,9.870997e+03
4.517888e+01,4.410900e-01,1.013643e+00,3.774394e+02
3.912536e+01,2.744778e+00,7.171077e-01,1.493633e+02
9.222855e+01,1.317279e+00,4.327065e+00,9.888836e+03
5.668612e+01,-3.821651e+00,2.410306e+00,4.865318e+02
3.448627e+01,-1.887116e+00,6.682539e-01,1.842371e+02
2.392131e+01,-1.553709e+00,1.133753e+00,1.356722e+02
3.696397e+01,1.779022e+00,2.353786e+00,1.497714e+02
3.123636e+01,-1.641852e+00,2.043871e+00,1.452406e+02
6.404138e+01,-2.065114e-01,1.849603e+00,1.224667e+03
2.647725e+01,1.871437e+00,2.041311e+00,1.093581e+02
5.595705e+01,1.011778e+00,4.276630e-01,6.796587e+02
3.019301e+01,-6.230692e+00,7.156479e+00,2.105614e+02
4.924930e+01,-1.820332e+00,4.231674e+00,3.015524e+02
3.578655e+01,-2.102137e+00,2.427544e+00,1.641731e+02
1.243389e+02,-3.843961e+00,3.692616e+00,9.764093e+03
2.554309e+01,-2.262990e-01,2.091952e+00,1.269977e+02
1.631020e+01,-1.401591e+00,1.169182e+00,1.181246e+02
4.936104e+01,2.892962e-01,1.133116e+00,4.699224e+02
4.243365e+01,-6.334139e-01,1.668942e+00,2.572934e+02
2.667050e+01,-1.792209e-01,3.435643e+00,1.189828e+02
5.350492e+01,-4.332858e+00,1.403594e+00,3.946216e+02
3.101921e+01,-5.774689e-01,1.798582e+00,1.595859e+02
4.372679e+01,8.381334e-01,2.689675e+00,2.097702e+02
1.309311e+02,-1.184708e+00,1.818332e+00,9.768865e+03
4.386105e+01,6.415860e-01,3.236149e+00,2.114282e+02
1.312613e+02,1.945798e+00,2.753978e+00,9.910431e+03
5.555042e+01,-8.089567e-02,2.346210e+00,4.660869e+02
4.760034e+01,1.991389e+00,6.534722e+00,3.138626e+02
4.918161e+01,-1.175082e+00,1.154361e+00,3.989866e+02
2.485549e+01,5.099182e-01,3.512133e+00,1.122831e+02
4.432939e+01,-1.252160e+00,1.409569e+00,2.804595e+02
5.256401e+01,-8.499372e-01,1.993039e+00,4.050912e+02
3.538118e+01,-4.633929e-01,1.233336e+00,2.377939e+02
1.342804e+02,-2.109457e+00,8.167670e-01,9.742863e+03
6.686987e+01,-1.049271e+00,2.675274e+00,1.453178e+03
4.083516e+01,2.114198e+00,7.204755e-01,1.688910e+02
5.374574e+01,-1.282467e-01,2.306132e+00,4.128475e+02
2.729271e+01,-1.166528e+00,1.415561e+00,1.500417e+02
6.315860e+01,1.387504e+00,4.939530e+00,8.336300e+02
4.187045e+01,-6.262006e+00,2.600654e+00,2.540960e+02
5.652541e+01,4.521977e-01,1.614289e+00,5.859817e+02
2.955643e+01,6.877189e+00,2.073950e+00,1.565726e+02
6.112431e+01,-5.331178e+00,3.698041e+00,7.745873e+02
5.798300e+01,1.944846e+00,2.430934e-01,4.978323e+02
1.234326e+02,-1.366113e+00,1.061175e+00,9.744173e+03
3.607919e+01,-1.840360e+00,1.407152e+00,1.803396e+02
3.396696e+01,1.205207e+00,2.810867e+00,1.395402e+02
6.543828e+01,1.339862e+00,4.638051e+00,1.062835e+03
4.274874e+01,-5.473085e-01,3.390800e+00,2.083743e+02
4.262722e+01,-1.615613e+00,1.786748e+00,2.299629e+02
4.907846e+01,1.386160e+00,2.442602e+00,2.680221e+02
5.007866e+01,-6.710909e-01,4.778655e+00,3.153719e+02
6.015733e+01,1.445754e+00,7.234940e-01,7.253394e+02
2.172784e+01,-2.298800e+00,3.357986e+00,1.121436e+02
1.035010e+02,1.254095e-02,1.783737e+00,9.905129e+03
2.750532e+01,1.759923e+00,2.528822e+00,1.131790e+02
4.126746e+01,1.659328e+00,2.893146e+00,1.804667e+02
4.331303e+01,6.149552e-01,7.618758e-01,3.625368e+02
1.023909e+02,2.281204e+00,1.398111e+00,9.534470e+03
4.845256e+01,2.875191e+00,2.351927e+00,2.432680e+02
1.396524e+02,3.765220e+00,2.682569e+00,9.880467e+03
8.014625e+01,-2.167181e+00,1.405958e+00,1.017494e+04
1.268625e+02,2.284436e-01,4.614202e-01,9.868906e+03
1.109322e+02,7.730477e-01,1.466743e+00,9.866841e+03
3.943873e+01,-3.043394e-01,3.135389e+00,1.804709e+02
8.702188e+01,9.698767e-01,7.366299e-01,9.329760e+03
2.567556e+01,1.617180e+00,7.106871e-01,1.195376e+02
4.862932e+01,6.815734e-01,3.696950e+00,2.705601e+02
4.033090e+01,-1.242761e+00,1.256287e+00,2.439316e+02
5.664506e+01,-2.362808e+00,1.741694e+00,4.942878e+02
4.596624e+01,1.395414e+00,5.334071e+00,2.604869e+02
5.694304e+01,5.045374e-01,1.631037e+00,5.963402e+02
4.325942e+01,1.961674e+00,1.757348e+00,1.902620e+02
1.312090e+02,-1.910688e+00,2.429829e+00,9.761438e+03
4.545047e+01,5.209718e+00,4.554706e+00,2.721256e+02
4.698567e+01,-2.261217e+00,2.766155e+00,2.631936e+02
2.922485e+01,1.614097e+00,5.355428e+00,1.419848e+02
3.009733e+01,-4.151478e-01,2.737686e+00,1.331403e+02
5.761023e+01,1.346613e+00,3.061757e+00,4.752996e+02
2.401553e+01,-1.523432e+00,1.400540e+00,1.304021e+02
2.101172e+01,1.167254e+00,2.984560e+00,1.009961e+02
9.188121e+01,-9.830878e-01,2.476131e+00,9.994296e+03
2.620172e+01,9.985619e-02,2.567718e+00,1.191432e+02
1.260328e+02,2.881763e-01,1.412807e+00,9.863555e+03
3.479299e+01,-8.491848e-01,1.484688e+00,1.962270e+02
3.355985e+01,7.837803e-02,2.427382e+00,1.499244e+02
1.147363e+02,5.461978e-01,2.126167e+00,9.886972e+03
6.065610e+01,-2.438944e+00,6.144161e+00,7.431548e+02
1.337972e+02,-4.115156e-01,1.905350e+00,9.810491e+03
4.180223e+01,-2.072027e+00,6.303502e-01,2.367882e+02
9.830008e+01,6.542624e-01,1.988171e+00,9.870385e+03
1.434842e+01,1.197717e+00,1.558661e+00,9.943062e+01
5.405995e+01,1.246193e+00,4.431548e+00,3.841576e+02
8.354550e+01,-3.780347e-01,2.362745e+00,1.004213e+04
4.911500e+01,2.111610e-01,4.639570e+00,2.920726e+02
1.065457e+02,-1.598005e+00,1.866187e+00,9.837218e+03
3.231827e+01,3.330220e+00,1.987403e+00,1.262412e+02
5.518551e+01,6.963135e-01,2.885273e+00,4.098395e+02
4.452479e+01,7.216259e-01,2.216281e-01,4.488796e+02
5.794259e+01,5.822757e-01,1.145309e+00,7.894260e+02
3.844242e+01,7.074451e+00,4.428131e+00,2.301394e+02
1.340723e+02,6.007793e-01,6.559199e-01,9.897932e+03
4.395014e+01,2.348461e+00,4.154261e+00,2.177750e+02
6.067648e+01,-2.691018e+00,1.603933e+00,6.844143e+02
4.560062e+01,-2.676201e-01,1.050334e+00,4.349996e+02
3.977571e+01,1.743018e+00,2.092892e+00,1.668668e+02
4.627626e+01,-1.903158e+00,1.822065e+00,2.668793e+02
1.282226e+02,4.970118e-01,3.416035e+00,9.853963e+03
9.024798e+00,-2.326964e+00,2.791447e+00,9.100129e+01
3.108539e+01,3.168404e-01,4.129318e+00,1.360748e+02
1.129109e+02,-1.729778e+00,2.646328e+00,9.816541e+03
2.642873e+01,-2.444649e-01,3.568865e+00,1.187625e+02
3.129915e+01,2.266530e+00,3.567036e+00,1.313352e+02
3.070698e+01,-2.387740e-01,1.955542e+00,1.514405e+02
3.548989e+01,-1.973321e-03,2.139989e+00,1.685356e+02
3.690225e+01,6.672179e-02,2.016851e+00,1.816008e+02
2.434464e+01,-2.559913e+00,1.640008e+00,1.190120e+02
5.585211e+01,-1.358535e+00,6.605855e-01,6.755331e+02
3.215529e+01,-1.333667e+00,2.543977e+00,1.449641e+02
1.226679e+02,-6.710323e-01,3.502183e+00,9.842395e+03
4.225952e+01,1.530823e-01,4.022812e+00,2.029897e+02
3.085079e+01,1.972499e+00,1.702824e+00,1.213481e+02
3.012720e+01,-2.354059e+00,3.501210e+00,1.388045e+02
4.727212e+01,-1.479296e+00,8.088896e-01,3.571018e+02
3.948481e+01,-1.791671e-02,2.789119e+00,1.815742e+02
4.861513e+01,7.644838e-01,1.337571e+00,3.447336e+02
4.291887e+01,4.343458e-01,3.195059e+00,2.040277e+02
1.355823e+02,-9.140996e-01,3.400424e+00,9.814929e+03
3.658686e+01,-4.065977e-01,8.145095e-01,3.425486e+02
1.283734e+02,1.477462e+00,2.425150e+00,9.906275e+03
5.645963e+01,2.460060e-01,6.709482e+00,5.339378e+02
6.158314e+01,-2.559813e+00,1.749249e+00,7.476629e+02
1.026184e+02,2.439800e+00,3.877281e+00,9.853011e+03
3.793260e+01,1.915455e+00,3.651920e+00,1.635336e+02
2.056591e+01,-8.945200e-01,2.070347e+00,1.132660e+02
2.211843e+01,1.637209e-01,1.905190e+00,1.201088e+02
4.287730e+01,1.041211e-01,1.474253e+00,2.828808e+02
7.648656e+01,2.167958e-01,5.826122e+00,9.949034e+03
5.277389e+01,2.834128e+00,2.959078e+00,3.241480e+02
2.570352e+01,-4.594796e-01,2.259044e+00,1.242750e+02
4.409535e+01,-2.678038e+00,1.661846e+00,2.332723e+02
1.285289e+02,-2.248111e+00,1.607513e+00,9.738861e+03
1.413317e+01,2.693941e+00,3.435044e+00,9.472763e+01
1.037521e+02,6.133697e-01,3.426056e+00,9.904878e+03
7.049828e+01,6.030689e-01,2.007231e+00,3.864157e+03
4.267197e+01,-1.578642e-01,2.651111e+00,2.116384e+02
3.211214e+01,9.086361e-02,4.197028e+00,1.413834e+02
1.614042e+01,1.537509e+00,1.399762e-01,1.110699e+02
5.782536e+01,-5.310568e-02,1.174885e+00,9.084509e+02
5.069878e+01,-3.439269e+00,2.368721e+00,3.270600e+02
8.831491e+01,-1.611373e+00,1.326625e+00,1.005271e+04
4.963988e+01,2.264968e+00,3.275438e-01,2.544846e+02
5.688357e+01,-1.291291e+00,2.275341e+00,5.132912e+02
2.686668e+01,-3.183203e+00,5.411120e+00,1.480230e+02
4.601038e+01,-9.495903e-01,1.055608e+00,3.729761e+02
5.676120e+01,2.086223e-01,1.142414e+00,8.126608e+02
1.882221e+01,-1.309559e+00,2.240494e+00,1.058534e+02
3.131751e+01,2.280994e+00,3.336958e+00,1.294651e+02
4.402696e+01,5.496098e-01,3.019541e+00,2.141389e+02
2.114037e+01,9.301749e-01,3.843727e+00,1.048714e+02
1.212474e+01,-1.088107e+00,1.173943e+00,1.186587e+02
5.049620e+01,1.377729e-01,3.707402e+00,3.046754e+02
1.697557e+01,-3.271729e+00,1.882505e+00,1.027964e+02
4.187775e+01,8.939122e-02,1.814224e+00,2.359904e+02
5.485527e+01,-4.714575e-02,1.412695e+00,6.103039e+02
3.590535e+01,1.062475e+00,2.034637e+00,1.553038e+02
1.110053e+02,4.024946e-02,1.242941e+00,9.870266e+03
5.925864e+01,-9.536636e-02,1.382820e+00,9.040287e+02
4.457535e+01,6.178957e-01,3.187421e+00,2.188496e+02
1.300358e+02,1.509587e+00,2.314204e+00,9.908656e+03
5.430124e+01,-2.022831e+00,3.569974e+00,4.019873e+02
1.155610e+02,4.032898e+00,6.533708e+00,9.877959e+03
3.952819e+01,4.686672e-01,2.174633e+00,1.883207e+02
1.008011e+02,1.925313e+00,7.908590e+00,9.878204e+03
1.163396e+02,-6.008176e-01,1.276035e+00,9.819576e+03
1.603316e+01,1.661404e+00,3.710932e+00,9.614300e+01
5.121355e+01,-1.178023e+00,2.444835e+00,3.417360e+02
4.699850e+01,1.424122e+00,1.762838e+00,2.458748e+02
3.740871e+01,1.846363e+00,2.444481e+00,1.520168e+02
1.714711e+01,8.025603e-01,6.717489e+00,1.243588e+02
4.202612e+01,3.659169e-01,1.774243e+00,2.324801e+02
3.517066e+01,3.532079e+00,6.818910e+00,2.010580e+02
6.605414e+01,-4.113235e+00,3.656382e+00,1.221982e+03
5.091716e+01,8.560109e-01,2.364181e+00,3.152928e+02
6.140413e+01,-1.733757e+00,7.984073e-01,9.307529e+02
2.591083e+01,-9.562499e-01,4.465482e-01,2.217621e+02
6.147833e+01,1.603280e+00,2.047627e+00,6.858571e+02
1.144528e+01,1.600078e+00,2.300909e+00,8.804569e+01
4.763597e+01,-1.484091e+00,2.853742e+00,2.708931e+02
4.914642e+01,1.976936e+00,2.965433e+00,2.632518e+02
5.430920e+01,-2.659725e+00,3.419171e+00,4.067301e+02
3.873217e+01,1.156537e+00,1.732462e+00,1.761483e+02
3.921033e+01,-9.348237e-01,1.040102e+00,2.739029e+02
2.461070e+01,2.158864e+00,1.170134e+00,1.037201e+02
5.164343e+01,2.855392e+00,2.131303e+00,2.889695e+02
1.810678e+01,-6.851748e-02,4.023291e+00,1.014646e+02
4.384103e+01,7.384148e-01,2.486786e+00,2.148011e+02
1.174998e+02,2.122429e+00,1.885667e+00,9.837259e+03
4.547774e+01,-8.296654e-01,2.157505e+00,2.609253e+02
1.089748e+02,8.350510e-01,1.685035e+00,9.868919e+03
1.146072e+02,1.611091e+00,4.405672e+00,9.887527e+03
2.547969e+01,8.861738e-01,1.356295e+00,1.336372e+02
2.743935e+01,2.109113e+00,2.452860e+00,1.119087e+02
4.508148e+01,1.622949e+00,1.295867e+00,2.217072e+02
5.727867e+01,9.052546e-01,2.042701e+00,5.144450e+02
4.746859e+01,7.345877e-01,2.756780e+00,2.541612e+02
5.067081e+01,-2.823621e+00,2.944172e+00,3.238868e+02
2.051378e+01,-1.626166e+00,2.882409e+00,1.067354e+02
1.027704e+02,-2.635683e+00,2.019762e+00,9.841376e+03
3.446747e+01,2.528019e+00,1.638577e+00,1.311872e+02
4.600888e+01,1.244835e+00,1.731846e+00,2.415968e+02
6.666429e+01,-2.320574e+00,3.937570e+00,1.282209e+03
1.764651e+01,1.145150e+00,1.111567e+00,1.143862e+02
3.185368e+01,-1.471975e+00,8.529096e-01,1.842518e+02
4.500192e+01,1.318100e+00,3.574980e+00,2.207129e+02
6.414541e+01,2.713352e+00,3.810716e+00,8.777780e+02
3.762518e+01,1.477282e+00,2.808174e+00,1.568008e+02
2.613586e+01,2.207096e+00,1.709365e+00,1.065328e+02
8.104211e+01,-3.453575e+00,1.741995e+00,1.009131e+04
7.004770e+01,-1.455713e+00,1.234142e+00,3.900083e+03
4.700756e+01,-9.270300e-01,1.039359e+00,3.993901e+02
3.925731e+01,3.698301e+00,7.115926e-01,1.530108e+02
1.336922e+02,-1.812707e+00,1.395010e+00,9.735976e+03
3.971151e+01,1.749748e+00,4.684337e+00,1.885831e+02
5.774334e+01,3.533138e-01,2.102296e+00,5.676635e+02
6.997868e+01,-1.418478e+00,8.555166e-01,4.400234e+03
1.167869e+02,3.170029e-01,6.831237e+00,9.858990e+03
9.517948e+01,-2.243028e+00,2.877968e+00,9.915478e+03
2.803439e+01,1.131789e+00,2.417813e+00,1.183315e+02
5.038132e+01,-3.043716e-01,3.878954e+00,3.065575e+02
4.395937e+01,3.560103e+00,6.623383e+00,2.763788e+02
4.757109e+01,2.048871e+00,3.350576e+00,2.457823e+02
2.572173e+01,-8.971125e-02,1.329595e+00,1.675830e+02
5.524009e+01,1.283950e+00,2.299649e+00,4.063330e+02
2.382887e+01,-1.000580e+00,2.627575e+00,1.147180e+02
1.163809e+02,1.343327e+00,1.202562e+00,9.831150e+03
6.029527e+01,-4.548674e+00,2.493036e+00,6.678258e+02
5.757756e+01,-3.369591e+00,3.291637e+00,5.215358e+02
7.359607e+01,5.897417e-01,1.670768e+00,9.700013e+03
3.812093e+01,4.830899e-01,1.982421e+00,1.838342e+02
2.397776e+01,3.523796e+00,1.537218e+00,1.028220e+02
4.022148e+01,3.057861e-01,3.829066e+00,1.843787e+02
2.862782e+01,-2.440684e+00,2.482908e+00,1.313238e+02
3.830885e+01,-3.150339e+00,6.201295e+00,2.210114e+02
6.095103e+01,2.187121e+00,3.738258e+00,6.313721e+02
1.246769e+02,-1.005012e+00,3.936141e+00,9.834280e+03
1.052966e+02,-6.094570e-01,2.041706e+00,9.898382e+03
1.146885e+01,2.308434e+00,3.339663e+00,9.077315e+01
1.004709e+02,1.949580e+00,3.278951e+00,9.844705e+03
3.656235e+01,1.081031e-02,1.364803e+00,2.307670e+02
4.338819e+01,1.185821e+00,1.697991e+00,2.154140e+02
1.117590e+02,1.071335e+00,3.271123e-01,9.683744e+03
2.993437e+01,1.711191e+00,2.738122e+00,1.213362e+02
3.512831e+01,-7.484798e-01,1.957258e+00,1.749193e+02
5.393044e+01,-2.341270e-01,1.309451e+00,6.089820e+02
4.907436e+01,-1.141301e+00,2.435196e+00,3.019282e+02
2.405768e+01,-1.471829e+00,3.587180e+00,1.158091e+02
5.983590e+01,2.420921e+00,3.049983e+00,5.533943e+02
5.616313e+01,6.323257e-01,8.110951e-01,7.940382e+02
3.982487e+01,-2.909449e+00,1.773066e+00,1.930253e+02
4.514464e+01,-1.330068e+00,3.005663e+00,2.376136e+02
1.125436e+02,-5.019157e-01,3.808924e+00,9.876130e+03
3.994082e+01,2.189082e-01,2.886928e+00,1.822117e+02
2.132861e+01,1.419697e+00,3.114733e+00,1.015324e+02
5.050177e+01,-2.363151e-01,1.828971e+00,3.785695e+02
1.045551e+02,-2.048129e+00,1.362636e+00,9.837938e+03
3.484075e+01,-3.663677e+00,5.255627e-01,1.619610e+02
4.963864e+01,-3.208942e+00,4.341212e+00,3.264604e+02
3.529137e+01,-4.261583e-01,1.035136e+00,2.710496e+02
3.098663e+01,3.912388e-01,1.941555e+00,1.461891e+02
6.232740e+01,2.613001e+00,7.705900e-01,6.677319e+02
5.120795e+01,-1.341278e+00,9.367420e-01,4.571337e+02
2.633593e+01,-3.500692e-01,7.622454e-01,2.593845e+02
1.135312e+02,-1.831737e+00,2.882893e+00,9.816054e+03
7.450930e+01,-1.634737e+00,1.716101e+00,1.026548e+04
3.981625e+01,-2.207736e+00,1.200608e+00,2.037723e+02
9.476463e+01,1.478917e-01,2.729739e+00,9.940297e+03
3.896236e+01,3.041207e+00,1.653155e+00,1.530954e+02
5.296676e+01,9.332652e-01,1.498351e+00,4.121227e+02
5.879072e+01,7.564539e-01,1.824968e+00,6.284348e+02
4.755278e+01,-5.496122e-01,1.749275e-01,9.211614e+02
5.212496e+01,-1.853404e+00,1.373000e+00,3.932082e+02
3.704226e+01,2.082829e+00,3.260889e+00,1.546539e+02
3.420197e+01,-1.437305e+00,1.818190e+00,1.662869e+02
5.903181e+01,-8.641808e-01,1.449536e+00,7.883662e+02
3.149327e+01,8.946789e-01,2.874616e+00,1.309058e+02
1.176053e+02,-1.633456e+00,7.528824e-01,9.759458e+03
1.397109e+02,2.769702e+00,1.978214e+00,9.891967e+03
5.543134e+01,-1.447661e+00,3.619299e+00,4.303888e+02
5.767137e+01,-1.632802e+00,2.970900e+00,5.137960e+02
4.878070e+01,-1.411668e+00,2.952582e+00,2.870964e+02
3.888027e+01,5.243126e-01,2.554685e+00,1.749223e+02
1.138727e+02,3.370659e+00,1.957490e+00,9.689758e+03
5.124833e+01,-3.538480e-01,2.741416e+00,3.325305e+02
1.312870e+02,-5.740069e-02,1.583010e+00,9.831015e+03
4.080638e+01,7.936253e-01,1.180002e+00,2.416567e+02
5.092964e+01,-1.841633e+00,2.565074e+00,3.287231e+02
2.355003e+01,6.116572e-02,2.730374e+00,1.108263e+02
3.049805e+01,-2.771834e+00,2.983009e+00,1.403394e+02
6.512576e+01,4.419710e+00,1.536794e+00,9.084251e+02
5.053722e+01,1.288789e+00,8.144384e-01,3.569963e+02
5.259951e+01,6.480346e-01,1.868424e+00,3.904775e+02
2.231577e+01,1.457141e+00,1.542984e+00,1.069029e+02
5.320172e+01,-8.458275e-01,4.716399e+00,3.796429e+02
4.833213e+01,1.753620e+00,4.827864e-01,2.662524e+02
3.680604e+01,-1.619553e+00,5.072674e+00,1.822977e+02
3.057281e+01,-4.273011e+00,3.829064e+00,1.576777e+02
6.713951e+01,-1.442947e+00,3.232961e+00,1.409000e+03
1.001360e+02,8.737977e-01,1.595513e+00,9.812364e+03
1.017395e+02,-8.189977e-01,1.819080e+00,9.912535e+03
3.334722e+01,-1.215678e+00,8.922263e-01,2.095153e+02
1.411294e+01,-1.885970e+00,3.508443e+00,9.747729e+01
2.352470e+01,-1.213557e+00,2.367399e+00,1.158988e+02
3.278580e+01,1.781319e+00,1.721888e+00,1.305884e+02
4.738711e+01,3.498968e-01,1.146516e+00,4.064005e+02
1.363420e+02,-2.141273e+00,8.242779e+00,9.826767e+03
2.134308e+01,-4.043531e+00,7.010457e+00,1.529287e+02
1.380506e+02,-4.438895e+00,1.670127e+00,9.786598e+03
3.132536e+01,1.352633e-01,2.671092e+00,1.360676e+02
1.361765e+02,1.785259e+00,3.509148e+00,9.885824e+03
5.762397e+01,4.371327e-01,2.667371e+00,5.103032e+02
1.070057e+02,1.740968e+00,1.429405e+00,9.711239e+03
3.174743e+01,1.641848e+00,3.103490e+00,1.296358e+02
4.915283e+01,9.460344e-01,5.015716e+00,2.985242e+02
6.536729e+01,-2.704182e-01,4.426847e+00,1.065217e+03
3.394436e+01,-2.023529e+00,3.585297e+00,1.546958e+02
4.435277e+01,1.129899e+00,3.408359e+00,2.136537e+02
4.016354e+01,-2.759628e+00,3.812019e+00,2.006902e+02
2.633497e+01,-5.191162e+00,1.930918e+00,1.397845e+02
1.332813e+02,-1.715862e+00,6.391405e+00,9.826831e+03
7.085919e+01,-2.614079e+00,3.093889e+00,2.822764e+03
3.299316e+01,7.092034e-01,1.813049e+00,1.530648e+02
3.582473e+01,-2.513176e-01,3.211092e+00,1.569996e+02
5.701697e+01,9.470735e-01,2.945929e+00,4.632854e+02
3.281245e+01,-2.413190e-01,1.943668e+00,1.625198e+02
3.039700e+01,1.082641e+00,5.183603e+00,1.436810e+02
6.488115e+01,3.975445e+00,1.840043e+00,8.813774e+02
3.868949e+01,-2.205613e+00,1.698640e+00,1.883024e+02
6.445936e+01,1.766187e+00,7.732449e-01,1.049559e+03
2.702832e+01,-8.284682e-01,8.693695e-01,2.017233e+02
1.576165e+01,1.844429e+00,2.088063e+00,9.124562e+01
6.489576e+00,4.406064e-01,8.217035e-01,1.589352e+02
5.895097e+01,2.097399e+00,1.728302e+00,5.102602e+02
2.599975e+01,-2.356432e+00,1.808956e+00,1.239208e+02
2.458505e+01,-3.130344e-01,2.202201e+00,1.217405e+02
1.112310e+02,9.454778e-01,3.692430e+00,9.891308e+03
8.835179e+01,9.186463e-01,1.619471e+00,9.698939e+03
9.821228e+00,5.339292e-01,3.524450e+00,8.905301e+01
2.820922e+01,-1.134591e-01,7.401243e+00,1.650510e+02
9.392696e+01,1.992944e+00,3.331803e+00,9.804856e+03
3.018081e+01,9.973274e-02,1.091343e+00,2.169821e+02
2.796251e+01,2.208170e+00,2.284169e+00,1.125157e+02
4.186417e+01,-1.262601e+00,6.896645e-01,3.070633e+02
8.920314e+01,2.394091e+00,6.539217e+00,9.865066e+03
2.309538e+01,-1.042413e+00,1.294235e+00,1.426733e+02
5.939877e+01,-3.571561e+00,3.952177e+00,6.208324e+02
3.113561e+01,-3.262798e-02,2.671508e+00,1.362646e+02
1.616987e+01,-1.207093e+00,2.554669e+00,9.904499e+01
4.651677e+01,2.353812e+00,2.856300e+00,2.263346e+02
2.881422e+01,2.207517e+00,2.130296e+00,1.143579e+02
2.052779e+01,-7.733762e-01,3.417907e+00,1.052427e+02
5.371056e+01,-4.077210e-01,3.035730e+00,3.819797e+02
2.993877e+01,3.544561e-01,1.316020e+00,1.771221e+02
2.419077e+01,-1.994414e+00,2.660514e+00,1.164121e+02
5.769126e+01,4.120029e-01,6.761730e-01,1.167174e+03
4.924606e+01,7.069073e-01,1.609256e+00,3.335823e+02
4.800297e+01,-1.753299e+00,1.236286e+00,3.195032e+02
4.996087e+01,2.931880e+00,4.050075e+00,2.960945e+02
1.947819e+01,-6.865308e-01,1.881007e+00,1.159054e+02
6.161621e+01,1.219460e+00,2.885928e+00,6.888292e+02
1.350349e+02,4.405307e-01,6.505543e-01,9.887507e+03
3.411739e+01,-2.469843e+00,9.207482e-01,1.629511e+02
5.472435e+01,2.939684e+00,2.342546e+00,3.568925e+02
3.811269e+01,-1.031687e+00,4.796769e+00,1.841797e+02
4.448638e+01,-3.964988e-01,4.844853e-01,7.007520e+02
4.240278e+01,1.115111e+00,4.532408e+00,2.076919e+02
5.065264e+01,-2.545498e+00,3.360111e+00,3.235935e+02
2.504323e+01,-3.336183e+00,3.284151e+00,1.258841e+02
2.994182e+01,2.475407e-01,1.682011e+00,1.551225e+02
1.662583e+01,-2.710299e+00,1.406453e+00,1.016143e+02
5.736931e+01,1.656394e+00,3.643924e+00,4.668773e+02
2.346000e+01,-1.821874e-01,3.889972e+00,1.118737e+02
2.920279e+01,9.849001e-01,2.402443e+00,1.234215e+02
6.066199e+01,2.247518e-01,2.166504e+00,7.400185e+02
5.101457e+01,1.377637e+00,1.716708e+00,3.144954e+02
5.564560e+01,-1.000376e+00,2.307455e+00,4.709907e+02
3.900429e+01,-1.686018e+00,1.574721e+00,2.011824e+02
3.011208e+01,-1.041581e+00,6.699222e+00,1.655689e+02
6.066155e+01,3.788456e-01,1.466488e+00,9.281435e+02
1.379101e+02,-6.479077e-01,3.795473e-01,9.738243e+03
6.690034e+01,-1.419105e-01,3.421363e+00,1.348546e+03
2.274509e+01,3.384881e+00,3.156026e+00,1.085165e+02
6.133765e+01,3.683077e+00,3.628617e+00,6.627657e+02
1.195029e+02,-1.092170e+00,5.988520e+00,9.849483e+03
4.935937e+01,2.989441e-01,1.410606e+00,3.997995e+02
5.000164e+01,-2.395368e-01,1.997660e+00,3.487885e+02
2.819837e+01,5.979037e-02,5.482710e-01,3.721638e+02
7.035509e+01,-1.297198e+00,5.512441e+00,2.403434e+03
3.462871e+01,-5.532374e-01,1.556400e+00,1.960640e+02
3.925979e+01,1.802692e+00,1.668886e+00,1.633764e+02
4.151394e+01,-1.702927e+00,1.988079e+00,2.127370e+02
6.081532e+01,1.822437e+00,4.974299e+00,6.680398e+02
1.252874e+02,1.413828e+00,5.088019e+00,9.863698e+03
4.749121e+01,-5.784436e-01,3.127660e+00,2.636144e+02
2.983221e+01,6.897528e-01,8.815239e-01,1.932424e+02
6.165783e+01,1.357668e+00,2.098424e+00,7.201968e+02
8.052659e+01,1.557221e-01,1.011382e+00,9.840298e+03
1.079002e+02,8.685625e-01,6.749030e-01,9.736193e+03
4.319964e+01,6.554735e-01,5.577258e-01,3.915573e+02
5.606946e+01,2.058168e-01,1.970432e+00,5.195446e+02
1.112867e+02,-8.607733e-01,1.675714e+00,9.841737e+03
4.869147e+01,-1.575976e+00,1.538927e+00,3.253346e+02
1.379110e+02,-7.862825e-01,1.393130e+00,9.772317e+03
6.742799e+01,-4.135401e+00,1.697171e+00,1.444752e+03
3.884247e+01,1.960382e+00,8.029928e-01,1.602119e+02
4.994660e+01,5.650726e-01,1.688679e+00,3.506673e+02
3.184164e+01,2.754606e-01,4.909504e+00,1.467946e+02
5.708282e+01,-7.691522e-01,1.568544e+00,6.457512e+02
7.018699e+01,1.131641e+00,3.065352e+00,2.508845e+03
5.359864e+01,9.544368e-01,6.481227e-01,5.563824e+02
1.197288e+02,-2.689928e+00,3.479343e-01,9.792393e+03
4.472755e+01,-1.200191e+00,5.239179e+00,2.510245e+02
5.892308e+01,4.619338e-01,6.257946e+00,6.202470e+02
2.047684e+01,-3.361143e+00,2.080785e+00,1.103169e+02
1.339571e+02,4.940300e-01,9.806344e-01,9.882649e+03
3.404980e+01,6.629011e+00,5.028315e+00,1.998204e+02
4.205025e+01,-8.281274e-01,5.710944e-01,4.147329e+02
1.748125e+01,7.412297e-01,1.280930e+00,1.228692e+02
3.429984e+01,-1.199964e-01,1.843258e+00,1.751492e+02
6.159473e+01,8.004433e-01,6.862755e-01,1.271313e+03
5.896798e+01,8.057814e-02,1.762597e+00,7.207832e+02
3.282941e+01,5.315763e-01,3.032962e+00,1.383787e+02
3.525979e+01,-2.734949e+00,3.114222e+00,1.633794e+02
4.973437e+01,1.213900e+00,3.389404e+00,2.816175e+02
4.889297e+01,3.121412e-01,2.056830e+00,3.101206e+02
5.348712e+01,6.539038e-01,2.056502e+00,3.986329e+02
3.080997e+01,-3.784392e-01,1.459846e+00,1.815164e+02
3.070128e+01,-2.080666e+00,5.228040e+00,1.543026e+02
3.840570e+01,-3.212089e+00,3.020432e+00,1.857204e+02
5.291986e+01,-2.528408e+00,3.759002e+00,3.742891e+02
5.993509e+01,-1.312277e+00,2.954118e+00,6.237555e+02
1.321854e+02,1.556445e+00,1.495495e+00,9.908160e+03
6.873413e+01,3.440480e+00,1.871549e+00,1.570256e+03
4.395354e+01,-4.551995e-02,6.013956e-01,6.564055e+02
3.341647e+01,-1.609436e+00,1.837243e+00,1.594415e+02
6.365301e+01,-2.303427e+00,3.597169e+00,8.853556e+02
2.749750e+01,2.370646e+00,2.614977e+00,1.126968e+02
5.368191e+01,1.113461e+00,6.367017e-01,5.048699e+02
1.541659e+01,3.050258e+00,2.129480e+00,9.112949e+01
2.541981e+01,-9.837912e-01,4.131744e+00,1.205210e+02
5.216291e+01,1.787225e+00,2.373110e+00,3.136872e+02
8.259717e+01,3.379013e+00,3.556784e+00,9.560587e+03
3.993868e+01,9.389191e-01,2.877105e+00,1.759351e+02
1.034431e+02,8.679280e-01,3.397865e+00,9.900277e+03
1.065034e+02,2.233024e+00,2.275812e+00,9.778370e+03
3.598574e+01,1.311549e+00,1.651130e+00,1.558387e+02
5.732609e+01,-1.417960e-01,4.108509e+00,4.869161e+02
4.205396e+01,-1.555171e+00,9.843871e-01,2.596183e+02
4.134995e+01,-1.128143e+00,2.944927e+00,1.998513e+02
6.006374e+01,-1.396982e+00,3.893757e+00,6.193476e+02
7.049740e+01,-2.261020e+00,5.330289e+00,2.485502e+03
2.830810e+01,-3.132811e+00,2.978868e+00,1.338538e+02
2.207449e+01,6.832389e-03,4.136295e+00,1.096261e+02
5.175221e+01,-2.857076e-01,1.075322e+00,6.140691e+02
4.052998e+01,-1.537824e+00,7.562109e-01,2.552798e+02
2.758742e+01,-4.106729e-01,1.993945e+00,1.373560e+02
8.765038e+01,-1.299746e+00,1.594778e+00,1.005972e+04
6.428182e+01,1.738106e+00,3.100908e+00,8.941735e+02
1.792696e+01,2.608262e+00,2.502729e+00,9.420185e+01
8.394869e+01,2.942872e+00,2.363753e+00,9.367568e+03
1.079977e+02,-5.710897e-01,1.375970e+00,9.867858e+03
5.001705e+01,-2.250863e+00,9.571744e-01,3.397970e+02
5.784676e+01,1.077475e+00,1.011954e+00,6.560027e+02
3.923259e+01,-1.695724e+00,4.830067e-01,2.384242e+02
3.736537e+01,1.188753e+00,4.613765e+00,1.712031e+02
4.044544e+01,-6.339406e-01,3.008226e+00,1.903438e+02
8.881533e+01,-1.322282e+00,2.492753e+00,1.001813e+04
5.409917e+01,2.297065e+00,2.143773e+00,3.446844e+02
4.521629e+01,3.234365e+00,3.482140e+00,2.242253e+02
6.504828e+01,-3.877434e+00,1.190658e+00,1.053206e+03
4.531138e+01,-1.076847e+00,1.042633e+00,3.465140e+02
2.679824e+01,-1.792247e+00,1.177577e+00,1.390266e+02
3.630088e+01,-7.687772e-01,5.010203e-01,3.516463e+02
1.919413e+01,-5.776913e-01,3.676100e+00,1.028651e+02
5.252850e+01,2.418828e+00,2.328584e+00,3.107978e+02
3.255391e+01,-5.148617e-01,1.510295e+00,1.864034e+02
2.372652e+01,1.255240e+00,2.972151e+00,1.062870e+02
4.198932e+01,-3.833117e+00,2.685876e+00,2.181970e+02
1.204509e+02,-7.033577e-01,2.355081e+00,9.832182e+03
6.237812e+01,5.059164e-01,3.835809e+00,7.491547e+02
7.255144e+01,-2.021477e+00,6.110757e-01,1.041708e+04
1.310349e+02,1.182263e+00,9.222367e-01,9.896020e+03
4.690375e+01,-1.396458e+00,3.752509e+00,2.595033e+02
1.397973e+02,2.932793e+00,1.903694e+00,9.880498e+03
3.718958e+01,-4.052049e+00,4.684597e+00,2.011220e+02
1.653657e+01,1.895110e+00,2.187223e+00,9.189565e+01
4.047207e+01,2.511900e+00,2.781638e+00,1.714662e+02
4.576819e+01,-4.477075e+00,3.435864e+00,2.752481e+02
4.100962e+01,-1.237874e+00,3.903384e+00,1.981817e+02
8.576328e+01,1.006126e-01,1.584499e+00,9.932950e+03
4.009263e+01,-5.754578e-01,2.388927e+00,1.968379e+02
1.281829e+02,-1.855469e+00,9.418870e-01,9.736259e+03
4.604231e+01,-4.151290e-01,1.404343e+00,3.504482e+02
2.993235e+01,-7.990248e-01,1.473301e+00,1.686741e+02
4.926306e+01,-2.064489e+00,1.265233e+00,3.252991e+02
4.414568e+01,4.682233e-01,2.073885e+00,2.358686e+02
3.800736e+01,7.636340e-01,1.090621e+00,2.249273e+02
2.460482e+01,-1.844397e-01,2.188639e+00,1.216795e+02
4.726779e+01,4.679327e+00,1.894808e+00,2.418001e+02
4.931488e+01,-2.465776e+00,5.118714e+00,3.255831e+02
1.010071e+02,2.044829e-02,3.587765e+00,9.920922e+03
5.392597e+01,6.461321e-01,3.622982e+00,3.723525e+02
2.687308e+01,7.921343e-01,1.519559e+00,1.353598e+02
4.353451e+01,-2.223536e+00,1.496509e+00,2.342184e+02
1.039229e+01,3.304891e+00,9.220884e-01,8.585570e+01
3.540645e+01,-3.032064e+00,1.753020e+00,1.637472e+02
6.787818e+01,1.470089e+00,3.700798e+00,1.480169e+03
3.623657e+01,-1.974653e-01,8.429659e-01,3.431094e+02
4.754471e+01,-4.951403e-01,2.738409e+00,2.696579e+02
5.377342e+01,2.914838e-01,2.032025e+00,4.271885e+02
5.376883e+01,-1.990234e+00,3.535480e+00,3.877399e+02
5.803906e+01,-8.547784e-01,1.031803e+00,8.766167e+02
3.409343e+01,-6.444253e-02,3.732870e+00,1.481009e+02
2.709686e+01,1.435510e+00,2.005125e+00,1.147403e+02
5.805336e+01,-3.237186e+00,3.089787e+00,5.359999e+02
1.163895e+02,1.129791e-01,3.227043e+00,9.873461e+03
6.208383e+01,-1.611359e+00,2.345524e+00,7.990988e+02
4.821753e+01,1.326180e+00,1.168933e+00,2.884447e+02
3.622564e+01,-8.720081e-01,2.874021e+00,1.631236e+02
4.721317e+01,1.725372e+00,1.415231e+00,2.409601e+02
1.215861e+02,9.111945e-01,7.721626e-01,9.864008e+03
2.273806e+01,-7.248400e-02,1.181619e+00,1.704030e+02
3.912201e+01,1.826313e+00,3.809329e+00,1.727597e+02
2.678117e+01,-1.822835e-01,1.861656e+00,1.385912e+02
3.988666e+01,-8.517396e-01,9.705848e-01,2.999213e+02
3.836265e+01,-5.972767e-01,2.642746e+00,1.785635e+02
6.004844e+01,-1.945861e+00,1.116673e+00,7.352506e+02
4.280899e+01,1.862207e+00,2.553992e+00,1.896778e+02
4.096467e+01,1.312478e+00,2.373067e+00,1.808341e+02
3.880229e+01,2.598886e+00,1.015601e+00,1.492928e+02
1.314351e+01,4.204089e+00,2.898799e+00,9.873994e+01
3.787870e+01,1.086729e+00,2.800029e+00,1.610813e+02
1.023552e+02,4.418150e-01,6.392489e-01,9.765407e+03
1.173522e+02,-1.107772e+00,7.082314e-01,9.762329e+03
4.334486e+01,2.063341e+00,2.687345e+00,1.939448e+02
2.757960e+01,-3.760360e-01,3.521142e+00,1.225672e+02
1.320475e+02,2.926662e+00,6.057954e+00,9.871333e+03
4.465642e+01,-6.548991e-01,1.452166e+00,3.110260e+02
5.871739e+01,-1.359909e+00,2.342367e+00,5.896434e+02
5.855540e+01,2.029524e+00,2.291274e+00,4.948704e+02
2.263165e+01,-2.421472e+00,3.170448e+00,1.141625e+02
3.177368e+01,-1.567710e+00,7.186823e+00,1.827376e+02
4.730003e+01,-1.246792e-01,1.065134e+00,4.735799e+02
6.249464e+01,1.996489e-01,2.864407e+00,8.003373e+02
3.786934e+01,2.676766e+00,2.615296e+00,1.538870e+02
3.071751e+01,6.011955e+00,3.000571e+00,1.552978e+02
1.039064e+02,1.391347e+00,2.695494e+00,9.867801e+03
3.615018e+01,5.643940e+00,3.428379e+00,1.810708e+02
2.832592e+01,-1.478171e+00,1.687969e+00,1.403772e+02
2.368849e+01,1.487084e+00,7.495212e-01,1.194414e+02
7.637034e+01,-4.290944e-01,2.736178e+00,1.008120e+04
5.711149e+01,2.350769e+00,1.500285e+00,4.246646e+02
3.999995e+01,1.666826e+00,9.674718e-01,1.781545e+02
8.406233e+01,-5.365730e-02,1.473969e+00,9.976547e+03
3.352505e+01,-6.458788e-01,2.076006e+00,1.617059e+02
1.329370e+02,8.184639e-01,2.515045e+00,9.871391e+03
4.361429e+01,-1.584101e+00,1.865823e+00,2.388456e+02
5.956559e+01,-1.341298e+00,2.640947e+00,6.166098e+02
2.366314e+01,-9.126360e-01,2.535148e+00,1.149215e+02
1.210275e+02,-2.286824e+00,2.596230e+00,9.767987e+03
2.829736e+01,-1.320471e+00,2.566638e+00,1.291130e+02
1.765472e+01,2.147422e+00,1.381166e+00,9.279461e+01
5.136635e+01,1.885921e+00,2.088728e+00,2.959222e+02
6.275907e+01,8.447418e-01,4.540570e+00,7.865305e+02
3.053754e+01,7.767177e-01,1.952639e+00,1.369253e+02
4.273619e+01,5.045852e+00,1.985207e+00,2.036289e+02
3.820190e+01,2.132246e+00,2.156890e+00,1.535615e+02
3.867298e+01,-4.753638e-01,9.080143e-01,3.375290e+02
4.238644e+01,-1.217953e+00,3.547322e+00,2.083452e+02
5.365726e+01,2.001941e+00,3.759633e+00,3.589615e+02
1.375878e+02,-3.492139e-01,3.083646e+00,9.820617e+03
3.840087e+01,2.820974e+00,5.335945e+00,1.940655e+02
5.374833e+01,2.463254e+00,1.736427e+00,3.296970e+02
5.990888e+01,2.320755e+00,2.461228e+00,5.494415e+02
4.753828e+01,-2.428055e+00,1.726450e+00,2.781655e+02
2.085300e+01,-6.321667e-01,3.883934e-01,2.619555e+02
5.373674e+01,5.361366e-02,4.171106e+00,3.770774e+02
1.322459e+02,-2.586134e-01,3.545112e-01,9.770230e+03
5.275669e+01,-1.484516e+00,3.247060e+00,3.607828e+02
5.800021e+01,-2.747580e-01,2.754593e+00,5.366451e+02
2.840313e+01,6.588525e-01,2.093531e+00,1.280611e+02
7.197175e+01,-1.077006e+00,3.297234e+00,4.323588e+03
4.497547e+01,8.363547e-01,5.049014e+00,2.426216e+02
6.152949e+01,1.990319e+00,4.495001e+00,6.930579e+02
4.403535e+01,3.274719e+00,1.542350e+00,1.884935e+02
4.266385e+01,1.057894e+00,4.047815e+00,2.036991e+02
1.314401e+02,-1.664127e+00,2.164745e+00,9.760639e+03
1.482426e+01,1.153332e-01,2.214855e+00,9.962369e+01
3.095139e+01,-2.595198e+00,2.955246e+00,1.413377e+02
4.083236e+01,-1.390107e+00,2.190728e+00,2.053100e+02
5.354502e+01,1.662223e+00,1.345022e+00,3.621084e+02
2.267279e+01,-8.282368e-01,1.603814e+00,1.323594e+02
6.205279e+01,-1.970774e+00,2.563202e+00,7.698512e+02
3.281271e+01,5.725715e-01,2.522780e+00,1.405139e+02
3.396452e+01,-4.018148e+00,5.422571e+00,1.884379e+02
1.305349e+02,-7.803233e-01,2.828400e+00,9.816106e+03
1.302940e+02,4.963181e-01,1.281049e+00,9.877946e+03
5.606579e+01,1.387601e+00,1.909887e+00,4.396181e+02
4.337551e+01,6.010700e+00,2.921973e+00,2.375633e+02
3.410537e+01,1.035921e+00,4.421447e+00,1.509898e+02
1.071281e+02,-6.686399e-01,6.273662e-01,9.844351e+03
1.980577e+01,-1.805903e+00,2.523916e+00,1.059100e+02
4.013033e+01,1.421790e+00,2.125409e+00,1.742376e+02
3.960283e+01,1.659305e+00,2.394459e+00,1.667747e+02
4.142724e+01,-6.966183e-01,3.782101e+00,1.982951e+02
4.783788e+01,-8.429909e-01,6.048042e-01,5.434581e+02
3.247767e+01,-4.596005e+00,2.533549e+00,1.613713e+02
6.075858e+01,-2.278887e-01,1.544057e+00,9.603910e+02
1.162762e+02,7.510709e+00,1.383876e+00,9.557035e+03
6.243829e+01,-2.658983e+00,2.409807e+00,7.896704e+02
4.874202e+01,-1.790518e+00,4.609297e+00,2.989224e+02
8.076499e+00,6.694327e-01,2.839490e+00,8.708037e+01
3.592262e+01,-4.454933e+00,2.341599e+00,1.777026e+02
6.646455e+01,1.156470e-01,2.941298e+00,1.319608e+03
5.343486e+01,3.447884e+00,1.161064e+01,6.369609e+02
3.995192e+01,-1.105662e+00,3.047020e+00,1.879610e+02
3.497098e+01,-1.322438e+00,2.181872e-01,2.468994e+02
3.113263e+01,7.087971e-01,1.139647e+00,1.773511e+02
1.271747e+02,-2.148428e+00,2.953368e+00,9.773489e+03
2.630950e+01,1.757327e-01,5.702115e+00,1.355377e+02
5.442755e+01,3.049986e+00,1.756378e+00,3.397503e+02
6.822797e+01,5.031411e-01,1.591687e+00,2.561477e+03
3.057243e+01,-6.609695e+00,3.110480e+00,1.801085e+02
5.341540e+01,3.860398e+00,1.060488e+00,3.131866e+02
8.348087e+01,7.690060e-01,1.641453e+00,9.703925e+03
4.575758e+01,2.046289e+00,3.867794e+00,2.313863e+02
5.672971e+01,2.397615e+00,7.889514e-01,4.066169e+02
5.859791e+01,-9.694620e-01,2.301897e+00,5.976875e+02
6.748447e+01,2.165594e+00,3.385854e+00,1.360016e+03
5.052592e+01,1.373017e+00,7.158662e-01,3.479705e+02
8.065761e+01,4.521160e-01,8.366356e-01,9.572453e+03
9.518093e+01,-3.166400e-01,3.330440e-01,9.978828e+03
3.618912e+01,2.170844e+00,7.695864e+00,2.163610e+02
6.311050e+01,3.831529e-01,1.893560e+00,1.028010e+03
5.642549e+01,-4.299897e+00,2.185233e+00,4.847840e+02
5.803281e+01,-1.773216e+00,8.088712e-01,6.691687e+02
3.999635e+01,1.716533e+00,1.648355e+00,1.702307e+02
4.727128e+01,-1.591123e+00,2.869841e+00,2.657332e+02
4.561669e+01,1.283525e-01,2.109532e+00,2.606293e+02
2.484092e+01,-1.906510e-01,2.648805e+00,1.157454e+02
4.896612e+01,2.099455e-01,3.867213e+00,2.798399e+02
1.142925e+02,1.847317e+00,4.257704e+00,9.890697e+03
2.848908e+01,-7.768339e-01,2.428773e+00,1.312142e+02
5.044085e+01,-9.978524e-01,1.066526e+00,4.701537e+02
5.084644e+01,6.076300e-01,9.379683e-01,5.066343e+02
5.228897e+01,-1.595672e+00,3.424096e+00,3.505051e+02
1.241256e+02,1.170005e+00,3.125872e-01,9.812438e+03
3.451199e+01,-1.798500e-01,3.008134e+00,1.502260e+02
6.568161e+01,-1.602685e+00,1.954809e+00,1.306126e+03
1.267888e+02,4.682069e+00,2.146468e+00,9.746184e+03
4.057815e+01,-1.804522e+00,2.349881e+00,1.984574e+02
3.562432e+01,-2.132625e-01,2.730302e+00,1.584600e+02
3.754148e+01,-1.536863e+00,1.731311e+00,1.886362e+02
4.527709e+01,-1.035355e+00,3.601016e+00,2.370279e+02
4.127707e+01,-2.599856e+00,3.801891e+00,2.084741e+02
1.394571e+01,-1.952697e+00,2.250237e+00,9.635159e+01
6.430027e+01,-3.821198e-01,2.197414e+00,1.131970e+03
5.277393e+01,-1.407333e+00,2.380758e+00,3.769024e+02
3.644868e+01,9.896060e-01,3.653330e-01,2.338547e+02
4.369308e+01,7.260917e-01,3.058525e+00,2.090921e+02
6.517250e+01,-1.995197e+00,4.603077e+00,1.068786e+03
5.262977e+01,-2.926750e-01,2.241342e+00,3.893577e+02
3.463179e+01,2.076645e-01,2.017061e+00,1.651427e+02
6.633557e+01,2.048143e+00,2.201239e+00,1.178916e+03
3.141309e+01,2.421472e+00,1.806662e+00,1.207497e+02
4.993948e+01,-3.942965e+00,4.348837e+00,3.441348e+02
1.387199e+02,-1.768091e+00,2.770151e+00,9.776165e+03
4.470899e+01,5.577146e-01,2.085842e+00,2.394097e+02
5.541511e+01,-1.935732e+00,2.085608e+00,4.522515e+02
3.439045e+01,8.958770e-01,2.213607e+00,1.476913e+02
3.893839e+01,1.350035e+00,6.212907e+00,2.080119e+02
4.179990e+01,2.057742e+00,2.623112e+00,1.807457e+02
2.003098e+01,2.809864e+00,4.976189e+00,1.162054e+02
4.776537e+01,-9.832712e-02,3.351769e+00,2.630614e+02
4.000832e+01,-2.010544e+00,3.575516e+00,1.925409e+02
6.224814e+01,2.683650e+00,1.338365e+00,6.624894e+02
5.542227e+01,-2.044720e+00,1.808226e+00,4.595830e+02
5.403341e+01,1.043607e+00,3.634104e+00,3.713997e+02
4.536637e+01,2.407397e+00,2.729374e+00,2.123515e+02
5.090035e+01,-3.405427e+00,2.297728e+00,3.303446e+02
4.373496e+01,7.038229e+00,4.377030e+00,2.814177e+02
4.134378e+01,1.984110e+00,2.954180e+00,1.800618e+02
5.202712e+01,1.993931e+00,1.623692e+00,3.059376e+02
1.394475e+02,-1.954466e+00,2.978281e+00,9.776756e+03
3.661549e+01,-2.010434e-01,2.987002e+00,1.620524e+02
5.709501e+01,-5.382823e-01,1.108331e+00,8.541452e+02
5.792298e+01,-1.121746e+00,5.335060e+00,5.494600e+02
8.999320e+01,3.774747e+00,2.088017e+00,9.313071e+03
5.293934e+01,-2.965988e+00,4.573947e+00,3.955858e+02
3.337426e+01,7.590175e-01,1.775138e+00,1.548779e+02
5.799988e+01,2.532292e+00,8.465465e+00,6.893768e+02
5.263400e+01,-1.605678e+00,1.853366e+00,3.922665e+02
3.268957e+01,2.127654e+00,3.011265e+00,1.321729e+02
6.542054e+01,9.329222e-01,1.137298e+00,1.616642e+03
3.531492e+01,-2.844556e+00,4.791574e+00,1.783993e+02
2.239716e+01,-1.612358e+00,2.178840e+00,1.136891e+02
4.022267e+01,-1.613852e+00,1.408376e+00,2.189429e+02
6.481656e+01,1.906976e+00,3.481099e+00,9.486965e+02
1.198265e+02,1.081939e+00,2.653931e+00,9.893927e+03
3.561920e+01,-3.928514e-01,3.450192e+00,1.564834e+02
1.374184e+02,1.017476e+00,3.278847e+00,9.858543e+03
1.291949e+02,-4.015458e-01,2.439072e+00,9.825594e+03
1.063052e+02,2.466349e+00,2.902895e+00,9.819652e+03
3.170074e+01,6.794876e-01,4.616719e+00,1.424402e+02
1.129018e+02,-2.197691e+00,3.394368e+00,9.816476e+03
4.790331e+01,-1.847892e+00,3.017236e+00,2.743509e+02
4.543982e+01,-2.385948e+00,2.686329e+00,2.442310e+02
4.124296e+01,-1.002813e+00,1.080848e+00,2.877085e+02
4.867114e+01,4.351902e+00,4.534286e+00,3.036716e+02
3.557342e+01,1.686822e-01,1.630229e+00,1.926134e+02
6.449754e+01,-2.053340e+00,2.258031e+00,1.030349e+03
3.832559e+01,-2.306474e+00,1.860832e+00,1.833648e+02
3.376758e+01,-5.359153e-01,3.760671e+00,1.483695e+02
2.735663e+01,3.689392e-01,1.906594e+00,1.332578e+02
6.837900e+01,1.192395e+00,2.780814e+00,1.744569e+03
4.769369e+01,-2.971307e-01,2.176292e+00,2.929676e+02
1.236493e+02,2.354079e-01,6.333572e-01,9.864097e+03
4.075300e+01,-9.866720e-01,5.039806e+00,2.072790e+02
5.356019e+01,-3.317161e+00,2.078692e+00,3.873512e+02
2.052186e+01,-1.610020e+00,2.088617e+00,1.099020e+02
1.057774e+02,-3.108807e+00,4.163668e+00,9.830932e+03
4.197709e+01,6.916303e-01,2.650564e+00,1.958713e+02
1.731774e+01,-1.138999e+00,2.237620e+00,1.034193e+02
6.618231e+01,-9.444946e-01,2.923818e+00,1.271089e+03
3.241741e+01,-3.883950e-01,1.351606e+00,2.018150e+02
2.769879e+01,-4.391092e-01,1.606599e+00,1.549929e+02
3.381781e+01,3.170660e+00,2.988899e+00,1.391882e+02
4.857336e+01,-3.567176e+00,2.952191e-01,2.913175e+02
1.996450e+01,2.264204e+00,2.245775e+00,9.587396e+01
4.857360e+01,-8.315703e-02,2.071509e+00,3.128490e+02
4.141040e+01,-6.162428e-01,9.505960e-01,3.530580e+02
1.129172e+02,-1.635898e+00,1.762596e+00,9.793360e+03
5.471678e+01,3.609094e+00,1.759644e+00,3.488779e+02
1.134097e+02,-4.158973e+00,4.391959e+00,9.789879e+03
2.888741e+01,-1.463636e+00,2.691596e+00,1.306584e+02
6.064010e+01,1.287676e+00,3.767751e+00,6.218638e+02
4.631279e+01,1.252174e+00,1.607451e+00,2.488465e+02
6.981515e+01,4.716827e+00,3.527482e+00,2.011483e+03
4.110321e+01,4.895064e+00,2.373088e+00,1.920433e+02
4.808184e+01,2.272385e+00,4.164677e-01,2.327563e+02
4.772146e+01,1.616476e+00,2.508892e+00,2.443856e+02
1.371292e+02,-1.110743e-02,3.015129e+00,9.827926e+03
5.991425e+01,2.516777e+00,4.206655e+00,5.911410e+02
4.203484e+01,-1.613110e+00,9.947499e-01,2.549638e+02
4.569326e+01,-3.139452e-01,2.651055e+00,2.458335e+02
3.831088e+01,-2.931212e+00,5.467570e+00,2.081112e+02
1.254408e+02,-1.955906e+00,1.464518e+00,9.740341e+03
2.523557e+01,-2.781710e-02,1.323524e+00,1.653713e+02
1.337382e+02,3.925700e-03,1.748943e+00,9.832345e+03
4.516322e+01,-2.951841e+00,2.870556e+00,2.438229e+02
4.045894e+01,2.972005e+00,2.353356e+00,1.679581e+02
5.686081e+01,-2.749063e+00,4.180091e+00,4.995278e+02
3.571438e+01,5.555564e-01,4.502851e+00,1.607813e+02
3.450100e+01,1.827961e+00,1.144467e+00,1.395396e+02
4.425059e+01,1.550996e+00,2.507432e+00,2.058126e+02
3.652430e+01,-3.730349e-01,1.689612e+00,2.013024e+02
6.439037e+01,9.219803e-01,2.466362e+00,1.000402e+03
3.288537e+01,1.830792e+00,1.758311e-01,1.372097e+02
1.357135e+02,7.102038e-01,6.705614e+00,9.831812e+03
3.337869e+01,-1.041703e-01,4.075389e+00,1.467472e+02
6.876880e+01,-2.075059e+00,8.231669e-01,2.465543e+03
8.688456e+01,-1.252628e+00,2.732328e+00,1.003245e+04
1.467837e+01,2.005154e+00,2.027545e+00,8.970752e+01
4.982660e+01,3.569418e+00,8.949101e-01,2.480654e+02
1.019180e+02,9.710287e-01,2.101461e+00,9.858131e+03
3.060879e+01,-1.279743e-01,1.229867e+00,2.052202e+02
2.577083e+01,-3.314663e+00,1.985451e+00,1.238483e+02
1.346602e+02,-3.677496e+00,4.533987e+00,9.776142e+03
1.142975e+02,9.614037e-01,5.003860e+00,9.876840e+03
5.026717e+01,-2.899678e-01,3.517505e+00,3.034414e+02
2.782260e+01,8.589273e-02,3.170183e+00,1.214433e+02
6.124875e+01,-1.246373e+00,2.002304e+00,7.920366e+02
2.239538e+01,2.117676e+00,2.937375e+00,1.025532e+02
6.559729e+01,-2.018699e+00,2.907311e+00,1.135940e+03
3.620378e+01,-1.250824e+00,3.469012e+00,1.632125e+02
1.849090e+01,4.827335e-01,2.449902e+00,1.005768e+02
1.602498e+01,3.233302e-01,2.030008e+00,1.035116e+02
4.590118e+01,-5.502995e-01,3.698524e+00,2.419942e+02
1.268379e+02,-6.858021e+00,1.511569e+00,9.831801e+03
5.179442e+01,2.062846e+00,3.281740e+00,3.111292e+02
5.985365e+01,4.019303e+00,2.032053e+00,5.331883e+02
4.491289e+01,1.605054e+00,5.100966e-01,2.337562e+02
5.150102e+01,-9.226459e-01,3.077764e+00,3.333713e+02
3.153442e+01,-4.377642e+00,8.049867e-01,1.495339e+02
5.065467e+01,-9.030038e-01,5.687849e+00,3.483669e+02
4.787313e+01,2.742624e+00,4.010833e+00,2.625392e+02
2.178591e+01,-1.746375e+00,6.727543e-01,1.320599e+02
5.832896e+01,-1.902386e+00,3.226277e+00,5.381300e+02
3.103916e+01,9.357965e-01,2.367123e+00,1.307984e+02
9.785704e+01,2.690178e-01,8.193183e-01,9.814079e+03
5.744935e+01,1.086275e+00,1.791640e+00,5.271639e+02
1.830611e+01,1.053553e+00,2.460244e+00,9.719342e+01
8.893826e+01,1.555714e+00,1.997113e+00,9.622064e+03
2.770987e+01,2.383386e+00,2.044572e+00,1.106937e+02
4.000286e+01,6.131827e-01,3.483873e+00,1.795622e+02
3.594096e+01,1.290814e+00,1.640840e+00,1.563556e+02
4.425041e+01,-1.966029e+00,1.110892e+00,2.583357e+02
6.654484e+01,1.993590e-01,3.119174e+00,1.304276e+03
7.836085e+01,-1.152004e+00,2.315865e+00,1.014867e+04
2.921761e+01,4.325820e-01,7.631478e+00,1.723929e+02
2.130829e+01,-1.337702e+00,4.210302e+00,1.117926e+02
5.274993e+01,3.955411e-01,1.187809e+00,5.479976e+02
1.193689e+02,4.410561e+00,6.358789e+00,9.880285e+03
1.317791e+02,2.709030e-01,6.144548e-01,9.870838e+03
5.359189e+01,-5.637407e-01,2.106735e+00,4.278382e+02
6.373551e+01,1.320074e+00,2.134362e+00,9.142542e+02
4.950679e+01,1.158396e+00,2.888598e+00,2.769966e+02
4.806663e+01,1.421222e+00,1.113718e+00,2.793108e+02
9.274994e+01,-2.024511e+00,3.385195e+00,9.943004e+03
4.981236e+01,1.962344e+00,3.438560e+00,2.791931e+02
5.232516e+01,-1.844656e+00,2.539926e-01,4.540908e+02
1.102697e+02,2.659152e+00,1.411614e+00,9.615258e+03
1.355962e+02,3.316273e+00,1.026939e+01,9.840292e+03
5.612970e+01,1.084762e+00,3.930844e+00,4.335969e+02
5.207669e+01,-6.707542e-01,2.413780e+00,3.651684e+02
3.289155e+01,1.535212e+00,2.431990e+00,1.324424e+02
5.809098e+01,1.189696e+00,3.672081e+00,4.993434e+02
6.075905e+01,3.832762e-01,1.602357e+00,8.806293e+02
4.622702e+01,7.673806e-01,1.364459e+00,2.983039e+02
2.046824e+01,-9.840175e-01,3.632905e+00,1.061729e+02
3.052737e+01,3.264678e-01,1.616115e+00,1.596896e+02
3.581913e+01,-3.145754e-01,2.510918e+00,1.632679e+02
2.445496e+01,-7.697883e-01,2.460854e+00,1.177702e+02
3.876393e+01,4.823342e-01,2.724092e+00,1.727510e+02
5.592934e+01,-7.596281e-01,1.024712e+00,7.645815e+02
6.446405e+01,-9.926859e-01,4.633564e+00,9.694184e+02
4.832731e+01,-1.396322e+00,2.485188e+00,2.869096e+02
3.589379e+01,-1.401407e+00,1.308480e+00,1.950158e+02
5.663347e+01,-2.374319e-01,3.909122e+00,4.612401e+02
5.396142e+01,2.929917e+00,2.438319e+00,3.404414e+02
5.173596e+01,-1.506323e+00,2.077988e+00,3.627586e+02
3.030004e+01,-1.261863e+00,4.698955e+00,1.427375e+02
9.673145e+01,2.488151e+00,1.305507e+00,9.357506e+03
5.539994e+01,-5.696292e-01,1.810947e+00,5.287460e+02
2.840158e+01,1.413205e+00,3.894579e+00,1.233562e+02
2.956154e+01,1.126154e+00,9.969102e-01,1.496969e+02
5.409185e+01,4.974142e+00,4.564079e+00,4.296964e+02
2.209490e+01,4.155580e-01,2.732068e+00,1.059705e+02
5.420834e+01,3.486422e+00,2.344541e+00,3.468029e+02
1.158770e+02,-8.221875e-01,1.208503e+00,9.802235e+03
1.669233e+01,2.602453e+00,4.648191e+00,1.066384e+02
1.218729e+02,-2.544649e+00,2.607675e+00,9.760937e+03
2.909697e+01,-2.925639e+00,2.089131e+00,1.340964e+02
1.065996e+02,1.641496e+00,6.775557e-01,9.540453e+03
1.833892e+01,3.144397e+00,3.288020e+00,1.007015e+02
2.803093e+01,1.673701e+00,2.046950e+00,1.149053e+02
2.449981e+01,2.015084e+00,2.132652e+00,1.042156e+02
4.376930e+01,-1.223914e-01,1.661590e+00,2.771797e+02
1.149658e+02,4.841444e-01,2.662657e+00,9.885401e+03
1.351431e+02,3.634640e+00,4.301673e+00,9.900124e+03
5.898916e+01,-1.804465e+00,1.843467e+00,6.205805e+02
1.301270e+02,2.613561e+00,5.965408e+00,9.869239e+03
4.873568e+01,-4.348140e+00,3.308342e+00,3.147840e+02
2.782592e+01,-1.116555e+00,1.453177e+00,1.520290e+02
1.145548e+02,1.607022e+00,1.778730e+00,9.851869e+03
1.197377e+02,-1.580988e+00,2.033401e+00,9.777873e+03
2.604508e+01,2.474860e-01,2.770709e+00,1.164138e+02
1.479674e+01,5.914175e-01,1.978668e+00,1.005287e+02
6.646097e+01,2.340764e-01,3.208750e+00,1.275179e+03
4.151454e+01,4.415621e-01,7.240476e+00,2.505722e+02
4.711847e+01,3.123749e+00,2.542057e+00,2.300208e+02
1.118192e+02,-7.892518e-01,4.848840e+00,9.872905e+03
4.825009e+01,-1.373654e+00,3.371295e+00,2.770741e+02
4.184973e+01,1.146356e+00,2.204943e+00,1.923226e+02
3.351242e+01,1.766510e+00,2.292979e+00,1.332563e+02
3.034318e+01,4.242449e-01,1.975546e+00,1.417990e+02
1.772216e+01,7.264135e-01,1.716799e+00,1.087316e+02
6.947035e+01,-1.929009e+00,1.295030e+00,2.808509e+03
3.001239e+01,-2.587764e+00,3.060435e+00,1.377753e+02
4.152875e+01,1.664534e+00,1.922924e+00,1.812741e+02
3.321491e+01,-3.313042e+00,2.246464e+00,1.532830e+02
1.321924e+02,-1.855955e+00,2.379973e+00,9.761170e+03
2.415279e+01,1.108169e+00,1.503828e+00,1.188673e+02
3.618147e+01,-2.211390e+00,3.562763e+00,1.677857e+02
7.128083e+01,2.789306e+00,2.704830e+00,2.939009e+03
1.242481e+02,3.426575e-01,2.541753e+00,9.863307e+03
1.395432e+02,-1.836324e+00,2.815637e+00,9.775651e+03
4.241330e+01,1.384753e+00,1.945915e+00,1.948168e+02
4.225218e+01,4.087432e+00,3.407147e+00,2.035954e+02
4.280443e+01,-1.754360e+00,2.744755e+00,2.152198e+02
4.736238e+01,3.474906e+00,1.941263e+00,2.269528e+02
3.267239e+01,-1.236494e-02,1.932873e+00,1.605005e+02
1.337462e+02,-8.680710e-01,4.073230e-01,9.730522e+03
3.761292e+01,2.712084e+00,3.601634e+00,1.627219e+02
4.399953e+01,-1.002795e+00,1.145037e+00,3.190079e+02
4.150105e+01,7.356295e-02,3.498569e+00,1.941421e+02
1.278693e+02,1.066981e+00,2.173638e+00,9.896754e+03
5.804381e+01,-1.803546e+00,2.707796e+00,5.339892e+02
2.111182e+01,2.751654e-01,6.899889e-01,2.306282e+02
5.082319e+01,1.701756e+00,1.228472e+00,3.017383e+02
5.316202e+01,-2.997203e+00,2.273231e+00,3.764919e+02
8.068924e+01,-3.740317e+00,1.456374e+00,1.010506e+04
1.351256e+02,6.595756e-02,1.583024e+00,9.834823e+03
3.934193e+01,2.965539e+00,3.384733e+00,1.719284e+02
5.204395e+01,2.683146e+00,1.811194e+00,2.928806e+02
2.707890e+01,1.088332e+00,6.477277e-01,1.555748e+02
3.348699e+01,9.448198e-01,2.432381e+00,1.405212e+02
6.360609e+01,-1.490880e+00,2.670016e+00,9.199649e+02
2.175460e+01,3.188924e+00,3.063632e+00,1.049731e+02
2.878373e+01,-3.473102e-01,5.585040e+00,1.436372e+02
4.373608e+01,1.688743e+00,3.570751e+00,2.068647e+02
1.221222e+02,3.585355e-01,1.197447e+00,9.871808e+03
3.687667e+01,1.134043e+00,1.381349e+00,1.740875e+02
2.987823e+01,-1.370017e+00,2.467458e+00,1.358147e+02
3.924114e+01,3.100498e+00,1.376155e+00,1.530033e+02
4.736184e+01,-1.128842e+00,2.849941e+00,2.667502e+02
2.956396e+01,-1.639278e+00,1.317356e+00,1.511420e+02
1.605292e+01,3.734581e+00,6.235468e+00,1.262610e+02
7.556599e+01,9.984428e-01,6.384314e-01,8.948074e+03
8.120278e+01,-3.475650e-01,2.843147e+00,1.003962e+04
5.399718e+01,-1.017067e+00,1.472815e+00,5.069188e+02
2.894007e+01,1.828436e+00,3.316227e+00,1.209298e+02
4.723551e+01,-5.980561e-01,2.906895e+00,2.626820e+02
5.437647e+01,1.353530e+00,1.488148e+00,4.079341e+02
4.145181e+01,4.103467e+00,9.387040e-01,1.716628e+02
1.053426e+02,2.093397e+00,5.051574e+00,9.884032e+03
3.426066e+01,4.839906e-01,2.018585e+00,1.582623e+02
1.174909e+02,-8.677342e-01,2.988061e+00,9.846078e+03
4.119973e+01,-7.698018e-01,3.471503e+00,1.958854e+02
2.636751e+01,-4.221558e-01,1.924128e+00,1.352102e+02
1.751611e+01,1.132754e+00,2.185072e+00,9.700384e+01
2.544131e+01,1.796305e+00,6.671335e-01,1.136531e+02
2.570414e+01,4.449843e+00,2.909509e+00,1.211874e+02
4.433244e+01,1.064888e-01,4.783994e+00,2.324731e+02
4.920850e+01,8.301594e-01,3.393075e+00,2.765628e+02
1.183019e+02,-2.440498e-01,1.638241e+00,9.847160e+03
6.257286e+01,-2.317290e-01,4.613325e+00,7.831625e+02
1.018914e+02,4.967965e-02,2.236557e+00,9.917362e+03
6.439237e+01,-1.684945e+00,1.170145e+00,1.249941e+03
3.450438e+01,-2.625169e+00,3.492434e+00,1.604379e+02
6.450280e+01,-1.330570e+00,3.805696e+00,9.687483e+02
1.309733e+02,2.578891e-02,3.224682e+00,9.838184e+03
3.048694e+01,4.665496e-01,2.703109e+00,1.302794e+02
3.933444e+01,1.175082e+00,2.383540e+00,1.709098e+02
4.148976e+01,-1.965650e+00,2.024550e+00,2.093343e+02
6.484511e+01,-1.726521e+00,2.868564e+00,1.042717e+03
2.578814e+01,7.446518e-01,2.096601e+00,1.186775e+02
3.135796e+01,-3.172707e+00,2.868660e+00,1.457197e+02
5.176785e+01,4.832278e-01,3.660424e+00,3.257541e+02
4.649594e+01,-2.465534e+00,3.542127e+00,2.601047e+02
5.931895e+01,-1.367519e-01,2.680564e+00,6.046240e+02
2.615528e+01,9.359374e-01,3.125304e+00,1.134998e+02
1.387980e+02,-4.270191e+00,3.290520e+00,9.761434e+03
3.828102e+01,9.777523e-01,4.256235e+00,1.727692e+02
1.740357e+01,1.715705e+00,2.313349e+00,9.345076e+01
6.500420e+01,1.013687e+00,1.014477e+01,1.391454e+03
4.516302e+01,4.803586e+00,2.509522e+00,2.284596e+02
4.553093e+01,9.219645e-01,2.507722e+00,2.295484e+02
4.371990e+01,5.472018e-01,5.098513e+00,2.303087e+02
1.300546e+02,-1.979185e+00,3.597723e+00,9.794235e+03
4.621143e+01,-1.300870e+00,1.794049e+00,2.812125e+02
3.829201e+01,3.042644e-01,3.141413e+00,1.690006e+02
3.832584e+01,4.082374e-01,3.268680e+00,1.685835e+02
3.662117e+01,-8.873860e-02,2.566353e+00,1.658260e+02
4.036793e+01,1.554368e-01,3.789997e+00,1.858968e+02
6.841033e+01,2.749061e+00,1.936712e+00,1.556741e+03
5.291236e+01,4.872315e+00,1.836934e+00,3.347302e+02
8.230256e+01,3.610634e+00,2.479585e+00,9.293191e+03
4.039482e+01,5.025859e+00,2.252788e+00,1.876226e+02
5.053709e+01,-2.145275e+00,1.199557e+00,3.486565e+02
1.254409e+02,3.060252e+00,3.831595e+00,9.900390e+03
4.431017e+01,-2.600097e-01,1.768187e+00,2.745760e+02
3.593353e+01,1.306654e+00,1.193479e+00,1.651819e+02
1.364692e+02,-5.510085e-01,4.226638e+00,9.824740e+03
5.668746e+01,1.504230e+00,2.629809e+00,4.397685e+02
1.291647e+02,1.028892e+00,4.817660e+00,9.852712e+03
3.121811e+01,8.857294e-01,3.910182e+00,1.339000e+02
2.209093e+01,-3.741000e-01,1.270120e+00,1.579065e+02
2.002963e+01,-4.303910e-01,3.171802e+00,1.032454e+02
5.593479e+01,1.837935e-01,2.644613e+00,4.539376e+02
7.974123e+01,-5.091246e-01,2.013829e+00,1.010063e+04
5.341588e+01,-4.480479e-01,1.785137e+00,4.645316e+02
4.945984e+01,7.691229e-01,4.096944e+00,2.869114e+02
2.266899e+01,7.131589e-02,4.708781e+00,1.151447e+02
5.057955e+01,5.242262e-01,4.092558e-01,7.517451e+02
1.188760e+02,-1.050933e+00,2.815290e+00,9.831458e+03
6.802455e+01,-1.028232e+00,1.425964e+00,2.516582e+03
3.264904e+01,-2.002859e+00,2.579650e+00,1.472011e+02
3.751478e+01,-1.065412e-01,1.865314e+00,1.959047e+02
3.224761e+01,1.495806e+00,1.160648e+00,1.396159e+02
5.341628e+01,-2.462063e+00,1.801042e+00,3.904617e+02
1.035431e+02,-1.196940e-01,1.002776e+00,9.886726e+03
3.407614e+01,2.227315e+00,2.068820e+00,1.324162e+02
5.758485e+01,2.161443e+00,6.343114e-01,4.535716e+02
4.615424e+01,1.422237e+00,1.743136e+00,2.355666e+02
9.504822e+00,7.627163e-01,1.641043e+00,1.007251e+02
6.165094e+01,1.340838e+00,2.398313e+00,7.031188e+02
1.300502e+02,1.127592e+00,6.802397e+00,9.841721e+03
6.136109e+01,-1.667676e+00,1.899035e+00,7.803118e+02
6.716646e+01,1.428594e+00,2.466664e+00,1.419587e+03
3.615125e+01,-1.189684e+00,1.634754e+00,1.889631e+02
4.842389e+01,1.641190e+00,2.856021e+00,2.547939e+02
2.898725e+01,-6.283433e-01,6.890169e-01,2.635126e+02
6.443034e+01,3.160930e+00,4.006239e+00,9.202087e+02
5.775309e+01,7.967568e-01,1.709872e+00,5.852020e+02
3.285007e+01,-2.163900e-01,1.103950e+00,2.412528e+02
5.575328e+01,-1.186210e+00,2.415212e+00,4.650621e+02
5.825116e+01,-6.042080e-02,2.103721e+00,6.109396e+02
9.100914e+00,-4.019345e-01,3.498961e+00,8.924784e+01
5.026893e+01,2.380291e-01,1.632931e+00,3.870319e+02
4.258811e+01,8.004028e-01,2.697138e+00,1.994730e+02
5.458097e+01,2.346977e+00,2.561573e+00,3.604465e+02
3.727042e+01,9.600540e-01,3.732425e+00,1.617107e+02
5.315834e+01,-2.864554e+00,2.114609e+00,3.770125e+02
8.988231e+01,5.223461e+00,1.349811e+00,9.143760e+03
2.918960e+01,3.893030e-02,4.762390e+00,1.350119e+02
5.362435e+01,6.272315e-01,3.252271e+00,3.649458e+02
3.277295e+01,8.633544e-02,9.967420e-01,2.548454e+02
1.190773e+02,1.209696e+00,1.989055e+00,9.896339e+03
1.392185e+02,9.234138e-01,3.178127e+00,9.853818e+03
3.273823e+01,2.080005e+00,1.786414e+00,1.271750e+02
3.578709e+01,-3.946700e+00,1.498580e+00,1.692563e+02
3.163933e+01,-6.527976e-01,1.570054e+00,1.746736e+02
5.450080e+01,-2.259911e+00,2.063409e+00,4.182171e+02
1.379335e+02,-3.981016e+00,1.033145e+00,9.794772e+03
6.958783e+01,1.874849e+00,1.564461e+00,2.403992e+03
4.726215e+01,-2.331449e+00,1.573552e+00,2.777447e+02
5.651079e+01,4.134028e-01,1.683384e+00,5.745808e+02
5.634376e+01,-6.509499e-01,1.126813e+00,7.707153e+02
5.170690e+01,-8.438712e-01,3.121459e+00,3.367619e+02
1.566312e+01,9.950736e-01,4.499379e+00,1.003267e+02
6.273217e+01,-7.757110e-01,2.628841e+00,8.564964e+02
4.668711e+01,-7.910198e-01,1.746439e+00,3.061810e+02
1.696068e+01,-1.313261e+00,3.094549e-01,1.481103e+02
3.376558e+01,6.191448e+00,5.307578e+00,1.958968e+02
3.087407e+01,-1.750299e+00,9.624629e-01,1.626443e+02
5.022559e+01,1.801682e+00,2.241609e+00,2.779166e+02
2.906893e+01,1.198710e+00,2.277929e+00,1.216685e+02
4.825709e+01,-3.540778e-01,9.972847e-01,5.204350e+02
9.147755e+01,6.924011e-01,1.447576e+00,9.760939e+03
1.147768e+02,2.319947e+00,2.001027e+00,9.810296e+03
2.835437e+01,1.172018e+00,2.738141e-01,1.627549e+02
3.902676e+01,1.277779e+00,4.459262e+00,1.800158e+02
4.070530e+01,1.701997e+00,4.725960e+00,1.967550e+02
6.352149e+01,1.434782e+00,1.955913e+00,8.926327e+02
1.265189e+02,-1.955641e+00,2.889099e+00,9.778772e+03
4.687892e+01,2.430280e+00,2.565751e+00,2.270553e+02
1.384977e+02,-3.057227e-01,3.265270e+00,9.821334e+03
3.429210e+01,1.012342e-01,4.671829e+00,1.560139e+02
4.341318e+01,3.803907e+00,2.528905e+00,1.979035e+02
9.875677e+01,-3.945431e+00,1.477366e+00,9.900383e+03
4.313326e+01,-1.941407e+00,4.607567e+00,2.293023e+02
6.047285e+01,-9.600706e-01,3.752953e+00,6.386794e+02
6.056569e+01,-2.237106e+00,2.433681e+00,6.651704e+02
1.066594e+02,8.810543e-01,4.419756e+00,9.894269e+03
3.136791e+01,1.528553e+00,1.155641e+00,1.350506e+02
6.176382e+01,-5.219364e+00,5.372816e+00,8.726882e+02
1.721033e+01,7.541429e-01,3.540966e+00,9.693101e+01
4.956256e+01,-8.256988e-01,2.937836e+00,2.988752e+02
1.202636e+02,-2.334722e+00,1.062844e+00,9.758841e+03
2.748734e+01,5.652277e-01,1.914089e+00,1.303294e+02
1.042486e+02,-1.574721e+00,1.490651e+00,9.849709e+03
5.598413e+01,-1.869084e+00,2.612435e+00,4.573033e+02
2.320975e+01,2.196003e+00,2.899064e+00,1.040194e+02
1.386014e+02,-2.628611e-01,1.434139e+00,9.807621e+03
1.927532e+01,-1.832277e+00,2.693613e+00,1.046071e+02
3.711019e+01,-1.258784e+00,3.846096e+00,1.701052e+02
5.022511e+01,5.111492e-01,8.985368e-01,5.260275e+02
1.184310e+02,-5.970404e-01,1.654948e+00,9.826031e+03
1.267762e+02,7.263509e-01,1.427580e+00,9.891770e+03
1.088749e+02,-2.911026e+00,2.208931e+00,9.798659e+03
4.655033e+01,-2.048445e+00,2.508020e+00,2.586794e+02
1.343943e+02,2.404534e+00,2.766687e+00,9.912778e+03
4.291493e+01,-7.031954e-01,2.235441e+00,2.280744e+02
6.710014e+01,-7.334683e-01,8.382866e-01,3.172345e+03
3.920976e+01,-3.514163e+00,2.613467e+00,1.919009e+02
1.094350e+02,2.409278e+00,3.823313e+00,9.878198e+03
1.026650e+02,4.512480e+00,6.430785e+00,9.844122e+03
3.675273e+01,2.379146e+00,5.089068e+00,1.770030e+02
4.303617e+01,-4.206831e+00,1.848438e+00,2.280973e+02
5.136057e+01,4.143837e+00,2.619897e+00,3.035892e+02
5.559836e+01,1.412705e+00,3.116322e+00,4.063855e+02
5.539870e+01,-1.332932e+00,2.227604e+00,4.605698e+02
2.878269e+01,8.808675e-01,4.253359e+00,1.277517e+02
9.271330e+01,-2.610823e-01,1.666393e-01,1.003722e+04
3.195856e+01,6.481765e+00,1.226386e+01,2.881292e+02
3.366841e+01,-4.855236e-01,1.811430e+00,1.739363e+02
1.331558e+01,-1.013838e+00,5.328156e-01,1.560960e+02
5.005544e+01,6.639974e+00,2.394297e+00,3.363569e+02
4.715664e+01,3.064221e-01,2.176637e+00,2.747230e+02
8.985465e+01,-4.800551e+00,2.411420e+00,9.942112e+03
3.437981e+01,2.522080e+00,4.963314e+00,1.623296e+02
4.828278e+01,-6.609874e-01,1.454208e+00,3.770096e+02
2.282114e+01,1.675609e+00,2.087612e+00,1.024398e+02
3.060440e+01,-7.378390e-03,2.422486e+00,1.371782e+02
6.932370e+01,-1.243273e+00,2.077824e+00,2.598683e+03
2.339317e+01,-5.369993e+00,4.100535e+00,1.437182e+02
1.086030e+02,4.744457e+00,2.765402e+00,9.650941e+03
4.627997e+01,-5.075186e+00,1.726639e+00,2.779879e+02
2.441142e+01,1.004013e+00,2.841805e-01,1.678780e+02
4.296504e+01,3.139836e+00,1.030016e-01,1.724109e+02
1.028143e+02,-2.522135e+00,2.302624e+00,9.841569e+03
1.095045e+02,-2.444514e+00,6.454433e-01,9.825765e+03
3.434149e+01,3.440232e+00,1.934118e+00,1.342560e+02
5.961649e+01,-2.085728e+00,3.195801e+00,5.995206e+02
3.537833e+01,2.399574e+00,1.897402e+00,1.366867e+02
1.284853e+02,-5.165263e-01,1.178370e+00,9.790097e+03
8.512902e+01,3.238684e-01,3.068360e+00,9.947643e+03
4.187027e+01,2.896647e+00,6.693400e+00,2.495688e+02
3.991555e+01,8.218774e-01,2.344386e+00,1.810837e+02
1.318064e+02,-2.420150e-01,3.702014e+00,9.832622e+03
2.008821e+01,-7.019271e-01,2.511993e+00,1.065484e+02
1.162595e+02,-4.761107e+00,5.196195e+00,9.788018e+03
4.108449e+01,-6.809466e-01,2.162946e+00,2.128156e+02
6.943938e+01,-9.986237e-01,4.046125e+00,2.020212e+03
4.859859e+01,-7.197048e-01,1.398765e+00,3.899211e+02
1.318620e+02,-3.069212e+00,3.061658e+00,9.755527e+03
4.631099e+01,-1.218401e+00,1.673605e+00,2.922684e+02
3.441745e+01,-2.267450e+00,1.641721e+00,1.609591e+02
1.995505e+01,3.553017e+00,3.608942e+00,1.077570e+02
1.254887e+02,-3.045059e+00,1.873415e+00,9.751129e+03
8.769169e+01,2.183185e+00,1.354301e+00,9.219441e+03
4.325129e+01,-2.597233e+00,1.709211e+00,2.246123e+02
2.742046e+01,1.273992e+00,1.244425e+00,1.285559e+02
2.936303e+01,-1.603918e+00,2.235518e+00,1.354063e+02
6.261187e+01,2.724603e+00,1.999268e+00,6.965107e+02
1.339392e+02,-6.974823e-01,9.701730e-01,9.761390e+03
5.835542e+01,1.113955e+00,1.199234e+00,6.431354e+02
1.224610e+02,2.397695e+00,2.618937e+00,9.891990e+03
4.507188e+01,-3.157825e-01,3.383289e+00,2.307617e+02
5.187651e+01,-8.599352e-01,3.318062e+00,3.386085e+02
1.792707e+01,3.498951e+00,5.731988e+00,1.231453e+02
1.690210e+01,-6.506986e-01,1.551079e+00,1.218149e+02
5.029685e+01,-3.784087e-01,2.104743e+00,3.463170e+02
8.597191e+01,1.072407e+00,3.225229e+00,9.858247e+03
1.972490e+01,4.518335e+00,2.588113e+00,1.074549e+02
3.857152e+01,-3.857470e-01,1.567883e+00,2.290564e+02
4.385156e+01,2.064409e+00,2.090499e+00,1.947684e+02
5.809377e+01,1.401073e+00,2.355103e+00,5.018614e+02
1.199100e+02,4.683924e+00,2.764660e+00,9.756672e+03
2.613978e+01,1.552721e-01,5.551395e+00,1.332447e+02
2.531415e+01,-2.109110e+00,5.229257e+00,1.344028e+02
5.607027e+01,2.944880e+00,1.638914e+00,3.808528e+02
7.209419e+01,3.236679e+00,4.993003e+00,3.498573e+03
4.527315e+01,2.674493e+00,3.718233e+00,2.253668e+02
1.326248e+02,1.044377e+00,2.841710e+00,9.875938e+03
2.911052e+01,-3.317978e-01,2.982530e+00,1.277160e+02
5.040356e+01,-7.587995e-01,4.146800e+00,3.121726e+02
3.686404e+01,-1.710073e+00,2.863244e+00,1.687811e+02
1.379160e+02,1.158192e+00,1.878415e+00,9.900421e+03
1.175239e+02,-2.886594e+00,1.733644e+00,9.766171e+03
3.145193e+01,1.167679e+00,1.097532e+00,1.520792e+02
3.491722e+01,6.907995e-01,3.110694e+00,1.473396e+02
1.118192e+02,2.001333e-02,1.453209e+00,9.873142e+03
1.949809e+01,1.326202e+00,6.428939e+00,1.263254e+02
3.330042e+01,4.235406e+00,1.486686e+00,1.336791e+02
1.685345e+01,-7.155363e+00,2.463821e+00,1.369183e+02
3.367677e+01,-1.093201e+00,4.410339e+00,1.544496e+02
4.697446e+01,-8.213153e-01,3.488110e-01,5.980425e+02
2.293439e+01,-2.261539e-01,3.619195e+00,1.096619e+02
3.674192e+01,-1.647822e+00,4.286646e+00,1.731176e+02
1.367957e+02,-1.645994e-02,2.809862e+00,9.828153e+03
4.349575e+01,1.874595e+00,1.092771e+00,1.968055e+02
2.301429e+01,-3.291007e-01,3.852059e+00,1.109722e+02
2.062091e+01,1.615052e+00,3.913433e+00,1.044352e+02
6.519829e+01,-8.190902e-01,6.876626e-02,3.075446e+03
1.177105e+01,-1.178272e+00,9.699050e-01,1.224391e+02
3.018752e+01,-2.342898e+00,1.342383e+00,1.421697e+02
6.328896e+01,-3.895290e+00,3.091092e+00,8.729582e+02
6.547998e+01,-2.290315e+00,1.677863e+00,1.208478e+03
1.331075e+02,-3.976922e-01,1.557671e+00,9.805273e+03
1.215424e+01,-8.233678e-01,8.536026e-01,1.472929e+02
1.337040e+02,4.218207e-01,3.065272e+00,9.844900e+03
2.710786e+01,-1.383863e+00,4.490470e+00,1.297414e+02
3.705115e+01,-4.734527e-01,4.244630e+00,1.690558e+02
5.485729e+01,5.356789e-01,1.320387e+00,5.697865e+02
5.193950e+01,2.443940e-01,3.668871e+00,3.312207e+02
6.222521e+01,1.461649e+00,2.775500e+00,7.252848e+02
4.871085e+01,-2.576736e+00,1.587179e+00,2.959534e+02
5.190510e+01,2.599374e-01,3.577620e+00,3.301431e+02
1.360175e+02,2.846783e+00,2.129390e+00,9.888785e+03
4.899200e+01,3.406885e+00,1.528459e+00,2.417123e+02
5.929424e+01,-2.109156e+00,2.735958e+00,5.888381e+02
4.403415e+01,-2.927485e+00,1.032381e+00,2.343308e+02
1.543102e+01,1.225159e-01,3.307863e+00,9.473715e+01
2.279277e+01,8.844728e-01,3.064757e+00,1.053834e+02
1.387139e+02,3.543611e-01,1.471015e+00,9.854382e+03
3.596152e+01,2.606437e+00,1.781987e+00,1.382579e+02
1.822967e+01,2.399631e-01,1.725061e+00,1.166356e+02
1.398056e+02,6.902107e-01,1.026338e+01,9.825800e+03
1.850690e+01,-3.026363e-01,2.355571e-01,4.499621e+02
4.069714e+01,2.578002e-01,1.123690e+00,3.026282e+02
5.930631e+01,5.007983e-02,1.842525e+00,7.235768e+02
2.342219e+01,-7.872672e-01,1.220299e+00,1.563469e+02
4.496385e+01,-8.464695e-01,2.159549e+00,2.541050e+02
3.894383e+01,-3.107352e+00,1.533455e+00,1.868149e+02
6.268152e+01,2.610298e+00,3.342677e+00,7.336109e+02
5.051289e+01,-2.729368e+00,3.465104e+00,3.235736e+02
4.283247e+01,5.460887e-01,1.443853e+00,2.607301e+02
9.911238e+01,-4.159388e-02,1.074875e+00,9.899036e+03
3.399902e+01,-1.625003e+00,9.439983e-02,2.065600e+02
4.658949e+01,2.020424e+00,4.562576e+00,2.536105e+02
4.049148e+01,5.774090e-01,1.724188e+00,2.124349e+02
6.030473e+01,-2.047678e+00,6.131467e+00,7.134982e+02
4.435379e+01,-2.584250e-02,2.570556e+00,2.296259e+02
1.674836e+01,3.268852e-01,3.814394e+00,9.780855e+01
6.561611e+01,1.810163e+00,4.285799e+00,1.069865e+03
9.681199e+00,8.804682e-01,4.179511e+00,9.195253e+01
5.783546e+01,1.648729e+00,2.404798e+00,4.792343e+02
1.303532e+02,-1.675145e+00,2.207588e+00,9.762347e+03
4.108956e+01,-4.785363e+00,2.139538e+00,2.189551e+02
3.520082e+01,2.064604e+00,1.870303e+00,1.377130e+02
4.727451e+01,-2.711604e-01,3.685685e+00,2.576554e+02
1.926310e+01,-2.670383e+00,5.150834e+00,1.208518e+02
5.570385e+01,-1.441106e-01,5.834713e+00,4.765445e+02
3.869380e+01,-1.786775e+00,3.728231e+00,1.825027e+02
5.249847e+01,2.569623e+00,2.448143e+00,3.105993e+02
3.705645e+01,2.659587e+00,1.963812e+00,1.446110e+02
4.362102e+01,1.116463e+00,2.482028e+00,2.061780e+02
3.067356e+01,1.331900e+00,2.951074e+00,1.258759e+02
1.381358e+02,-1.108552e+00,1.443229e+00,9.757135e+03
3.154551e+01,5.740434e-01,1.137890e+00,1.894587e+02
4.412747e+01,7.603078e-01,3.633600e+00,2.148524e+02
4.288369e+01,-5.304692e+00,7.085068e+00,3.085923e+02
2.591428e+01,-1.263230e+00,7.083060e+00,1.543887e+02
5.079347e+01,1.289267e+00,2.429720e+00,2.991493e+02
5.788392e+01,7.308619e-01,3.955888e+00,4.989339e+02
1.301241e+02,8.037412e-01,2.530447e+00,9.874352e+03
1.505561e+01,-3.817255e+00,2.004013e+00,1.021597e+02
7.023399e+01,1.475647e+00,2.124101e+00,2.866275e+03
4.307068e+01,-3.354923e+00,3.239274e+00,2.273049e+02
3.074914e+01,-2.500141e+00,7.404844e-01,1.467638e+02
6.242555e+01,1.851453e+00,2.522767e+00,7.252989e+02
3.361678e+01,-3.158271e+00,3.630495e+00,1.605041e+02
1.059463e+02,2.874747e+00,3.844000e+00,9.846839e+03
4.164445e+01,-1.396357e+00,3.408636e+00,2.023155e+02
7.892348e+01,-2.065320e-01,2.478536e+00,1.004261e+04
1.176363e+02,1.392998e+00,2.089511e+00,9.892693e+03
3.857163e+01,2.746514e+00,1.075931e+00,1.475888e+02
3.615002e+01,5.476531e-01,2.255177e+00,1.619938e+02
7.545885e+01,3.534532e+00,4.850171e+00,9.641833e+03
1.266866e+02,-7.871722e+00,1.427714e+00,9.840065e+03
5.905289e+01,-1.691256e+00,1.604205e+00,6.536382e+02
1.021257e+02,-6.693378e-01,1.000277e+00,9.898250e+03
3.656633e+01,2.160699e-01,2.685876e+00,1.615090e+02
1.774254e+01,-2.570322e+00,4.157757e+00,1.093915e+02
2.807104e+01,-2.024072e+00,3.527933e+00,1.297841e+02
1.289376e+02,-6.404377e-01,4.243353e+00,9.834109e+03
5.483866e+01,1.932879e-01,1.644174e+00,5.299303e+02
1.617713e+01,-2.141542e+00,2.690753e+00,9.950303e+01
1.244538e+02,-2.359008e-01,1.646677e+00,9.831956e+03
5.287758e+01,-2.087778e-01,3.900491e+00,3.560026e+02
1.333797e+02,1.102367e-01,2.742355e+00,9.837016e+03
3.305514e+01,-2.263562e+00,3.681135e+00,1.520693e+02
5.577598e+01,-2.128490e+00,8.672224e-01,5.100926e+02
3.407003e+01,-2.574480e+00,8.002486e-01,1.619635e+02
2.182212e+01,7.564522e+00,2.702016e+00,1.444861e+02
1.397006e+02,4.736303e-01,2.450896e+00,9.844766e+03
1.084661e+02,-5.061497e-01,1.423945e+00,9.869605e+03
1.046006e+02,-1.057162e+00,8.146915e-01,9.856475e+03
4.229292e+01,-4.784126e+00,3.134446e+00,2.375990e+02
2.888039e+01,2.965556e-02,5.983822e-01,3.551253e+02
1.247807e+02,-1.636827e+00,1.622927e+00,9.749800e+03
2.679384e+01,1.059986e-01,2.040667e+00,1.304553e+02
6.441823e+01,1.249661e+00,3.419980e-01,1.425586e+03
4.587395e+01,2.577761e+00,1.539002e+00,2.059439e+02
3.278664e+01,7.647438e-01,4.564732e+00,1.465459e+02
4.865670e+01,3.895120e-01,1.782362e+00,3.255079e+02
8.494233e+01,-2.072361e-01,3.199625e+00,9.999348e+03
5.590448e+01,1.831414e+00,3.351241e+00,4.124990e+02
4.869197e+01,-4.282176e+00,4.068693e+00,3.234846e+02
1.206663e+02,-2.100519e+00,6.211759e-01,9.762187e+03
4.228066e+01,5.544323e+00,2.837229e+00,2.176658e+02
4.894510e+01,5.115432e+00,1.696800e+00,2.705651e+02
1.042022e+02,2.646013e+00,1.532404e+00,9.546837e+03
2.659330e+01,2.174728e+00,6.360142e-01,1.085821e+02
3.089731e+01,1.040177e+00,3.795058e+00,1.316106e+02
5.059795e+01,-1.976776e+00,1.084882e+00,3.632440e+02
4.014755e+01,-1.800883e+00,4.754615e+00,2.033751e+02
5.807453e+01,-2.225206e+00,3.665463e+00,5.304444e+02
6.373648e+01,-2.056251e+00,4.839818e+00,9.190614e+02
2.529041e+01,-1.689433e+00,4.346640e+00,1.242785e+02
3.894556e+01,2.642435e+00,2.722811e+00,1.611000e+02
2.804837e+01,1.845244e+00,8.837514e-01,1.176672e+02
4.490374e+01,-3.312486e+00,2.420037e+00,2.417984e+02
1.203968e+02,1.622582e+00,1.019401e+00,9.806905e+03
4.808943e+01,3.360746e+00,3.671072e+00,2.634743e+02
6.468881e+01,-2.131468e+00,2.558840e+00,1.027799e+03
6.113291e+01,4.015641e-01,1.368104e+00,1.019733e+03
1.102573e+02,-1.288950e+00,3.776617e-01,9.804329e+03
3.168463e+01,1.125003e+00,1.265549e+00,1.499947e+02
3.694101e+01,8.282388e-01,1.901299e+00,1.696650e+02
6.440879e+01,2.083254e+00,1.598413e+00,9.183273e+02
3.961654e+01,-3.593900e+00,5.358353e-01,1.928182e+02
5.734450e+01,1.982556e+00,3.545302e+00,4.620086e+02
5.549783e+01,8.441698e-01,6.087560e-01,7.093263e+02
1.393468e+02,9.062837e-01,2.295001e+00,9.872540e+03
3.298564e+01,1.953545e+00,8.128816e-01,1.316120e+02
5.052961e+01,-6.926997e-01,2.146087e+00,3.469982e+02
3.160816e+01,-3.344280e-01,3.431080e+00,1.370061e+02
1.346937e+02,-2.833467e-01,2.663900e+00,9.823006e+03
4.971515e+01,6.365991e-02,2.251882e+00,3.190233e+02
3.609724e+01,-9.561731e-01,2.432166e+00,1.675353e+02
2.969792e+01,4.825687e-01,2.712697e+00,1.271848e+02
2.329062e+01,1.637724e-01,4.093600e+00,1.118821e+02
9.174600e+01,6.167530e-01,8.305738e-01,9.630207e+03
3.806337e+01,-1.671913e+00,6.198003e+00,2.079803e+02
9.191487e+01,-5.261549e+00,4.781719e+00,9.878309e+03
1.327810e+02,2.488540e+00,8.315155e-01,9.789799e+03
6.218007e+01,-1.659743e-01,2.282741e+00,8.602915e+02
2.998812e+01,-6.486359e-01,1.050699e+00,2.120126e+02
1.367251e+02,-8.623998e-01,2.118733e+00,9.791247e+03
3.711943e+01,2.913982e-01,1.638259e+00,1.999813e+02
4.274712e+01,-2.129252e+00,2.753724e+00,2.151163e+02
3.462226e+01,-3.883450e+00,6.835570e-01,1.615310e+02
3.580106e+01,2.421501e+00,1.706861e+00,1.376857e+02
3.994602e+01,-3.006826e+00,3.110964e+00,1.959877e+02
5.024734e+01,-2.962177e+00,2.992081e+00,3.175139e+02
9.674190e+01,8.385437e-01,4.117586e+00,9.908822e+03
1.356313e+01,-2.176620e+00,2.276452e+00,9.573349e+01
3.981313e+01,-8.416082e-01,2.149512e+00,2.014593e+02
5.797576e+01,-3.541369e-01,3.769359e+00,5.121822e+02
3.629330e+01,-6.046269e-01,1.747507e+00,1.942210e+02
4.227804e+01,-5.519811e-01,2.388810e+00,2.164187e+02
2.905116e+01,-4.382564e-02,2.788149e+00,1.273341e+02
2.831201e+01,-3.682919e+00,6.798376e+00,1.732400e+02
4.886160e+01,-2.430768e+00,1.050791e+00,3.093995e+02
5.095183e+01,-3.211631e-01,2.001336e+00,3.698775e+02
5.059802e+01,2.809032e+00,6.139422e-01,2.567289e+02
4.346499e+01,1.124697e+00,3.316018e+00,2.045385e+02
5.070165e+01,1.375723e+00,1.638419e+00,3.109269e+02
5.904750e+01,2.088577e+00,2.526984e+00,5.154113e+02
1.229939e+02,1.972879e+00,5.879135e-01,9.724729e+03
4.149948e+01,7.423333e-01,1.069544e+00,2.658852e+02
6.555578e+01,1.223262e+00,2.904581e+00,1.092395e+03
3.833642e+01,1.849997e+00,7.732771e-01,1.610289e+02
3.954582e+01,-2.371512e+00,1.824750e+00,1.923015e+02
3.329377e+01,-2.635007e+00,2.166578e+00,1.517005e+02
5.186370e+01,-1.079190e+00,6.191402e+00,3.887798e+02
1.312109e+02,1.247021e-01,2.210626e+00,9.842418e+03
5.005596e+01,-6.274213e-01,1.636208e+00,3.901060e+02
5.907928e+01,-1.546512e+00,6.087560e-01,8.226284e+02
5.503156e+01,-1.966026e+00,7.617576e-01,5.052974e+02
4.631689e+01,4.362170e-02,1.242424e+00,3.877392e+02
1.283854e+02,-4.767621e+00,1.411486e+00,9.803754e+03
5.868669e+01,-3.104937e-01,1.429246e+00,8.328667e+02
3.736941e+01,1.492952e+00,1.753570e+00,1.578081e+02
5.769756e+01,7.487047e-01,2.768435e+00,4.993012e+02
1.077677e+02,7.006746e-01,3.808151e+00,9.895966e+03
5.800569e+01,2.337690e+00,6.353488e-01,4.555124e+02
5.835808e+01,1.421703e-02,3.459203e+00,5.262990e+02
3.712342e+01,3.220223e+00,2.569963e+00,1.512209e+02
3.615798e+01,2.129287e+00,1.882480e+00,1.417530e+02
2.898209e+01,1.793932e+00,2.671637e+00,1.178223e+02
4.411450e+01,-1.056618e+00,6.272079e+00,2.631091e+02
4.626901e+01,1.647365e+00,1.172525e+00,2.362297e+02
2.766839e+01,2.452826e+00,5.280083e-01,1.080041e+02
4.836846e+01,2.553381e+00,6.022938e-01,2.294134e+02
1.214487e+02,-1.059304e+00,1.650001e+00,9.785611e+03
3.488021e+01,-2.695391e+00,1.963651e+00,1.603568e+02
4.692615e+01,1.742667e+00,3.532548e+00,2.406965e+02
6.361718e+01,-4.296906e-01,2.012243e+00,1.093154e+03
5.665315e+01,-8.111321e-01,8.864385e-01,8.586668e+02
3.361142e+01,-1.853329e+00,5.960349e-01,1.815450e+02
3.693378e+01,7.653856e-01,3.110007e+00,1.577996e+02
1.126539e+02,-4.869868e-01,4.385443e+00,9.874841e+03
1.093746e+02,2.359826e+00,7.361857e+00,9.873359e+03
6.325056e+01,-1.648809e+00,4.859816e+00,8.665836e+02
1.951945e+01,1.125108e+00,1.447305e+00,1.099380e+02
4.049964e+01,-1.562322e+00,3.891085e+00,1.957338e+02
2.400624e+01,5.876327e-01,3.312249e+00,1.094036e+02
5.566280e+01,5.168812e-01,3.122708e+00,4.239989e+02
2.992060e+01,8.467940e-01,3.477604e-01,2.151213e+02
1.258259e+02,-3.469200e+00,2.010192e+00,9.757509e+03
5.462629e+01,5.448696e-01,4.301853e+00,3.989854e+02
6.184585e+01,3.427581e+00,1.549344e+00,6.211040e+02
4.054498e+01,-2.065925e+00,1.738778e+00,2.040986e+02
3.083821e+01,2.957684e+00,1.207552e+00,1.162832e+02
4.774400e+01,-6.211163e-01,1.963779e+00,3.083666e+02
5.718758e+01,1.677653e+00,1.416139e+00,4.746373e+02
1.139733e+02,-3.126580e+00,2.602723e+00,9.776389e+03
5.886122e+01,1.270638e+00,1.110718e+00,6.464679e+02
4.989768e+01,-1.537976e+00,2.421298e+00,3.138592e+02
1.740056e+01,1.780440e-01,1.185028e+00,1.484406e+02
3.947332e+01,-3.080685e+00,3.730529e+00,1.974348e+02
2.300213e+01,8.737027e-01,2.057092e+00,1.105835e+02
6.288007e+01,8.963014e-01,1.565501e+00,1.000537e+03
2.774012e+01,-1.667128e+00,2.692294e+00,1.267966e+02
5.928215e+01,2.230143e+00,2.842006e+00,5.261316e+02
4.248432e+01,-1.118773e+00,7.209678e-01,3.348939e+02
3.809077e+01,-1.529828e+00,2.958710e+00,1.760439e+02
3.699800e+01,1.890862e+00,5.522333e+00,1.836662e+02
5.366154e+01,1.197029e+00,1.630737e+00,3.939798e+02
7.536357e+00,-1.623942e+00,1.722028e+00,9.296973e+01
5.434864e+01,-3.333234e-01,8.579080e-01,8.813498e+02
6.550620e+01,-1.215392e+00,4.621642e+00,1.100084e+03
4.775524e+01,1.748923e+00,8.689372e-01,2.538018e+02
4.169560e+01,3.730661e-02,1.278332e+00,3.007286e+02
3.805950e+01,9.180185e-01,1.444809e+00,1.908580e+02
8.032088e+00,2.784164e-01,3.048189e+00,8.732655e+01
1.606601e+01,1.837875e+00,8.826718e-01,9.679383e+01
2.790683e+01,-1.091001e+00,4.122335e+00,1.285563e+02
2.404942e+01,-5.312647e+00,3.719076e+00,1.426216e+02
5.151793e+01,-2.850933e-01,1.537735e+00,4.547909e+02
2.816831e+01,8.667500e-01,2.551908e+00,1.201843e+02
2.871500e+01,4.667229e-02,2.863681e+00,1.253014e+02
4.251759e+01,-4.679069e+00,2.097225e+00,2.304566e+02
8.589892e+01,2.152553e+00,9.932148e-01,9.025072e+03
1.164659e+02,-1.615788e+00,1.991255e+00,9.785824e+03
5.101823e+01,2.724652e-01,2.419432e+00,3.314902e+02
3.080635e+01,1.173548e+00,7.663543e-01,1.596487e+02
5.179891e+01,-2.280055e+00,2.054484e+00,3.508990e+02
4.386799e+01,9.640665e-01,1.684995e+00,2.312132e+02
2.233417e+01,-6.004905e-02,1.834966e+00,1.248197e+02
1.392764e+02,-1.728778e+00,4.269434e+00,9.808204e+03
3.846224e+01,-2.124855e+00,6.284470e+00,2.153601e+02
4.216619e+01,-5.513613e+00,2.790070e+00,2.452443e+02
2.874265e+01,-7.975370e-01,1.803248e+00,1.471578e+02
3.351551e+01,-3.791961e+00,1.088569e+00,1.555736e+02
1.029375e+02,-4.835481e-01,3.747948e+00,9.913940e+03
2.186658e+01,5.682054e-01,2.679957e+00,1.050281e+02
5.537395e+01,1.304181e+00,1.197555e+00,4.665905e+02
2.481445e+01,-2.750860e+00,4.639092e+00,1.309665e+02
5.686644e+01,-7.808194e-02,4.061325e+00,4.692056e+02
6.373650e+01,-5.731078e+00,1.512264e+00,9.651770e+02
4.623386e+01,4.612274e-01,4.827832e-01,5.890087e+02
4.527777e+01,7.170736e-01,5.775786e+00,2.611515e+02
3.416123e+01,1.171113e+00,3.258108e+00,1.419315e+02
5.313486e+01,1.156413e+01,5.895545e+00,6.341353e+02
3.087626e+01,2.058862e-01,1.259637e+00,1.944438e+02
1.615979e+01,2.246007e+00,1.364959e+00,9.067721e+01
3.777002e+01,-1.968113e+00,3.069481e+00,1.750474e+02
4.627549e+01,-2.322890e-01,2.931344e+00,2.474178e+02
2.480508e+01,7.954880e-01,4.713321e+00,1.199874e+02
5.556538e+01,1.823188e-01,2.252875e-01,2.280913e+03
4.628090e+01,1.265978e+00,1.780767e+00,2.428142e+02
7.125442e+01,-4.379046e-01,3.400420e+00,3.392223e+03
1.348353e+02,-1.495848e-01,6.922821e-01,9.806137e+03
1.274536e+02,4.165182e-01,4.347547e+00,9.848392e+03
3.661692e+01,2.181767e+00,1.670241e+00,1.430696e+02
6.020922e+01,-2.692549e-01,2.486754e+00,6.772135e+02
9.556188e+01,-1.382554e+00,2.032284e-01,9.985420e+03
4.404510e+01,2.929175e+00,1.063467e+00,1.842352e+02
3.770149e+01,-2.435382e+00,9.618069e-01,1.857323e+02
5.175341e+01,3.906185e+00,1.767940e+00,2.918612e+02
3.631187e+01,-3.465645e+00,3.064342e+00,1.743618e+02
3.363562e+01,3.200385e-01,2.037188e+00,1.571709e+02
3.033732e+01,-1.960635e+00,2.377264e+00,1.377533e+02
5.444486e+01,-2.322400e-01,9.699252e-01,8.148350e+02
5.638346e+01,-2.721875e+00,1.552913e+00,4.791769e+02
3.082026e+01,7.645229e-01,1.531177e+00,1.513047e+02
4.202931e+01,-3.738305e+00,2.569481e+00,2.169013e+02
8.960181e+01,1.753039e+00,7.814958e-01,9.130459e+03
4.383143e+01,-1.662283e+00,4.450350e-01,2.975107e+02
6.106998e+01,5.776337e+00,2.657347e+00,6.795571e+02
6.753681e+01,-1.403196e+00,3.326773e+00,1.491722e+03
5.638012e+01,-1.408310e-01,3.213269e+00,4.554347e+02
1.036165e+02,1.570845e+00,1.900638e+00,9.780617e+03
1.974234e+01,-9.011900e-01,3.109576e+00,1.037071e+02
6.025187e+01,3.971489e-01,1.502558e+00,8.713983e+02
3.579445e+01,7.596014e-01,2.832660e+00,1.516795e+02
5.041125e+01,8.903225e-01,2.933135e+00,2.959646e+02
5.110810e+01,-6.294090e-01,1.140274e+00,5.281523e+02
4.542922e+01,-5.412238e-01,1.305757e+00,3.526566e+02
3.398577e+01,3.526004e-01,4.400978e+00,1.511304e+02
3.808110e+01,2.428397e+00,3.209327e+00,1.603121e+02
1.051671e+01,-8.397264e-01,2.138107e+00,9.561891e+01
5.457183e+01,1.520491e+00,2.264500e+00,3.783513e+02
6.263953e+01,-1.769530e+00,1.333272e+00,9.623474e+02
3.670892e+01,1.925718e+00,1.194074e+00,1.476753e+02
2.744012e+01,-2.402728e+00,1.236961e+00,1.315826e+02
4.375113e+01,2.268558e+00,1.330281e+00,1.885381e+02
1.370639e+02,-3.514362e-01,1.554498e+00,9.804720e+03
1.230399e+02,2.051111e+00,3.507862e+00,9.901096e+03
3.009699e+01,9.963041e-01,4.712799e+00,1.369115e+02
1.013758e+02,1.715818e+00,2.922259e+00,9.846181e+03
1.212472e+02,6.286820e-01,9.870315e-01,9.880826e+03
5.125702e+01,-3.544049e+00,1.890769e+00,3.373963e+02
5.720881e+01,8.258718e-01,2.383323e+00,4.931880e+02
3.725614e+01,5.422594e-01,1.791506e+00,1.840166e+02
3.780923e+01,-3.739562e-01,4.034709e+00,1.717882e+02
3.723718e+01,1.393721e+00,3.178194e+00,1.566102e+02
1.180933e+02,3.521213e-02,2.040479e+00,9.865469e+03
6.914644e+01,4.445111e+00,3.336252e+00,1.760599e+03
5.581619e+01,-2.638083e-01,4.235314e+00,4.379710e+02
4.517131e+01,2.940755e+00,5.437343e+00,2.599403e+02
1.348882e+02,2.434060e+00,2.293827e+00,9.908579e+03
4.426984e+01,8.870725e-01,1.218036e+00,2.708419e+02
1.195254e+02,-1.963249e+00,2.526858e+00,9.779823e+03
4.600424e+01,3.561174e-01,1.719687e+00,2.881509e+02
1.973204e+01,-8.053187e-01,2.713842e+00,1.045040e+02
8.025596e+01,-1.827150e+00,2.677349e+00,1.009855e+04
4.112098e+01,-1.466673e+00,1.935963e+00,2.134093e+02
4.381049e+00,5.751691e-01,2.044334e+00,9.191237e+01
5.161530e+01,4.630191e-02,1.698420e+00,4.203430e+02
1.963752e+01,-5.106965e+00,3.675247e+00,1.283674e+02
3.121932e+01,1.039484e+00,1.640175e+00,1.407813e+02
2.261827e+01,-2.995023e+00,8.544081e+00,1.687843e+02
1.281192e+02,2.487407e+00,2.288001e+00,9.893070e+03
4.565636e+01,1.218891e+00,1.536993e+00,2.446170e+02
4.150829e+01,4.836957e-01,3.645645e+00,1.925907e+02
1.315296e+01,-6.211826e-01,8.459048e-01,1.637669e+02
3.401452e+01,-1.623931e+00,3.589388e+00,1.532440e+02
2.350854e+01,2.988266e-01,2.057870e+00,1.183180e+02
2.655052e+01,-1.263122e+00,2.051977e+00,1.289053e+02
5.613791e+01,-9.279684e-01,5.610829e+00,4.891234e+02
1.313619e+02,-2.728068e-01,4.936825e-01,9.779762e+03
8.020472e+01,-1.003533e+00,2.080498e+00,1.013681e+04
3.766321e+01,3.501554e+00,5.262720e+00,1.922306e+02
3.887727e+01,1.710647e+00,6.117960e+00,2.065764e+02
4.954086e+01,2.859710e+00,3.969428e+00,2.869355e+02
1.921942e+01,-1.707135e+00,1.532289e+00,1.123385e+02
3.259176e+01,-1.518279e+00,2.825444e+00,1.455876e+02
1.063150e+02,-5.349000e+00,4.906635e+00,9.808647e+03
2.388888e+01,-1.607666e+00,2.659717e+00,1.151310e+02
2.268616e+01,-2.711187e+00,4.227043e+00,1.214512e+02
2.671623e+01,2.905322e-01,3.681103e+00,1.185564e+02
6.244209e+01,1.229573e+00,3.529544e+00,7.406841e+02
5.319967e+01,6.619243e-01,3.260421e+00,3.543229e+02
2.883026e+01,1.832905e+00,3.922406e+00,1.251887e+02
5.092153e+01,-6.052845e-01,3.101023e+00,3.201802e+02
3.586478e+01,-1.445867e+00,5.937704e-01,2.260598e+02
6.603377e+01,-2.566362e+00,2.611448e+00,1.200221e+03
1.342343e+02,-3.028724e-01,3.608435e-01,9.763604e+03
1.250729e+02,-2.779586e+00,3.507197e+00,9.773788e+03
3.284955e+01,1.456001e+00,7.432693e+00,1.884860e+02
1.228253e+02,7.419626e-01,3.974349e+00,9.865570e+03
6.406357e+01,7.087678e-01,4.181975e+00,8.974377e+02
1.072207e+02,-1.976522e+00,1.056933e+00,9.820831e+03
1.174438e+02,4.570856e+00,2.506577e-01,9.476488e+03
1.012595e+02,-5.690564e-02,1.630886e+00,9.912089e+03
5.041081e+01,5.192391e-01,5.838059e+00,3.415806e+02
1.444718e+01,3.883428e-02,8.784922e-01,1.842469e+02
5.527316e+01,3.111520e+00,7.968353e-01,3.476328e+02
4.787238e+01,3.473079e-01,2.572036e+00,2.696815e+02
5.142185e+01,-9.544313e-01,1.847617e+00,3.864718e+02
4.383113e+01,6.331164e-01,4.124637e+00,2.167603e+02
1.185514e+01,-5.094206e+00,3.018174e+00,1.107777e+02
1.291616e+02,1.609589e+00,7.056042e-01,9.836765e+03
6.170689e+01,-1.948567e+00,3.394545e+00,7.238023e+02
8.627814e+01,-5.796072e-01,3.384090e+00,1.000773e+04
4.977911e+01,-6.645847e-02,9.405373e-01,6.098269e+02
4.757080e+01,-3.140676e+00,2.616626e+00,2.748331e+02
4.461002e+01,-4.116852e+00,5.201903e+00,2.797367e+02
5.719734e+01,1.450835e+00,3.441628e+00,4.600361e+02
3.693485e+01,7.716816e-01,2.944010e+00,1.577511e+02
6.238700e+01,1.748641e+00,4.301921e+00,7.454417e+02
3.258056e+01,5.757312e+00,5.208259e+00,1.829402e+02
4.299618e+01,3.562884e-01,9.081301e-01,3.783109e+02
1.674379e+01,-2.225703e+00,8.154112e-01,1.072152e+02
5.478726e+01,-1.096150e+00,3.516139e+00,4.095866e+02
5.520804e+01,2.678519e+00,2.369094e+00,3.708264e+02
3.692262e+01,1.014966e+00,2.375626e+00,1.579078e+02
6.307925e+01,-3.868017e+00,2.243275e+00,8.429145e+02
5.812241e+01,2.035224e+00,2.509877e+00,4.776562e+02
4.623859e+01,4.596637e-02,3.151362e+00,2.427071e+02
4.524994e+01,2.359943e-02,1.462314e+00,3.235230e+02
4.698764e+01,1.556292e+00,6.508509e+00,3.022308e+02
3.019742e+01,1.351674e+00,5.187825e+00,1.431858e+02
9.201567e+01,8.569172e-01,1.026808e+00,9.601664e+03
1.100550e+01,-7.734316e-01,7.399186e-01,1.573361e+02
4.366241e+01,2.245816e-01,1.299324e+00,3.153960e+02
1.225617e+02,-2.283739e+00,4.253731e+00,9.808178e+03
5.380200e+01,-2.561422e+00,4.156035e+00,4.023844e+02
6.478527e+01,1.678773e+00,4.130855e+00,9.621906e+02
5.270412e+01,-3.360212e-02,2.436092e+00,3.748738e+02
2.218306e+01,-6.369982e-01,1.880060e+00,1.229674e+02
4.824176e+01,-2.686307e+00,2.577397e+00,2.822242e+02
3.921040e+01,5.519938e-01,1.298215e+00,2.348816e+02
1.207435e+02,7.425644e-01,1.391525e+00,9.888090e+03
6.657751e+01,-2.183136e-01,2.319638e+00,1.525118e+03
5.515506e+01,1.119684e+00,8.445046e+00,5.577155e+02
5.481339e+01,-1.328807e+00,3.451588e+00,4.116917e+02
5.720894e+01,2.221931e+00,1.244788e+00,4.337960e+02
2.150696e+01,-1.122130e+00,2.252704e+00,1.121183e+02
2.392028e+01,-2.485393e+00,4.894580e+00,1.290624e+02
3.986326e+01,-1.809069e+00,3.498188e+00,1.900361e+02
5.404731e+01,-1.066246e+00,2.938281e+00,3.954801e+02
1.082498e+02,-1.452110e+00,6.167664e-01,9.818090e+03
9.716631e+00,-3.773722e-01,3.742406e+00,9.044082e+01
1.147807e+01,7.928483e-01,2.480280e+00,9.033778e+01
1.877185e+01,-2.227382e+00,2.161207e+00,1.046340e+02
2.237067e+01,-2.099859e+00,3.416978e+00,1.131222e+02
4.142088e+01,-3.314592e+00,1.965008e+00,2.066100e+02
4.328349e+01,1.534786e+00,3.859177e+00,2.062132e+02
1.365561e+02,-1.900905e+00,8.553761e-01,9.738420e+03
1.243779e+01,-1.407355e+00,1.091491e+00,1.124388e+02
4.629393e+01,1.103592e+00,1.189230e+00,2.793397e+02
5.977427e+01,5.772415e-01,3.996743e+00,5.859803e+02
3.212940e+01,4.582447e-01,3.337233e+00,1.359747e+02
4.304408e+01,-1.775225e-01,2.687451e+00,2.147322e+02
9.492571e+01,1.656087e+00,1.533967e+00,9.566485e+03
4.871334e+01,-2.522575e+00,3.334555e+00,2.903904e+02
2.128816e+01,2.893192e+00,5.339724e+00,1.228690e+02
4.287928e+01,4.463132e+00,1.941402e+00,1.948976e+02
1.775618e+01,-1.467296e+00,3.039739e+00,1.010968e+02
1.335350e+02,1.666219e+00,3.573031e+00,9.883416e+03
5.083995e+01,-1.158547e+00,3.541008e+00,3.191171e+02
5.038474e+01,-2.092163e+00,6.189633e+00,3.663775e+02
1.227225e+02,-8.460408e-01,1.322895e+00,9.781920e+03
4.965869e+01,-3.234249e+00,6.274991e+00,3.683735e+02
6.061871e+01,1.205947e+00,8.869988e-01,8.316426e+02
3.782381e+01,1.810283e+00,3.341344e-01,1.618163e+02
6.589250e+01,-1.047985e+00,2.571696e+00,1.273360e+03
7.164292e+01,-5.633524e-01,1.023335e+00,1.030301e+04
5.999809e+01,1.753091e+00,1.400720e+00,6.019306e+02
3.405151e+01,2.924963e+00,2.078566e+00,1.319690e+02
1.388546e+02,9.393258e-01,2.342558e+00,9.873904e+03
1.346651e+01,-5.114558e-01,1.417608e+00,1.232199e+02
5.720285e+01,-5.545992e+00,2.244550e+00,5.508748e+02
6.132247e+01,1.258321e+00,3.702192e+00,6.627057e+02
4.523252e+01,-1.479996e-01,2.445945e+00,2.446806e+02
5.403714e+01,3.719192e-01,7.157231e-01,8.606688e+02
5.210638e+01,-4.004879e+00,5.552991e+00,4.168430e+02
4.415235e+01,-4.346527e-01,1.695960e+00,2.794125e+02
3.940487e+01,1.486460e+00,3.754453e+00,1.743000e+02
3.214157e+01,-4.119856e+00,3.217328e+00,1.588956e+02
6.695930e+01,-3.924095e+00,1.649236e+00,1.350598e+03
3.755932e+01,1.534303e+00,3.628982e+00,1.613280e+02
1.374938e+02,-6.128467e-01,1.383053e+00,9.783018e+03
3.753241e+01,-2.143555e+00,2.469351e+00,1.747925e+02
2.367771e+01,2.474275e+00,5.101960e-01,9.969045e+01
3.868631e+01,5.859766e-01,1.280104e+00,2.290511e+02
5.602756e+01,3.669177e-01,1.595177e+00,5.766851e+02
6.152049e+01,-4.536112e-01,2.624645e+00,7.555864e+02
4.146914e+01,3.218392e+00,1.896831e+00,1.715272e+02
2.257769e+01,-1.180154e+00,2.379603e+00,1.133564e+02
4.424267e+01,3.146466e+00,2.573556e+00,2.007336e+02
4.691784e+01,-6.717769e-01,2.313623e+00,2.745876e+02
2.579395e+01,3.600372e+00,2.998550e+00,1.154205e+02
4.011629e+01,-5.602441e+00,1.051334e+00,2.185121e+02
4.214113e+01,-7.909882e-01,1.570610e+00,2.588295e+02
5.878864e+01,-5.538413e-01,1.434262e+00,8.187924e+02
3.329016e+01,2.128244e+00,1.611237e+00,1.287119e+02
4.653359e+01,-2.065615e+00,1.688253e+00,2.703260e+02
5.997058e+01,3.051222e-02,1.917063e+00,7.522540e+02
5.942807e+01,-9.080317e+00,3.337878e+00,8.367088e+02
1.746548e+01,-1.756498e+00,3.508292e+00,1.022347e+02
5.239510e+01,-2.566447e+00,4.102396e+00,3.678230e+02
4.691555e+01,1.632203e-01,1.361514e+00,3.658368e+02
1.302517e+02,5.540949e-01,8.155921e+00,9.835722e+03
8.561147e+01,3.337408e-01,5.239674e-01,9.584705e+03
1.120848e+02,-1.377290e+00,1.767468e+00,9.809902e+03
1.027763e+02,1.397209e+00,1.570329e+00,9.745634e+03
9.066114e+01,-1.287659e+00,1.664234e+00,1.001516e+04
4.442954e+01,2.284330e+00,9.320416e-01,1.934509e+02
6.434076e+01,5.318288e-01,1.461271e+00,1.388874e+03
2.955488e+01,-4.300222e-02,3.465260e+00,1.280824e+02
4.319469e+01,3.919668e+00,4.898792e+00,2.359473e+02
1.574367e+01,-1.741503e+00,5.016472e+00,1.089033e+02
1.379437e+02,-2.090813e+00,1.793505e+00,9.742603e+03
5.994049e+01,-1.334207e+00,1.584126e+00,7.529717e+02
4.780718e+01,5.005373e-01,1.342626e+00,3.574483e+02
6.125747e+01,-5.410310e+00,2.701530e+00,7.641606e+02
1.193585e+02,1.914664e+00,2.752077e+00,9.899157e+03
1.600650e+01,-1.760962e-01,1.680899e+00,1.169590e+02
3.454173e+01,-1.065882e-01,4.168464e+00,1.531150e+02
1.371286e+02,4.156397e-01,1.259430e+00,9.865986e+03
5.455598e+01,-1.445453e+00,2.774695e+00,4.123685e+02
1.373953e+02,1.518225e+00,3.513044e+00,9.874063e+03
6.027912e+01,-8.020991e-01,2.130531e+00,7.251752e+02
4.266064e+01,2.455875e+00,2.630398e+00,1.864710e+02
4.393626e+01,-5.541503e+00,2.085905e+00,2.598482e+02
3.794384e+01,8.700847e-01,1.959773e+00,1.736275e+02
1.396055e+02,5.474364e-01,1.699562e+00,9.863541e+03
8.022549e+00,-2.099904e+00,3.991465e+00,9.394407e+01
3.380004e+01,-1.485981e+00,3.232098e-01,2.148680e+02
6.113609e+01,-1.236252e-01,5.739791e+00,7.243179e+02
7.314528e+01,3.442160e+00,2.404223e+00,5.527668e+03
6.720510e+01,1.415082e+00,2.929781e+00,1.374476e+03
6.092593e+01,6.349631e-02,2.864006e+00,6.843376e+02
6.414571e+01,-1.745053e+00,4.206540e+00,9.354636e+02
4.668366e+01,1.149944e+00,2.246593e+00,2.422565e+02
6.725568e+01,-2.479145e-01,2.911890e+00,1.513790e+03
3.625284e+01,2.343437e+00,3.019393e+00,1.483995e+02
6.083586e+01,8.436289e-01,2.901101e+00,6.514777e+02
5.233301e+01,2.692720e-01,3.025890e+00,3.420679e+02
3.643469e+01,2.394242e+00,6.301566e+00,1.945530e+02
2.745053e+01,1.471212e+00,2.981920e+00,1.152184e+02
9.379824e+01,1.497352e+00,2.792453e+00,9.811688e+03
1.131134e+02,-1.019245e-02,1.682613e+00,9.873297e+03
4.265187e+01,1.254030e-01,4.234187e-01,7.733743e+02
2.474910e+01,-4.162195e+00,9.514071e-01,1.235091e+02
6.740328e+01,-1.284831e+00,1.417937e+00,2.083891e+03
2.963406e+01,2.775831e+00,2.005017e-01,1.110673e+02
4.494085e+01,1.423493e+00,6.778701e+00,2.801954e+02
3.798708e+01,1.123444e+00,1.891883e+00,1.688319e+02
4.027900e+01,-1.972105e+00,2.990683e+00,1.930638e+02
3.720590e+01,-2.225792e+00,2.518664e+00,1.725849e+02
1.944431e+01,-8.917853e-01,1.468580e+00,1.276123e+02
3.772287e+01,-9.419200e-01,2.639968e+00,1.748961e+02
6.195036e+01,5.011266e-01,1.838517e+00,8.991568e+02
5.288557e+01,3.503985e-01,5.213164e+00,3.772611e+02
7.146983e+01,-1.393902e+00,1.936723e+00,5.170788e+03
5.546297e+01,-1.480646e+00,2.664376e+00,4.422094e+02
6.406291e+01,2.781383e+00,1.601244e+00,8.124659e+02
1.367910e+02,1.152304e+00,8.656851e+00,9.830012e+03
4.690689e+01,1.107355e+00,3.348803e+00,2.420688e+02
2.829265e+01,2.241440e+00,1.121534e+00,1.114308e+02
1.976814e+01,1.419595e+00,2.094748e+00,9.877613e+01
1.741690e+01,8.655023e-01,2.611314e+00,9.619095e+01
6.982624e+01,-2.774542e+00,4.138586e+00,2.159123e+03
4.852673e+01,4.629612e-02,9.830275e-01,5.349901e+02
1.358277e+02,2.794700e+00,1.697186e+00,9.864392e+03
1.517231e+01,-2.752318e-01,2.716693e+00,9.602889e+01
2.322592e+01,-3.733254e-01,1.452748e+00,1.477199e+02
1.029567e+02,-1.269000e+00,2.378232e+00,9.891387e+03
6.456755e+01,-3.128705e-02,1.444460e+00,1.594657e+03
5.021852e+01,3.258913e-01,2.090318e+00,3.326578e+02
2.784271e+01,1.335635e+00,6.015329e+00,1.448634e+02
6.449837e+01,-2.373602e+00,1.621231e+00,1.058412e+03
4.236295e+01,3.838240e-01,4.112214e+00,2.037845e+02
2.439077e+01,-1.244243e+00,1.540678e+00,1.332609e+02
3.162142e+01,1.667410e+00,2.111545e+00,1.265667e+02
2.063410e+01,2.318734e+00,1.557167e+00,9.569542e+01
5.122522e+01,-7.657241e-01,3.435910e+00,3.244243e+02
3.611728e+01,-9.967272e-01,4.598925e+00,1.690581e+02
9.716461e+00,-5.233568e+00,3.488574e+00,1.116675e+02
4.754430e+01,4.701588e+00,2.199870e+00,2.496337e+02
1.289543e+02,7.260977e-02,2.320304e+00,9.843852e+03
3.831556e+01,5.826493e+00,2.156402e+00,1.854361e+02
3.339498e+01,1.716571e-01,7.901946e+00,1.988241e+02
2.465810e+01,-3.121428e-01,2.461708e+00,1.176223e+02
4.067573e+01,2.323118e-01,4.978354e+00,2.010283e+02
6.075820e+01,-1.747355e+00,1.324789e+00,7.943763e+02
3.754801e+01,1.416335e+00,3.434011e+00,1.599486e+02
7.060150e+01,7.407098e-01,3.731466e+00,2.629370e+03
3.659474e+01,2.578785e+00,2.725645e+00,1.478693e+02
4.524574e+01,1.330604e+00,2.174907e+00,2.215553e+02
4.551659e+01,-1.906245e+00,2.138882e+00,2.506590e+02
2.823300e+01,-3.534320e-01,7.138338e+00,1.618070e+02
3.935676e+01,3.687410e+00,1.509589e+00,1.577653e+02
3.273996e+01,1.275981e-01,1.137439e+00,2.269070e+02
1.014631e+02,1.049383e+00,7.298574e-01,9.606071e+03
5.883971e+01,-3.704093e-01,7.548300e-01,1.396670e+03
1.136840e+02,1.233913e-01,1.763202e+00,9.876565e+03
4.750447e+01,-9.603799e-01,4.213650e+00,2.686464e+02
6.329911e+01,-8.665409e-01,4.107654e+00,8.425778e+02
3.558773e+01,7.398483e-01,3.171420e+00,1.506069e+02
5.417006e+01,1.346311e+00,1.195578e+00,4.200335e+02
4.314248e+01,-9.726228e-01,2.811951e+00,2.171513e+02
3.393691e+01,-1.634891e+00,2.940083e+00,1.520840e+02
1.168110e+02,7.747923e-01,2.477302e+00,9.889691e+03
5.833824e+01,5.742088e-01,2.723270e+00,5.344261e+02
3.833064e+01,1.718630e+00,1.467358e+00,1.604520e+02
5.243502e+01,-5.543117e+00,4.011794e+00,4.273155e+02
5.063464e+01,6.035589e+00,3.862882e+00,3.568014e+02
6.008516e+01,-2.052782e-01,6.594980e-01,1.843219e+03
3.702675e+01,3.810150e+00,4.101445e+00,1.733912e+02
5.167956e+01,3.320968e+00,1.513806e+00,2.815124e+02
3.789156e+01,1.903243e+00,1.568145e+00,1.534807e+02
5.677704e+01,3.395434e+00,6.259802e+00,5.471437e+02
5.940235e+01,-1.322954e+00,3.094077e+00,5.910084e+02
5.268681e+01,-8.719094e-01,1.294135e+00,5.109071e+02
3.592188e+01,2.115312e+00,4.184720e+00,1.584510e+02
4.290484e+01,-1.032975e+00,8.163196e-01,3.428119e+02
3.700399e+01,2.110542e+00,2.544591e+00,1.491006e+02
2.321857e+01,1.194204e-01,2.142394e+00,1.171922e+02
6.044993e+01,-2.270408e+00,3.017801e+00,6.465737e+02
6.089302e+01,-5.860183e-01,1.087736e+00,1.219542e+03
2.977386e+01,4.079634e+00,4.136741e+00,1.417576e+02
4.488060e+01,1.175410e+00,4.765667e+00,2.361550e+02
4.671630e+01,2.944192e-01,1.032727e+00,4.305221e+02
4.052384e+01,3.716987e+00,1.241537e+00,1.633512e+02
1.000110e+02,-1.721903e+00,3.183140e+00,9.899851e+03
1.248544e+02,1.016947e-01,1.026991e+00,9.849815e+03
5.425351e+01,1.206753e+00,9.839979e-01,4.639024e+02
1.769525e+01,-1.443980e+00,1.031219e+00,1.236174e+02
1.194236e+02,2.827074e+00,4.428557e+00,9.893861e+03
3.624074e+01,1.067702e-01,4.690460e+00,1.668395e+02
5.587565e+01,3.208817e-01,3.939955e+00,4.318408e+02
1.242283e+02,-9.085943e-01,1.322107e+00,9.773954e+03
1.265968e+02,-1.244165e-01,1.268399e+00,9.829548e+03
2.643181e+01,-7.430596e-01,2.311352e+00,1.258040e+02
5.330445e+01,-1.295365e+00,1.566121e+00,4.485549e+02
4.212123e+01,-1.002376e-01,3.995301e+00,2.026752e+02
1.388689e+02,1.405208e+00,8.526878e-01,9.899752e+03
6.616710e+01,-3.127580e+00,1.958259e+00,1.225786e+03
1.346582e+01,-3.628794e+00,2.209339e+00,9.934786e+01
1.250083e+02,3.489991e+00,3.454233e+00,9.884992e+03
6.047130e+01,1.073805e+00,2.348006e+00,6.450771e+02
5.665282e+01,1.142431e+00,3.031859e+00,4.450687e+02
1.256559e+02,1.889380e+00,2.829013e+00,9.907526e+03
4.267626e+01,-7.471756e-01,9.037869e-01,3.675848e+02
3.442638e+01,-1.265985e-01,2.615004e+00,1.528494e+02
1.531105e+01,1.652824e+00,1.664901e+00,9.336042e+01
5.121369e+01,-2.061506e+00,2.308050e+00,3.368373e+02
6.293043e+01,-3.274211e+00,1.305411e+00,8.394998e+02
1.155827e+02,1.052054e+00,3.441354e+00,9.888828e+03
9.974088e+01,-8.864278e-01,1.848789e+00,9.927202e+03
6.264061e+01,6.849049e-01,1.848161e+00,9.399966e+02
5.969531e+01,-1.268878e-02,3.360000e+00,5.921357e+02
4.056194e+01,-1.125822e+00,1.252878e+00,2.534784e+02
4.777482e+01,1.804005e-01,1.330614e+00,3.894197e+02
3.268991e+01,-2.389606e+00,1.324849e+00,1.533895e+02
4.353284e+01,6.274549e-01,1.824355e+00,2.359075e+02
6.482430e+01,-1.551535e+00,2.959323e+00,1.038795e+03
5.526567e+01,8.358397e-01,2.510091e+00,4.184843e+02
4.560073e+01,-2.635775e+00,1.793171e+00,2.499231e+02
5.374998e+01,1.354134e+00,3.724982e+00,3.631197e+02
5.894193e+01,-8.349336e-01,4.267995e+00,5.622356e+02
1.031466e+02,1.432301e+00,4.078346e+00,9.891341e+03
5.951485e+01,-3.923670e-03,3.622787e+00,5.789976e+02
4.957240e+01,2.204031e+00,1.732304e+00,2.579424e+02
5.748641e+01,2.374016e+00,3.887883e+00,4.749118e+02
2.662281e+01,3.012029e-01,7.864086e-01,2.350140e+02
4.988035e+01,3.152430e+00,2.560830e+00,2.671851e+02
3.657291e+01,-1.096342e+00,1.017648e+00,2.355670e+02
1.384109e+02,1.368529e+00,2.428355e+00,9.894878e+03
1.273568e+02,1.548038e-01,2.922984e+00,9.848878e+03
4.436339e+01,-5.696023e-01,5.626054e+00,2.506269e+02
4.635832e+01,-2.180620e-01,2.053915e+00,2.797565e+02
1.008122e+02,8.127107e+00,5.024716e-01,9.373575e+03
4.701865e+01,-3.155977e-01,3.898931e+00,2.555892e+02
1.305187e+02,2.181225e+00,1.918712e+00,9.897431e+03
1.076863e+02,-2.217730e+00,1.125436e+00,9.817957e+03
5.989034e+01,9.342656e-01,3.022267e-01,1.071950e+03
2.285387e+01,-1.314659e+00,2.015971e+00,1.178923e+02
1.257176e+02,-2.936674e+00,1.878397e+00,9.748885e+03
4.397556e+01,-5.653897e-01,2.120468e+00,2.452512e+02
9.445561e+00,1.113550e+00,2.360279e+00,8.828355e+01
4.546180e+01,6.186610e-01,2.764775e+00,2.305902e+02
5.778348e+01,3.186252e-01,3.443112e+00,4.984938e+02
6.297235e+01,-2.360285e-01,1.902350e+00,1.051619e+03
5.842691e+01,3.249852e+00,6.035345e+00,6.056419e+02
2.447958e+01,-1.295137e-01,2.368615e+00,1.178040e+02
5.708550e+01,-1.231300e+00,1.761570e+00,5.724916e+02
1.291344e+02,-4.287247e+00,1.083713e+00,9.802997e+03
5.289197e+01,-2.183555e+00,2.918488e+00,3.670128e+02
4.084185e+01,-7.023298e-01,3.054209e+00,1.935326e+02
4.862854e+01,-3.746094e-01,1.614847e+00,3.671150e+02
2.780201e+01,-1.518514e+00,3.178578e+00,1.262587e+02
5.677060e+01,4.639745e+00,3.409240e+00,4.685777e+02
1.746133e+01,-7.644430e-01,9.220268e-01,1.596670e+02
4.004110e+01,2.474452e+00,2.144970e+00,1.632756e+02
1.278983e+02,5.987025e-01,2.025606e+00,9.875132e+03
3.895152e+01,-9.154408e-01,1.067332e+00,2.693306e+02
5.097819e+01,2.860172e-01,2.353466e+00,3.335065e+02
4.225135e+01,1.180222e+00,2.579910e+00,1.922302e+02
6.064284e+01,2.080515e+00,4.298784e+00,6.317568e+02
5.466961e+01,3.009201e-01,3.219016e-01,1.489241e+03
2.196321e+01,-2.851967e+00,4.785633e+00,1.249927e+02
4.757207e+01,2.721525e+00,1.314190e+00,2.217468e+02
2.542811e+01,-2.222585e+00,2.926695e+00,1.204983e+02
9.934175e+01,-1.890778e+00,1.047784e+00,9.899409e+03
3.424971e+00,-1.859597e+00,3.186474e+00,8.714887e+01
5.425198e+01,2.109086e+00,4.627832e+00,3.954546e+02
4.799431e+01,-4.046250e+00,2.045298e+00,2.872211e+02
1.007397e+02,-1.035733e+00,2.888627e+00,9.920394e+03
4.137447e+01,7.448723e-01,2.375473e+00,1.935590e+02
6.251068e+01,-1.843040e+00,1.744979e+00,8.811867e+02
3.670802e+01,-1.684649e-01,2.938871e+00,1.627187e+02
1.541448e+01,1.934342e+00,1.084413e+00,9.353931e+01
6.374438e+01,-1.080314e+00,2.769944e+00,9.382017e+02
5.026246e+01,2.042270e+00,5.095390e+00,3.214695e+02
5.841302e+01,8.402927e-01,1.031270e+00,7.711866e+02
5.613515e+01,4.907625e-01,5.063174e+00,4.628057e+02
5.064278e+01,1.610475e+00,3.091506e+00,2.911695e+02
1.373501e+02,3.104968e-01,3.217063e-01,9.890791e+03
4.315368e+01,-1.367592e-01,2.031579e+00,2.390028e+02
2.440540e+01,2.006124e+00,2.473414e+00,1.048299e+02
3.580862e+01,1.619824e+00,1.098333e+00,1.526166e+02
3.479983e+01,-1.786911e+00,1.757535e+00,1.665383e+02
5.158184e+01,3.248175e+00,3.157442e+00,3.072663e+02
4.326583e+01,3.482240e+00,3.392243e+00,2.058379e+02
9.020718e+01,1.087225e+00,2.466997e+00,9.814557e+03
1.295902e+02,5.782346e-01,2.293364e+00,9.867540e+03
1.206423e+01,-3.918225e-01,1.084825e+00,1.469625e+02
4.311408e+01,1.849691e+00,4.875527e+00,2.208144e+02
2.257837e+01,1.052834e+00,2.211126e+00,1.062438e+02
7.414767e+01,2.780674e+00,1.658166e+00,8.936190e+03
5.944219e+01,-1.384931e+00,5.511797e+00,6.297325e+02
4.238474e+01,-3.500518e-01,1.723940e+00,2.545201e+02
4.824860e+01,5.245242e+00,4.103589e+00,3.029581e+02
9.588777e+01,6.670390e-01,6.224159e-01,9.601756e+03
1.183829e+02,-2.529820e-01,3.750956e+00,9.861653e+03
3.803178e+01,3.449410e-01,1.881281e+00,1.908482e+02
1.288466e+02,-3.308159e-02,4.236280e+00,9.840513e+03
6.733486e+01,1.364354e+00,2.744135e+00,1.430597e+03
3.887192e+01,2.313694e+00,1.130424e+00,1.527043e+02
1.356590e+02,5.795531e-01,1.456418e+00,9.876547e+03
6.290711e+01,-7.678882e-01,2.306814e+00,9.215778e+02
2.983389e+01,6.275393e+00,8.565607e+00,2.171684e+02
1.106998e+02,-2.028005e+00,2.972631e-01,9.816303e+03
6.484387e+01,-1.536321e+00,3.433400e+00,1.017248e+03
4.467676e+01,2.403576e+00,3.798927e+00,2.194331e+02
2.510454e+01,1.178366e+00,1.639039e+00,1.171549e+02
1.391171e+02,1.175229e+00,7.153423e-01,9.903415e+03
6.095391e+01,-3.395631e+00,3.612359e+00,6.953853e+02
3.056800e+01,3.490092e+00,1.594912e+00,1.190368e+02
6.270245e+01,2.910133e+00,4.526264e+00,7.865205e+02
9.886383e+01,-3.665302e-01,2.986179e+00,9.939319e+03
4.764298e+01,7.078075e-01,3.079526e+00,2.548054e+02
2.888292e+01,1.220484e+00,1.155324e+00,1.375868e+02
6.639858e+01,1.008777e+00,3.683631e+00,1.199212e+03
2.027224e+01,-1.817266e-01,3.378212e+00,1.033066e+02
4.471867e+01,1.262594e+00,2.380653e+00,2.154546e+02
5.888040e+01,-6.333004e-02,2.389048e+00,6.065328e+02
5.442131e+01,-1.505282e+00,1.850330e+00,4.470130e+02
7.110090e+01,-2.336328e+00,3.288021e+00,3.010722e+03
3.504533e+01,3.425470e+00,1.899924e+00,1.369170e+02
6.178946e+01,-2.145521e+00,6.188131e-01,8.806921e+02
4.934057e+01,-1.206755e-01,2.404059e+00,3.068718e+02
3.983940e+01,-5.165873e+00,4.087657e+00,2.298386e+02
2.480315e+01,2.274032e+00,8.204448e-01,1.033622e+02
1.121491e+02,-2.689699e+00,2.413800e+00,9.784676e+03
6.267667e+01,-3.695741e-01,3.336527e+00,7.970245e+02
1.358558e+02,2.225159e+00,4.133637e+00,9.885500e+03
5.070798e+01,2.159244e+00,3.767871e+00,2.992819e+02
4.517420e+01,3.907539e+00,4.928848e+00,2.582233e+02
6.319548e+01,3.174369e-01,2.418189e+00,9.174629e+02
3.983889e+01,8.117483e-01,4.390294e+00,1.853464e+02
4.116898e+01,7.988198e-01,1.900072e+00,2.025104e+02
4.529250e+01,-4.335713e+00,4.781010e+00,2.850186e+02
1.701747e+01,-4.153454e+00,1.931484e+00,1.072761e+02
2.018698e+01,4.370741e+00,1.313550e+00,1.012923e+02
3.755889e+01,-2.550093e-01,2.214494e+00,1.816100e+02
4.646737e+01,-3.819715e-01,9.361172e-01,4.918853e+02
2.361740e+01,3.431655e+00,3.724248e+00,1.151748e+02
3.691317e+01,1.065919e+00,1.572106e+00,1.713386e+02
5.984525e+01,6.910756e-01,7.138885e-01,1.127687e+03
4.126158e+01,-2.096892e-01,3.873333e+00,1.950840e+02
4.811647e+01,-2.207107e+00,2.946006e+00,2.786094e+02
4.579509e+01,-2.109455e+00,2.040332e+00,2.537845e+02
5.785201e+01,1.291895e+00,1.979002e+00,5.129456e+02
3.872543e+01,2.316057e+00,4.453183e+00,1.797058e+02
4.155154e+01,2.970999e+00,1.293813e+00,1.667618e+02
2.626553e+01,-2.259522e+00,1.818459e+00,1.250302e+02
1.343136e+02,-1.499317e+00,2.214417e+00,9.767674e+03
3.411404e+01,1.718713e+00,2.168384e+00,1.361372e+02
4.268990e+01,-2.079785e+00,3.230787e+00,2.143904e+02
1.370031e+02,-4.255715e-01,2.184802e+00,9.810763e+03
6.260908e+01,5.783485e+00,2.887847e+00,7.928191e+02
5.255000e+01,-9.482621e-02,2.259921e+00,3.835752e+02
3.871575e+01,1.359603e+00,2.074104e+00,1.660408e+02
5.425965e+01,5.256488e-01,3.134851e+00,3.833894e+02
4.761920e+01,2.405479e+00,3.373312e+00,2.465332e+02
5.405139e+01,-1.651223e+00,6.142759e-01,5.278885e+02
4.524920e+01,-3.262157e-01,3.854538e+00,2.339253e+02
5.168213e+01,-1.363870e+00,5.627619e-01,5.141018e+02
4.385433e+01,3.380815e+00,1.630968e+00,1.883015e+02
8.012290e+00,3.429891e+00,2.334719e+00,8.849453e+01
3.206859e+01,2.457857e+00,5.699736e+00,1.610379e+02
8.021236e+00,-9.174405e-01,4.574426e+00,9.441154e+01
7.270128e+01,4.364959e+00,3.104998e+00,4.108376e+03
4.123476e+01,-1.526673e-01,1.774003e+00,2.363437e+02
4.502215e+01,-2.404162e+00,2.908426e+00,2.393711e+02
1.997901e+01,6.054696e-01,4.114803e+00,1.044942e+02
6.853984e+01,1.940410e+00,1.846314e+00,1.804657e+03
3.362397e+01,-1.144330e+00,3.740675e+00,1.499346e+02
1.560110e+01,2.202890e+00,1.285778e+00,9.052022e+01
5.191716e+01,7.818311e-01,1.678810e+00,3.806998e+02
1.301140e+01,-1.351807e+00,3.369358e+00,9.433171e+01
4.813982e+01,-1.395937e+00,1.585339e+00,3.208357e+02
3.928835e+01,-1.683897e+00,2.171220e+00,1.909590e+02
1.068717e+02,2.448091e-01,2.226026e+00,9.898914e+03
4.766713e+01,2.105481e+00,2.108172e+00,2.352085e+02
6.768261e+01,4.048289e-01,1.249120e+00,2.822049e+03
1.366716e+01,7.951502e-01,1.382185e+00,1.116878e+02
8.463230e+01,4.192465e+00,4.418313e+00,9.629260e+03
4.207172e+01,3.138179e+00,3.774950e+00,1.987506e+02
1.328044e+02,-1.425166e+00,1.718202e+00,9.753231e+03
1.204891e+01,-2.834509e+00,3.102459e+00,9.666207e+01
1.251108e+02,-4.093319e+00,1.795435e+00,9.778714e+03
5.870946e+01,-9.790173e-01,2.979003e+00,5.610450e+02
5.162093e+01,-1.496569e+00,2.769480e+00,3.407449e+02
3.945004e+01,2.015875e+00,1.105304e+00,1.615867e+02
1.291009e+02,2.994420e+00,1.951901e+00,9.843763e+03
1.008806e+02,-6.205317e-01,1.982622e+00,9.926721e+03
4.237288e+01,-1.035220e+00,3.864546e+00,2.086434e+02
2.869146e+01,1.341451e+00,8.727750e-01,1.379065e+02
1.141546e+02,-5.046574e-01,5.975835e+00,9.865035e+03
5.160457e+01,1.562123e+00,1.980015e+00,3.115683e+02
4.220771e+01,2.372893e+00,4.028010e+00,1.998616e+02
6.555285e+01,-2.989129e+00,4.117409e+00,1.125964e+03
6.491659e+01,-1.767834e+00,2.480723e+00,1.083659e+03
3.748288e+01,-3.007335e+00,4.244127e+00,1.875024e+02
3.528518e+01,-1.243774e+00,9.839752e-01,2.161987e+02
5.315819e+01,4.895511e+00,9.684373e+00,5.727369e+02
3.237197e+01,2.343531e-01,7.264375e-01,3.068044e+02
6.297708e+01,2.033869e+00,2.683942e+00,7.597779e+02
4.490059e+01,-1.249276e-01,3.346229e+00,2.277299e+02
2.372971e+01,5.562029e-01,5.394761e+00,1.242541e+02
1.432007e+01,-2.473906e+00,1.087934e+00,9.936496e+01
5.430473e+01,2.818633e+00,2.732372e+00,3.538945e+02
1.025082e+01,-1.938977e+00,4.618692e+00,9.944389e+01
1.482197e+01,-2.975078e+00,5.499580e+00,1.172385e+02
2.943688e+01,-2.024857e+00,3.887893e+00,1.365662e+02
4.412020e+01,-1.633424e+00,2.091790e+00,2.378806e+02
5.813628e+01,-1.740732e+00,7.349521e+00,6.471712e+02
2.784682e+01,1.853976e+00,4.306387e+00,1.256830e+02
1.105925e+02,-1.071510e+00,3.405397e+00,9.869523e+03
6.120108e+01,1.373304e+00,2.671601e+00,6.595006e+02
2.435711e+01,-4.293906e-01,1.755490e+00,1.347953e+02
6.812118e+01,3.740556e-02,3.044110e+00,1.718165e+03
1.043379e+02,-7.988469e-01,3.027737e+00,9.905659e+03
5.069262e+01,1.398503e+00,3.903124e+00,3.024173e+02
3.301280e+01,-1.161323e+00,2.999479e+00,1.462977e+02
5.046197e+01,3.912141e+00,2.331349e+00,2.795012e+02
6.437093e+01,1.813714e+00,2.059184e+00,9.301197e+02
1.470945e+01,-9.961932e-01,2.219526e+00,9.962116e+01
6.638296e+01,5.478743e-01,6.890572e-01,2.977867e+03
4.757265e+01,1.993804e+00,3.625325e+00,2.496585e+02
4.425424e+01,4.590378e-01,4.127902e+00,2.216939e+02
1.213088e+02,-8.218960e-01,9.451853e-01,9.769481e+03
2.390027e+01,-3.575954e+00,5.841377e-01,1.185098e+02
4.791484e+01,4.690428e+00,4.817510e+00,3.034450e+02
5.523904e+01,1.123726e+00,2.632635e+00,4.049787e+02
4.702190e+01,-3.813651e+00,2.538431e+00,2.733505e+02
4.063209e+01,-3.221692e-01,4.375490e+00,1.946690e+02
2.656755e+01,3.796133e-02,2.461762e+00,1.218137e+02
4.562671e+01,1.400495e+00,1.146417e+00,2.453011e+02
6.669717e+01,4.319624e-01,2.818528e+00,1.372712e+03
4.035215e+01,5.624979e-01,9.720686e-01,2.887813e+02
3.994355e+01,-2.133856e+00,2.705067e+00,1.912265e+02
5.112882e+01,-2.479513e+00,3.168347e+00,3.310776e+02
1.360828e+02,6.296505e-01,2.886640e+00,9.850929e+03
4.138269e+01,-2.642705e+00,9.318167e-01,2.120823e+02
5.278034e+01,-1.769054e+00,1.670936e+00,3.989733e+02
1.285461e+02,-2.272503e+00,2.323631e+00,9.750643e+03
1.768468e+01,2.569729e+00,3.060584e+00,9.634626e+01
5.425500e+01,8.109121e-01,4.884420e-01,6.922698e+02
5.000215e+01,3.881517e-01,1.748521e+00,3.565862e+02
9.814693e+01,-1.221210e+00,5.852943e+00,9.909050e+03
1.313969e+02,1.369139e+00,3.548527e-01,9.844684e+03
3.842994e+01,-3.379481e-01,4.533134e+00,1.802422e+02
3.523384e+01,-1.572020e+00,2.131715e+00,1.650102e+02
3.028282e+01,-2.291144e+00,1.852779e+00,1.395216e+02
2.535788e+01,2.180006e+00,1.809300e+00,1.050151e+02
1.486815e+01,9.162703e-01,2.638805e+00,9.263841e+01
2.902059e+01,2.159927e+00,2.725948e+00,1.176292e+02
5.556445e+01,1.637533e+00,3.990427e+00,4.146460e+02
1.243919e+01,-1.187299e+00,1.961311e+00,9.877389e+01
5.249572e+01,-1.582702e+00,2.948235e+00,3.572983e+02
4.456155e+01,-8.109894e-01,2.469569e+00,2.385306e+02
2.625399e+01,1.711294e+00,4.654069e+00,1.241715e+02
1.285098e+02,1.441625e-01,2.939115e+00,9.846236e+03
7.137619e+01,1.413592e+00,3.677680e+00,3.158063e+03
6.727815e+01,2.640388e+00,2.958304e+00,1.291189e+03
6.617845e+01,-1.041402e+00,3.358929e+00,1.220580e+03
4.704441e+01,1.350276e+00,2.766327e+00,2.395650e+02
1.133684e+02,2.229486e+00,1.658113e+00,9.758888e+03
5.297367e+01,2.950331e+00,1.107744e+00,3.005432e+02
3.928629e+01,-1.434084e-01,3.093091e+00,1.786601e+02
3.653411e+01,3.571065e+00,4.162787e+00,1.693071e+02
1.303595e+02,-1.078124e+00,1.192373e+00,9.749576e+03
3.307045e+01,1.427281e-01,1.604934e+00,1.786855e+02
2.790538e+01,3.446237e-01,3.360375e+00,1.210052e+02
3.106530e+01,3.677615e+00,4.716403e+00,1.504104e+02
4.918705e+01,-6.612244e-01,1.242212e+00,4.400567e+02
9.146230e+01,-1.246662e+00,6.363214e-01,1.004031e+04
9.897465e+01,-9.822062e-01,1.555113e+00,9.927135e+03
4.900137e+01,-3.054168e+00,3.680924e+00,3.035943e+02
2.695762e+01,-4.128665e+00,1.299980e+00,1.306742e+02
4.709189e+01,-3.723751e+00,2.146717e+00,2.713075e+02
4.274984e+01,1.700055e+00,1.429878e+00,1.938694e+02
5.432818e+01,-1.239387e+00,2.530638e+00,4.143922e+02
4.074250e+01,-3.867290e-01,2.445502e+00,2.002118e+02
2.958623e+01,-3.862867e+00,3.347064e+00,1.460840e+02
5.754735e+01,1.240892e+00,3.525555e+00,4.762210e+02
6.358674e+01,3.014941e-01,2.891786e+00,8.989793e+02
5.700589e+01,-2.975391e+00,6.368475e+00,5.766857e+02
4.817836e+01,5.096331e-01,3.838558e+00,2.661650e+02
3.074264e+01,2.474178e-01,1.195017e+00,1.991971e+02
5.700471e+01,-1.786890e+00,9.330023e-01,6.011555e+02
1.224826e+02,2.177818e+00,1.653245e+00,9.842238e+03
1.148518e+02,9.741417e-01,5.683871e-01,9.779918e+03
5.049219e+01,1.224596e+00,2.263314e+00,2.979172e+02
1.262071e+02,1.558307e+00,3.084966e+00,9.897444e+03
6.372884e+01,-2.177311e-01,7.234659e+00,1.020960e+03
4.663321e+01,5.794770e-01,2.780066e+00,2.451765e+02
5.105369e+01,3.949015e+00,3.636278e+00,3.171793e+02
4.973947e+01,4.006349e+00,2.509126e+00,2.727585e+02
4.987513e+01,-2.344106e+00,2.525265e+00,3.083339e+02
3.552391e+01,-1.633374e-01,1.403049e+00,2.200245e+02
1.358963e+02,-3.084839e+00,3.188913e+00,9.758565e+03
6.312186e+01,-1.799336e+00,1.734933e+00,9.500743e+02
2.330228e+01,3.693546e+00,9.113957e-01,1.006329e+02
6.296990e+01,6.991402e-02,9.653030e-01,1.813283e+03
4.328236e+01,5.122936e+00,1.571272e+00,2.059657e+02
5.783514e+01,-1.268204e+00,3.641970e+00,5.133221e+02
3.183308e+01,7.983018e-01,3.363293e+00,1.335638e+02
1.334743e+02,2.310391e+00,2.320385e+00,9.910528e+03
1.921912e+01,1.707087e+00,2.016772e+00,9.629470e+01
5.234459e+01,1.483955e+00,1.472088e+00,3.435542e+02
3.431444e+01,-4.393838e-01,1.109838e+00,2.476827e+02
4.818220e+01,-1.719217e+00,5.324669e+00,3.032645e+02
2.498289e+01,-5.336281e+00,1.381284e+00,1.352100e+02
3.339365e+01,-4.306785e-01,3.366741e+00,1.452258e+02
4.497474e+01,-1.223407e+00,5.810711e+00,2.650359e+02
1.215276e+02,4.672159e-01,1.999857e+00,9.876615e+03
6.795275e+01,4.118602e+00,2.768276e+00,1.402473e+03
5.381394e+01,2.614690e-01,8.184485e-01,8.224244e+02
4.557393e+01,-1.943117e+00,1.076653e+00,2.777613e+02
4.586193e+01,-1.899288e+00,3.652912e+00,2.489062e+02
8.981005e+01,1.219250e+00,1.654177e+00,9.635489e+03
3.170196e+01,-2.920457e+00,1.124541e+00,1.461877e+02
2.132991e+01,9.920630e-02,4.732624e-01,3.487194e+02
1.364171e+02,-1.135408e+00,2.128972e+00,9.779552e+03
5.781020e+01,-9.481985e-01,3.418018e+00,5.118597e+02
2.584311e+01,8.101936e-01,1.435776e+00,1.345010e+02
2.079112e+01,-1.028099e+00,3.822678e+00,1.076671e+02
3.754565e+01,9.448117e-01,5.367365e+00,1.833634e+02
1.677138e+01,-1.380699e+00,1.784680e+00,1.069254e+02
6.398616e+01,-2.848058e-01,4.182559e+00,9.025767e+02
5.150087e+01,-1.879872e-01,1.738724e+00,4.162174e+02
8.763867e+01,-1.724496e+00,1.443384e+00,1.005531e+04
4.085803e+01,1.831825e+00,7.751090e-01,1.787201e+02
1.677317e+01,-9.887038e-01,3.570112e+00,9.931228e+01
9.047600e+01,1.586243e+00,1.886215e+00,9.609051e+03
4.920636e+01,-4.394017e+00,1.554442e+00,3.087093e+02
3.117372e+01,1.503134e-01,2.486571e+00,1.374640e+02
4.008881e+01,-1.222382e-01,1.059073e+00,3.315425e+02
5.004469e+01,2.596514e+00,1.247656e+00,2.551631e+02
4.253066e+01,2.451939e+00,8.249772e-01,1.744141e+02
1.715068e+01,-4.761951e-03,3.968465e+00,9.955584e+01
6.720685e+01,-1.390386e-01,4.063675e+00,1.368988e+03
3.126551e+01,1.240165e+00,4.498947e+00,1.391971e+02
4.632177e+01,-1.365009e+00,1.811524e+00,2.802136e+02
4.965798e+01,-7.206604e-01,1.433100e+00,4.087607e+02
3.976731e+01,-1.026914e+00,1.646420e+00,2.216365e+02
2.924434e+01,3.034175e-01,1.127859e+00,1.953200e+02
8.302093e+01,-1.815116e+00,4.485506e+00,1.000285e+04
6.305220e+01,9.900614e-01,3.946316e+00,7.964718e+02
3.309414e+01,-1.977334e+00,2.551084e+00,1.493846e+02
1.266871e+02,9.359446e-01,1.425386e+00,9.899984e+03
2.228430e+01,-5.079084e+00,2.941547e+00,1.306969e+02
1.392255e+02,4.094528e-01,3.628881e-01,9.896830e+03
3.406783e+01,-9.102910e-01,1.320474e+00,2.010027e+02
4.796657e+01,1.967800e+00,3.752492e+00,2.568178e+02
3.412035e+01,1.850333e+00,5.652606e+00,1.686259e+02
2.778128e+01,5.536713e-01,2.452630e+00,1.221400e+02
1.976671e+01,-1.364244e+00,2.953832e+00,1.046958e+02
5.649008e+01,-2.105846e+00,2.136295e+00,4.836693e+02
5.191134e+01,-3.066111e-01,3.509184e-01,1.409825e+03
2.674046e+01,-1.962004e+00,3.662879e+00,1.256991e+02
5.757275e+01,-6.010086e-01,2.750311e+00,5.203366e+02
5.146760e+01,-2.533333e+00,3.029261e+00,3.376387e+02
5.195083e+01,1.199371e-03,1.418863e+00,4.925995e+02
2.209739e+01,8.116536e-01,3.367494e+00,1.048100e+02
9.436150e+01,-5.944775e-02,2.967054e+00,9.952740e+03
1.312285e+02,-8.735719e-01,2.521286e+00,9.805728e+03
1.293164e+02,-1.379251e+00,9.251062e-01,9.733359e+03
6.700592e+01,9.972785e-01,2.186218e+00,1.524645e+03
5.820696e+01,5.581252e-01,3.597298e+00,5.117887e+02
5.501907e+01,-9.073736e-01,9.858672e-01,6.883542e+02
2.601054e+01,3.664051e+00,4.505853e+00,1.303196e+02
9.631130e+01,4.413158e+00,2.908432e+00,9.541551e+03
5.785143e+01,-1.008384e+00,5.046675e+00,5.357658e+02
6.351348e+01,-1.756232e+00,8.802967e-01,1.156111e+03
2.269251e+01,-7.261364e-01,1.724743e+00,1.289724e+02
5.345277e+01,-2.588323e+00,4.624693e+00,4.034636e+02
3.418025e+01,-7.305083e+00,5.032378e+00,2.266232e+02
4.350199e+01,-5.854712e-01,2.048386e+00,2.434543e+02
1.382622e+02,-6.886822e+00,1.613428e+00,9.824308e+03
4.655177e+01,-7.971973e-01,2.039968e+00,2.823567e+02
3.773794e+01,-1.118783e-01,1.667774e+00,2.116886e+02
5.685067e+01,2.625853e-01,4.551935e-01,1.566557e+03
2.274233e+01,-1.041053e+00,3.540178e+00,1.110890e+02
4.139737e+01,-1.819832e+00,3.667210e+00,2.031864e+02
1.276556e+01,2.114837e+00,3.231323e+00,9.090516e+01
1.523986e+01,1.330642e+00,2.815049e+00,9.194621e+01
1.072406e+01,-2.410156e+00,8.881801e-01,9.535325e+01
9.529816e+01,-2.765530e+00,3.008516e+00,9.897383e+03
3.749059e+01,-5.693466e-01,3.154115e+00,1.684416e+02
6.710061e+01,5.083362e+00,4.942491e+00,1.416789e+03
4.016356e+01,2.299219e+00,1.863390e+00,1.631361e+02
5.470265e+01,7.657844e-02,1.229498e+00,6.667982e+02
3.826344e+01,-3.084630e-01,1.663543e+00,2.177592e+02
4.542583e+01,6.667556e-02,1.617264e+00,3.024167e+02
5.376984e+01,-1.312013e+00,1.595395e+00,4.588073e+02
1.840831e+01,-1.102546e+00,3.015699e+00,1.016056e+02
5.899451e+01,-3.963437e+00,7.485529e-01,5.784855e+02
1.279109e+01,2.573602e+00,2.802727e+00,9.003736e+01
3.974429e+01,1.967386e+00,3.470417e+00,1.733162e+02
3.106408e+01,2.509443e+00,2.598217e+00,1.235294e+02
4.049594e+01,1.699714e+00,1.310719e+00,1.768172e+02
4.617911e+01,-1.330747e+00,1.581573e+00,2.918043e+02
2.661457e+01,-1.683152e+00,6.485212e-01,1.524937e+02
5.080206e+01,-2.822621e+00,1.971744e+00,3.274335e+02
5.016855e+01,-4.547990e+00,5.341583e+00,3.792783e+02
6.712804e+01,-3.646869e-01,2.625663e+00,1.558201e+03
5.615938e+01,-1.232404e+00,4.144801e-01,7.866601e+02
6.627939e+01,9.216722e-01,3.485859e+00,1.189868e+03
5.688936e+01,1.386853e+00,3.247484e+00,4.486929e+02
3.185501e+01,-8.795845e-01,2.354359e+00,1.462676e+02
2.415639e+01,6.675262e-01,6.813300e-01,1.885582e+02
5.055159e+01,2.791888e+00,2.212455e+00,2.718555e+02
6.325394e+01,3.727546e-01,5.123551e+00,8.533210e+02
6.140825e+01,-5.142760e-01,6.296082e-01,1.889653e+03
3.958493e+01,-3.015311e+00,9.260973e-01,1.932983e+02
4.402707e+01,-7.984243e-01,1.678596e+00,2.728117e+02
1.256951e+02,-9.730930e-01,4.645494e+00,9.837074e+03
4.633528e+01,5.713271e-02,3.293770e+00,2.432467e+02
5.601347e+01,-2.438780e-01,2.652224e+00,4.634210e+02
1.218698e+02,2.338277e+00,2.052686e+00,9.862142e+03
3.283570e+01,-1.521783e+00,2.204500e+00,1.513671e+02
1.274654e+02,1.706310e+00,3.149401e-01,9.775337e+03
2.423862e+01,9.399169e-01,2.865175e+00,1.083143e+02
1.349147e+02,1.168979e-01,1.936951e+00,9.837286e+03
4.516805e+01,3.007332e+00,1.616520e+00,1.985246e+02
9.848597e+01,5.698858e-01,2.859882e+00,9.909660e+03
5.487772e+01,1.426811e+00,2.198669e+00,3.917722e+02
4.285344e+01,1.555682e-01,2.190048e+00,2.235644e+02
7.162598e+01,1.120808e+00,2.041355e+00,5.273013e+03
5.683851e+01,-1.205080e+00,1.519859e+00,5.978400e+02
5.454439e+01,-1.091806e+00,1.331190e+00,5.442980e+02
3.808251e+01,-1.051845e+00,1.197369e+00,2.371827e+02
5.952614e+01,3.349248e+00,2.357750e+00,5.187396e+02
3.969254e+01,-1.931783e+00,2.292231e+00,1.915122e+02
3.724163e+01,-2.946877e+00,2.112930e+00,1.744116e+02
5.812320e+01,-1.425238e+00,2.661454e+00,5.431652e+02
5.174724e+01,3.111361e+00,1.571603e+00,2.829168e+02
1.081816e+02,-2.951066e-01,1.277633e+00,9.874692e+03
6.168163e+01,3.557140e-02,1.144969e+00,1.350451e+03
6.097633e+01,2.699813e+00,1.576231e+00,5.835776e+02
6.291764e+01,-2.350060e+00,2.897752e+00,8.235860e+02
2.779915e+01,2.535249e+00,3.914588e+00,1.235290e+02
1.146302e+02,-8.712478e-01,3.856965e+00,9.862655e+03
4.588275e+01,-1.427195e+00,2.044918e+00,2.634838e+02
4.748096e+01,-6.650262e-01,9.993253e-01,4.580888e+02
4.785403e+01,1.385937e+00,1.002725e+00,2.834647e+02
2.890941e+01,-2.204511e-01,6.562484e-01,3.276571e+02
2.651598e+01,-2.376969e+00,2.145864e+00,1.244727e+02
3.298436e+01,4.784581e+00,5.150398e-01,1.351332e+02
5.456597e+01,-8.649478e-01,4.835133e+00,4.176084e+02
2.683662e+01,-1.072158e+00,4.842386e+00,1.307916e+02
9.669432e+01,1.682080e+00,1.823322e+00,9.664413e+03
9.137289e+01,-2.781646e-01,9.884906e-01,9.979150e+03
1.735357e+01,-1.051300e+00,3.881332e+00,1.015520e+02
2.280576e+01,-3.751406e+00,2.586121e+00,1.193014e+02
5.103156e+01,-1.769931e+00,8.115061e-01,4.045339e+02
2.892658e+01,1.579473e+00,2.203985e+00,1.180686e+02
6.464081e+00,2.410965e+00,2.798107e-01,8.653246e+01
3.963878e+01,-5.561369e-01,9.154195e+00,2.734987e+02
5.934742e+01,-3.327609e-01,3.459494e-01,2.424778e+03
2.259553e+01,1.146487e+00,3.438092e+00,1.056175e+02
4.554069e+01,5.353415e-01,1.173572e+00,3.378994e+02
2.321817e+01,2.773641e-01,1.221380e+00,1.592853e+02
4.305640e+01,3.676180e-03,2.044566e+00,2.353197e+02
1.038671e+02,1.438685e+00,2.554175e+00,9.857541e+03
1.147027e+02,4.453885e-01,1.007137e+00,9.865741e+03
2.263716e+01,-9.694529e-01,9.888697e-01,1.610903e+02
2.442280e+01,-1.673374e-01,4.629235e-01,3.938146e+02
3.959530e+01,-2.004783e+00,2.752139e+00,1.882439e+02
1.860133e+01,-9.840705e-01,4.307137e+00,1.058828e+02
6.251034e+01,1.887308e+00,4.749004e+00,7.731359e+02
3.468430e+01,-5.764328e+00,7.459596e+00,2.389364e+02
5.209800e+01,1.819710e+00,4.108288e+00,3.320279e+02
2.475557e+01,3.700205e+00,2.083644e+00,1.078027e+02
3.347661e+01,2.954802e-01,1.237660e+00,2.099381e+02
1.370148e+02,1.726351e+00,9.628540e-01,9.884427e+03
9.972941e+01,2.035920e+00,4.986273e-01,9.258977e+03
2.429756e+01,1.003413e+00,3.522168e+00,1.100087e+02
6.246440e+01,1.810487e-01,3.476551e+00,7.663629e+02
3.228681e+01,-2.311015e-01,1.611516e+00,1.783722e+02
6.757720e+01,2.774661e+00,2.232359e+00,1.340091e+03
3.321863e+01,3.298769e+00,3.657128e+00,1.442937e+02
6.609549e+01,-6.968644e-01,3.319017e+00,1.212279e+03
5.178211e+01,2.582467e+00,2.734908e+00,3.010020e+02
6.977977e+01,1.282145e+00,9.252540e-01,3.648135e+03
3.397171e+01,-6.173182e-03,1.561596e+00,1.907107e+02
6.315565e+01,3.385945e-01,2.583226e+00,8.872072e+02
4.308445e+01,-1.693707e+00,2.987311e+00,2.168188e+02
1.301700e+02,1.305610e+00,3.644564e+00,9.873611e+03
1.352528e+02,-1.538032e+00,1.601006e+00,9.745681e+03
5.931892e+01,1.001628e+00,8.288003e+00,7.412492e+02
3.367017e+01,9.416345e-01,1.843576e+00,1.497996e+02
5.449968e+01,-1.250273e+00,2.187200e+00,4.360632e+02
4.866175e+01,9.783832e-01,3.502005e+00,2.676874e+02
7.361178e+01,8.256852e-02,1.866567e+00,9.973666e+03
5.813755e+01,3.951858e-01,4.606919e+00,5.240072e+02
4.517185e+01,-8.281628e-01,2.475565e+00,2.455795e+02
6.487856e+01,4.072492e-01,5.722700e+00,1.051804e+03
3.987455e+01,1.610316e+00,9.190962e-01,1.806597e+02
3.992512e+01,2.659749e-01,9.882202e-01,3.209644e+02
5.495347e+01,2.068161e+00,3.119734e+00,3.802403e+02
3.130053e+01,7.957889e-01,2.392412e+00,1.330951e+02
4.576578e+01,-4.444186e-01,6.700418e-01,5.919738e+02
4.042184e+01,7.602125e-01,2.291208e+00,1.869717e+02
2.393927e+01,-1.417521e+00,2.872296e+00,1.145639e+02
5.793886e+01,2.093388e+00,2.927977e+00,4.731136e+02
4.525167e+01,1.087477e+00,2.893818e+00,2.216821e+02
5.981706e+01,2.638971e+00,6.348269e+00,6.825903e+02
3.596796e+01,-3.460485e+00,2.094352e+00,1.685281e+02
6.100057e+01,-5.649338e-01,1.488830e+00,9.873579e+02
7.089919e+01,-1.260610e+00,4.071800e+00,2.788214e+03
4.906641e+01,-6.147131e-02,1.446987e+00,4.064526e+02
7.654809e+01,1.840850e+00,9.875506e-02,8.492352e+03
3.338867e+01,-1.566776e+00,2.479192e+00,1.512542e+02
4.093676e+01,-2.905222e+00,2.793464e+00,2.019391e+02
1.306021e+02,-5.128540e-01,1.323676e+00,9.793086e+03
1.085091e+02,-1.730537e+00,3.771221e+00,9.858906e+03
5.555903e+01,-1.274607e+00,2.227180e+00,4.674728e+02
6.088422e+01,-9.692024e-01,3.473396e+00,6.662388e+02
5.662767e+01,3.489161e+00,4.328573e+00,4.703918e+02
4.773711e+01,2.659954e+00,4.180696e+00,2.636753e+02
4.016811e+01,8.977825e-01,3.677670e+00,1.806014e+02
6.084854e+01,1.647110e+00,4.755544e+00,6.601862e+02
6.233682e+01,5.129700e+00,5.133197e+00,8.475225e+02
6.612473e+01,-3.456782e+00,8.889153e-01,1.233582e+03
8.130649e+01,3.620658e+00,1.966380e+00,9.124764e+03
1.892190e+01,-2.040513e+00,1.520323e+00,1.086156e+02
7.007845e+01,3.529643e+00,1.178308e+00,2.046816e+03
9.226655e+01,-4.851041e+00,3.064607e+00,9.902000e+03
5.009911e+01,-5.390812e+00,1.619229e+00,3.446380e+02
4.022104e+01,1.717337e+00,1.090930e+00,1.762563e+02
1.847632e+01,-1.750225e+00,1.939153e+00,1.061405e+02
3.146928e+01,-1.075046e+00,3.545191e+00,1.392502e+02
9.667612e+01,3.095744e+00,3.694486e+00,9.759024e+03
4.753631e+01,-1.788135e-01,3.176064e+00,2.612728e+02
2.775466e+01,1.099609e+00,3.979584e+00,1.220906e+02
1.149360e+02,6.038004e-01,6.007247e+00,9.867276e+03
8.856611e+01,7.535764e-02,4.536245e+00,9.949995e+03
3.995677e+01,-2.217332e+00,2.478319e+00,1.920730e+02
3.451236e+01,-4.111665e+00,1.553945e+01,3.582822e+02
5.301360e+01,4.464825e-01,1.730034e+00,4.322884e+02
4.379237e+01,-1.451039e-01,1.073071e+00,3.906191e+02
6.074495e+01,-2.525065e+00,2.026726e+00,6.816271e+02
6.371447e+01,-5.402727e-01,3.540764e+00,8.865646e+02
6.243069e+01,7.692742e-01,4.644756e+00,7.646518e+02
5.085898e+01,-9.190569e-01,3.482380e+00,3.181883e+02
1.355350e+02,3.842071e+00,1.935660e+00,9.819241e+03
9.429535e+01,1.402113e+00,2.065965e+00,9.737385e+03
7.164156e+01,-2.417190e+00,3.327575e+00,3.488131e+03
4.119075e+01,-1.190891e+00,4.327029e+00,2.029798e+02
3.450659e+01,2.944452e+00,2.443467e+00,1.365237e+02
3.367803e+01,6.826100e-01,4.072058e+00,1.460596e+02
6.182517e+01,-5.577683e-01,1.596845e+00,1.026972e+03
5.395281e+01,2.421850e-01,1.670378e+00,4.878261e+02
3.124070e+01,2.202926e-01,1.831575e+00,1.544949e+02
5.249955e+01,-1.872064e+00,2.363518e+00,3.653952e+02
1.121694e+02,-6.775937e+00,1.520279e+00,9.856656e+03
2.269971e+01,-7.350507e-01,2.900840e+00,1.101521e+02
5.586836e+01,1.406071e+00,2.675852e-01,5.248839e+02
5.463620e+01,-1.278257e+00,2.118458e+00,4.439176e+02
2.761904e+01,-1.779036e-01,5.099563e+00,1.334634e+02
4.812670e+01,2.965476e-01,4.107101e+00,2.691493e+02
6.693813e+01,-2.552873e+00,2.289426e+00,1.390297e+03
1.326597e+02,7.411337e-01,8.406107e-01,9.900452e+03
6.907005e+01,-8.388582e-01,8.159074e-01,4.698729e+03
6.219732e+01,-4.335923e-01,3.810049e+00,7.479483e+02
2.572993e+01,-9.056753e-01,1.873378e+00,1.324247e+02
4.119540e+01,7.162806e-01,1.373762e+00,2.360259e+02
3.111492e+01,1.797153e+00,6.339707e-01,1.299938e+02
5.210654e+01,-8.719225e+00,2.156148e+00,4.933111e+02
3.547695e+01,1.001745e+00,2.725903e+00,1.483438e+02
4.947421e+01,-2.758669e-01,1.057172e+00,5.391060e+02
3.117898e+01,-2.625485e-01,1.046458e+00,2.375930e+02
5.167005e+01,1.234475e+00,8.833104e-01,3.894810e+02
2.516465e+01,3.679405e+00,5.064808e+00,1.339207e+02
1.246478e+02,3.253599e-01,2.480391e+00,9.862207e+03
4.757652e+01,-1.576107e+00,1.761317e+00,2.956178e+02
1.013815e+02,1.733920e+00,1.360328e+00,9.611294e+03
1.379567e+02,1.299484e+00,2.700007e+00,9.884505e+03
1.716257e+01,9.681940e-01,3.520639e+00,9.660509e+01
5.212114e+01,-3.080223e+00,2.521492e+00,3.532872e+02
4.085981e+01,-9.411825e-01,3.171377e+00,1.941226e+02
6.252801e+01,5.418129e-01,1.491515e+00,1.084769e+03
1.965267e+01,-6.307501e-01,1.492261e+00,1.314730e+02
3.460079e+01,-1.246585e+00,1.333969e+00,1.905724e+02
5.624629e+01,2.462328e+00,4.149709e+00,4.406231e+02
4.363090e+01,2.184199e-01,1.374534e+00,3.027066e+02
6.038949e+01,5.259876e-01,1.334221e+00,9.258762e+02
4.161448e+01,1.190920e+00,3.540371e-01,2.502189e+02
6.253598e+01,3.737307e+00,4.822063e+00,8.046971e+02
1.059122e+02,1.794772e+00,9.391350e-01,9.563845e+03
9.700642e+01,-6.990168e-01,2.077368e+00,9.955925e+03
1.336718e+02,-1.140512e+00,2.268564e+00,9.784999e+03
3.949640e+01,-3.359146e-01,5.389834e+00,1.997563e+02
4.398228e+01,2.401067e+00,2.703179e+00,1.986827e+02
4.887599e+01,-4.353796e-02,2.454379e+00,2.956246e+02
1.028864e+02,-6.549259e+00,2.888667e+00,9.852501e+03
5.117071e+01,1.185670e+00,4.266355e+00,3.177654e+02
4.998248e+01,-1.162265e+00,9.217024e-01,4.554025e+02
2.983522e+01,-6.872150e-01,3.762336e+00,1.321283e+02
4.835367e+01,1.118739e+00,1.437432e+00,2.958101e+02
4.017558e+01,-4.623464e-01,1.757878e+00,2.275134e+02
5.342799e+01,1.418020e+00,1.839277e+00,3.623900e+02
2.757021e+01,-5.246707e-01,5.597332e+00,1.397665e+02
5.199215e+01,-1.664524e+00,2.052447e+00,3.660686e+02
1.058897e+02,4.081588e-01,9.167035e-01,9.834083e+03
4.938577e+01,1.965011e+00,5.547561e+00,3.174596e+02
4.573664e+01,2.359268e+00,8.797956e-01,2.043405e+02
4.399783e+01,2.236175e+00,1.553068e+00,1.918835e+02
1.209683e+02,2.943594e-01,5.565904e+00,9.855269e+03
2.857694e+01,2.373592e+00,4.479790e+00,1.312874e+02
3.915562e+01,-1.620279e+00,2.596203e+00,1.854542e+02
3.354187e+01,2.831388e+00,2.508056e+00,1.326704e+02
7.001706e+01,-6.000619e-01,2.433785e+00,2.990080e+03
1.389533e+02,1.413211e+00,1.393867e+00,9.913664e+03
1.344741e+02,-2.154933e+00,1.644104e+00,9.738398e+03
6.480733e+01,7.989193e-02,1.786493e+00,1.378229e+03
3.413176e+01,-1.428749e+00,2.936074e+00,1.526114e+02
5.841088e+01,4.020949e-01,3.323604e+00,5.247263e+02
3.705084e+01,6.983147e-01,4.611753e+00,1.695806e+02
1.315849e+02,1.425229e+00,3.025541e+00,9.889536e+03
1.119796e+02,2.420989e+00,9.360461e-02,9.448475e+03
5.104264e+01,2.946991e+00,2.825781e+00,2.895012e+02
2.993978e+01,1.976289e-01,1.587930e+00,1.616697e+02
1.288337e+02,-3.102662e+00,1.687584e+00,9.752571e+03
2.363359e+01,-2.755155e-01,1.699056e+00,1.351846e+02
3.540139e+01,-3.493811e+00,2.394568e+00,1.662138e+02
3.215418e+01,1.498745e+00,9.448654e-01,1.423593e+02
9.209569e+01,-2.833297e+00,3.365664e+00,9.921772e+03
3.721695e+01,-3.210338e+00,2.964576e+00,1.774654e+02
9.222602e+01,-5.609939e-01,2.403473e+00,9.989964e+03
3.712319e+01,-2.482514e+00,1.553159e+00,1.763139e+02
3.278548e+01,-3.142896e-02,1.883902e+00,1.634956e+02
2.976706e+01,-5.415403e-01,1.503411e+00,1.706141e+02
2.985236e+01,1.709913e+00,1.985350e+00,1.202388e+02
1.444906e+01,1.055452e+00,6.403730e-01,1.299271e+02
9.368498e+01,-2.840612e+00,1.432099e+00,9.949223e+03
1.238133e+02,-1.888153e+00,7.380520e-01,9.745761e+03
5.515082e+01,-1.558103e+00,1.596267e+00,4.878634e+02
3.442902e+01,1.639031e+00,4.787360e+00,1.574115e+02
6.658302e+01,4.017140e-01,2.626904e+00,1.392101e+03
3.130032e+01,1.822850e-01,2.942526e+00,1.339894e+02
5.802427e+01,-8.820989e-01,1.616259e+00,6.759050e+02
5.325278e+01,-8.142999e-02,1.113899e+00,6.634495e+02
3.232563e+01,2.221216e+00,1.887262e+00,1.249622e+02
4.842585e+01,-3.355002e+00,4.571901e+00,3.122106e+02
3.161884e+01,-1.442894e+00,3.051876e+00,1.406353e+02
6.932288e+01,-3.382262e+00,1.877417e+00,2.037343e+03
4.162549e+01,-1.534780e+00,4.425337e+00,2.098749e+02
4.836233e+01,-3.109923e+00,2.165063e+00,2.855210e+02
6.220519e+01,-1.134027e+00,6.650255e-01,1.368419e+03
5.538358e+01,-8.529892e-02,2.778335e+00,4.343505e+02
5.071180e+01,-1.318630e+00,1.912329e+00,3.535690e+02
3.814036e+01,1.749241e+00,2.215497e+00,1.564820e+02
3.492147e+01,-2.057579e+00,1.249087e+00,1.713138e+02
5.303545e+01,-6.423415e-01,3.596027e-01,1.030527e+03
1.158712e+02,3.966942e+00,1.763754e+00,9.636223e+03
3.407546e+01,5.318060e-01,6.799185e-01,2.755613e+02
9.888815e+01,2.900719e+00,2.547850e+00,9.653814e+03
6.036289e+01,-1.194805e+00,3.186849e+00,6.414908e+02
4.273211e+01,7.460792e-01,8.995758e-01,3.024121e+02
5.168431e+01,-6.020456e-02,2.642118e+00,3.421193e+02
2.953603e+01,-5.931085e-02,3.928393e+00,1.298619e+02
4.042439e+01,2.173801e+00,5.097565e+00,2.021979e+02
1.092063e+02,-1.599534e+00,1.927475e+00,9.820788e+03
5.693744e+01,2.210949e+00,2.545484e+00,4.307576e+02
3.902492e+01,-1.866643e+00,1.658121e+00,1.959069e+02
4.584154e+01,-4.129533e-01,4.263753e+00,2.446802e+02
1.087270e+02,9.882144e-01,2.978042e+00,9.894618e+03
3.073801e+01,1.108025e+00,3.425569e+00,1.286939e+02
5.461918e+01,1.231725e+00,1.393125e+00,4.355406e+02
3.908303e+01,2.544722e+00,1.960667e+00,1.558786e+02
4.288574e+01,2.326371e+00,7.729155e-01,1.791669e+02
3.375654e+01,-1.923883e+00,1.910550e+00,1.573240e+02
3.775493e+01,2.658649e+00,2.609485e+00,1.531759e+02
2.807144e+01,-8.384878e-01,6.770395e-01,2.292030e+02
7.101418e+01,5.383072e-01,6.667599e+00,2.785832e+03
6.013624e+01,9.733968e-01,2.284186e-01,1.074065e+03
5.506489e+01,2.562467e+00,2.438362e+00,3.690450e+02
3.614137e+01,8.218371e-01,3.932612e+00,1.571569e+02
4.387696e+00,1.549105e+00,5.410243e-01,1.028012e+02
6.477406e+01,1.592104e-01,3.681618e+00,9.892856e+02
8.691207e+00,-2.986592e+00,2.070462e+00,9.116998e+01
8.183317e+01,7.876134e-01,1.686303e+00,9.691123e+03
1.360466e+02,-4.465564e-01,4.943233e+00,9.827517e+03
1.267703e+02,-7.977949e-01,2.079966e+00,9.804850e+03
6.244395e+01,-4.429807e+00,3.673642e+00,8.348948e+02
4.593824e+01,-1.035884e+00,3.716479e+00,2.451600e+02
4.363489e+01,-8.679889e-01,1.923874e+00,2.494496e+02
3.827082e+01,4.557229e-01,3.732418e+00,1.696183e+02
4.645668e+01,1.720841e+00,2.498878e+00,2.272189e+02
1.886672e+01,-9.984669e-01,1.803977e+00,1.142732e+02
7.941187e+01,-2.902870e+00,3.250197e+00,1.005155e+04
5.553559e+01,-3.368413e+00,3.660134e+00,4.559056e+02
8.007396e+01,-2.439990e+00,6.940403e+00,9.960609e+03
1.416424e+01,-2.819503e+00,2.257589e+00,9.746359e+01
1.171571e+02,-1.377298e+00,4.174175e+00,9.844948e+03
3.499079e+01,-4.497652e+00,2.572203e+00,1.739072e+02
7.269481e+01,-1.142867e+00,5.965568e+00,4.321742e+03
4.930848e+01,-4.747329e-02,3.038428e+00,2.881689e+02
2.243920e+01,5.282138e-01,1.258565e+00,1.437738e+02
9.453548e+01,-2.219201e-01,1.770433e+00,9.958484e+03
2.957319e+01,-2.248163e+00,1.807421e+00,1.370625e+02
3.265844e+01,-1.689817e+00,8.241653e+00,2.047110e+02
2.702496e+01,1.617739e+00,1.480946e+00,1.155056e+02
3.947346e+01,1.664684e-01,1.809002e+00,2.111004e+02
2.981208e+01,4.298869e-01,2.540680e+00,1.292878e+02
2.709893e+01,-3.092383e+00,2.356497e+00,1.277660e+02
4.439437e+01,2.264525e+00,3.376908e+00,2.103308e+02
5.496110e+01,-1.476584e-01,3.069511e+00,4.132715e+02
3.666590e+01,-1.745865e+00,1.151562e+00,1.934326e+02
3.454374e+01,-1.167353e+00,1.283679e+00,1.960797e+02
6.325779e+01,-4.000848e+00,2.333864e+00,8.619924e+02
6.041842e+01,1.269657e+00,2.399300e+00,6.258319e+02
1.373556e+02,-1.899997e-01,1.941023e+00,9.818190e+03
5.031727e+01,1.000848e+00,2.507046e+00,2.968125e+02
8.445973e+01,8.503194e-01,2.316632e+00,9.809118e+03
7.180003e+01,4.062249e-01,2.210442e+00,6.192147e+03
3.619337e+01,6.258203e-01,3.221525e+00,1.545531e+02
4.479825e+01,1.936529e+00,1.171616e+00,2.066546e+02
7.527116e+01,-1.900186e+00,2.371441e+00,1.018545e+04
2.589952e+01,1.817234e+00,8.804981e-01,1.128823e+02
2.240352e+01,4.009651e-01,3.535267e+00,1.067964e+02
5.518769e+01,-2.045858e+00,3.270605e+00,4.260032e+02
2.474290e+01,-3.890929e+00,3.136897e+00,1.282085e+02
1.038325e+02,1.363276e+00,3.121982e+00,9.882658e+03
1.380469e+02,1.938753e+00,4.126281e+00,9.874454e+03
4.833746e+01,5.235586e-01,3.959980e+00,2.694702e+02
5.845184e+01,1.115970e+00,1.216209e+00,6.455493e+02
3.472884e+01,-3.597537e+00,4.218767e+00,1.756321e+02
2.240723e+01,-1.349479e+00,3.342853e+00,1.106895e+02
3.980943e+01,-7.398764e-01,2.319913e+00,1.964603e+02
5.351302e+01,-2.687055e+00,2.343125e+00,3.847987e+02
9.187980e+01,-9.996009e-01,1.678029e+00,1.000570e+04
4.796104e+01,-1.498133e+00,2.850013e+00,2.756416e+02
2.924567e+01,9.623807e-01,1.751690e+00,1.325012e+02
2.762211e+01,8.813391e-02,3.517393e+00,1.212884e+02
3.812627e+01,-1.949016e+00,3.461819e+00,1.781934e+02
3.612891e+01,4.953142e-01,3.437970e+00,1.553591e+02
3.450291e+01,2.177978e-01,1.583912e+00,1.873916e+02
3.560579e+01,-2.955790e+00,6.191354e-01,1.675106e+02
9.670897e+01,8.693800e-01,5.037757e+00,9.906438e+03
5.927060e+01,2.256852e-01,3.039583e+00,5.753221e+02
4.581771e+01,1.850707e-01,4.762811e+00,2.486890e+02
2.898855e+01,-8.197638e-02,1.221574e+00,1.958190e+02
4.513115e+01,-2.199557e-01,1.217035e+00,3.766957e+02
2.958464e+01,5.732947e-01,8.565284e-01,2.076236e+02
6.730076e+01,4.033868e-01,1.027765e+01,1.813275e+03
5.318263e+01,6.683327e-01,4.051267e+00,3.583518e+02
1.252532e+02,5.880303e-01,1.078257e+00,9.886287e+03
1.069358e+02,-1.213135e+00,1.826961e+00,9.853142e+03
2.621229e+01,3.602195e-01,1.230825e+00,1.666771e+02
2.832505e+01,3.069336e+00,3.123724e+00,1.202762e+02
5.437994e+01,7.198493e-01,4.700454e+00,4.001050e+02
1.169502e+02,-1.550488e-01,1.082135e+00,9.843291e+03
1.132963e+02,2.424816e-02,1.075434e+00,9.861031e+03
3.194387e+01,5.673277e-01,7.429527e-01,2.398869e+02
3.634331e+01,3.188326e+00,3.044846e+00,1.517178e+02
1.293820e+02,-1.547923e+00,3.295101e+00,9.801732e+03
2.430961e+01,8.151279e+00,1.450382e+00,1.541410e+02
4.140492e+01,-5.641617e-01,9.717145e-01,3.537313e+02
2.897232e+01,2.487900e+00,1.799270e+00,1.130882e+02
8.768382e+01,9.304012e-01,2.496610e+00,9.830887e+03
2.096859e+01,1.626197e+00,2.017596e+00,9.955684e+01
1.205123e+02,2.005054e+00,1.288323e+00,9.799739e+03
5.460807e+01,1.666377e+00,6.003166e+00,4.477053e+02
2.178027e+01,-3.628007e+00,1.141963e+00,1.133116e+02
1.419254e+01,2.498726e+00,1.482941e+00,8.810010e+01
5.769169e+01,-2.837156e+00,3.313052e+00,5.182033e+02
3.287564e+01,-1.658473e+00,3.159314e+00,1.468887e+02
2.627313e+01,3.945083e+00,4.734801e+00,1.354274e+02
1.934393e+01,-1.992098e+00,7.947305e-01,1.170418e+02
4.533855e+01,1.936705e+00,8.819083e-01,2.135917e+02
4.985299e+01,4.299909e-01,3.420556e+00,2.905679e+02
2.630625e+01,2.120734e+00,2.593034e+00,1.095553e+02
6.272379e+01,-5.884654e-01,3.420425e+00,7.995945e+02
6.167351e+01,1.764308e-01,2.386217e+00,7.860808e+02
6.687947e+01,2.493370e+00,4.547455e+00,1.277860e+03
3.459699e+01,-1.212758e+00,4.017701e+00,1.566223e+02
4.898445e+01,-3.262532e-01,7.975597e-01,6.544490e+02
4.847282e+01,3.402780e+00,3.648571e+00,2.687865e+02
2.594463e+01,9.188943e-01,3.394381e+00,1.138076e+02
1.199089e+02,-1.798315e-01,3.491201e+00,9.858613e+03
7.117294e+01,1.867908e-02,1.697509e+00,6.404059e+03
6.746693e+01,3.535094e+00,1.925556e-01,1.224422e+03
1.056964e+02,-2.195421e+00,3.368489e-01,9.859506e+03
1.740629e+01,-3.300014e+00,2.690164e+00,1.053541e+02
1.393580e+02,2.439230e+00,1.253108e+00,9.865233e+03
6.342420e+01,4.075166e-01,4.394368e-01,2.629765e+03
4.863921e+01,-1.423473e+00,2.660930e+00,2.884031e+02
3.567317e+01,1.351724e+00,2.203722e+00,1.476285e+02
6.081073e+01,-4.562953e-01,6.406173e+00,7.373141e+02
1.130194e+02,-3.378956e+00,1.100359e+00,9.815386e+03
6.408414e+01,-4.838422e+00,8.777335e-01,9.551714e+02
5.007062e+01,-1.341633e+00,1.484456e+00,3.693534e+02
4.583444e+01,-1.054270e+00,3.896701e+00,2.449942e+02
2.326304e+01,4.037911e+00,2.956925e+00,1.124477e+02
1.138597e+02,5.453314e-01,1.026028e+00,9.862367e+03
4.205217e+01,-2.844824e+00,3.128952e+00,2.125351e+02
4.751734e+01,1.945122e+00,2.566467e+00,2.379085e+02
1.397482e+02,-2.353632e-01,3.265871e+00,9.821141e+03
5.629300e+01,3.353562e-01,2.258938e+00,4.889681e+02
4.916945e+01,1.428863e+00,5.530655e-01,3.175210e+02
2.217445e+01,1.196922e-01,3.168586e+00,1.062885e+02
6.430713e+01,-1.224246e+00,1.407256e+00,1.311665e+03
1.809687e+01,-3.117195e+00,3.100936e+00,1.071865e+02
3.887339e+01,-2.452152e+00,1.077380e+00,1.930233e+02
1.758848e+01,-1.294276e+00,1.895876e+00,1.075183e+02
3.679504e+01,-6.278623e-01,2.322927e+00,1.743199e+02
6.810868e+01,2.621444e+00,2.202273e+00,1.486257e+03
1.006939e+02,-3.609820e-01,1.264116e+00,9.917787e+03
2.270201e+01,-2.108742e+00,2.430447e+00,1.129219e+02
5.731107e+01,8.464258e-01,3.288903e+00,4.729386e+02
9.368755e+01,-8.356027e-01,1.159111e+00,9.991084e+03
5.238769e+01,-5.683613e-01,1.283950e+00,5.362107e+02
5.100248e+01,-2.129223e+00,3.274845e+00,3.268807e+02
2.374692e+01,9.337312e-01,7.740393e-01,1.521293e+02
5.649242e+01,5.808377e-01,2.682146e+00,4.613190e+02
4.863460e+01,3.012305e+00,3.937857e+00,2.736429e+02
5.552251e+01,1.521481e+00,6.134802e-01,4.683898e+02
3.256350e+01,4.600594e-01,3.269839e-01,3.698610e+02
1.170179e+02,-5.009275e-01,3.927771e+00,9.862070e+03
9.548056e+01,5.789045e-01,3.674261e+00,9.919230e+03
1.474618e+01,-1.220762e+00,2.227944e+00,9.900247e+01
1.381580e+02,-2.456073e+00,4.663578e+00,9.800029e+03
5.691830e+01,-8.301975e-01,6.700724e+00,5.568370e+02
1.853947e+01,-1.396312e+00,4.358820e+00,1.073416e+02
3.221159e+01,-2.089357e+00,2.566780e+00,1.453002e+02
6.259533e+01,-1.150828e+00,2.912749e+00,8.129945e+02
4.253870e+01,4.557999e+00,1.766961e+00,1.918573e+02
5.457161e+01,-1.192526e+00,1.358780e+00,5.281192e+02
1.260250e+02,1.478316e+00,1.124373e+00,9.872121e+03
2.721701e+01,-1.169544e+00,3.082117e+00,1.234146e+02
3.230577e+01,-3.057056e+00,2.109847e+00,1.478118e+02
3.125036e+01,1.517703e+00,1.867115e+00,1.278116e+02
5.502106e+01,-2.416137e+00,1.476153e+00,4.441601e+02
6.858401e+01,8.258376e-01,4.094696e+00,1.684804e+03
6.190100e+01,-6.179002e-01,1.882531e+00,9.248033e+02
1.342878e+02,-1.748594e-01,1.095159e+00,9.812593e+03
1.392503e+02,6.842806e-01,1.733138e+00,9.873249e+03
1.094731e+02,-6.980970e-01,1.437061e+00,9.853898e+03
6.140621e+01,-3.875056e+00,1.681777e+00,7.136195e+02
1.256502e+01,-4.680863e-01,2.299009e+00,9.649954e+01
6.530480e+01,4.116934e-01,3.259649e+00,1.074008e+03
2.849543e+01,1.045029e+00,2.291796e+00,1.212554e+02
1.088477e+02,-5.480803e-01,5.636482e+00,9.880139e+03
5.171243e+01,2.133119e+00,1.486315e+00,2.950399e+02
1.065573e+01,2.816798e+00,4.832865e+00,1.024001e+02
1.002628e+01,1.638113e-01,2.419826e+00,9.169459e+01
4.991984e+01,-2.111338e+00,4.860651e+00,3.268074e+02
1.144154e+02,-1.216288e+00,1.685769e+00,9.803914e+03
3.449886e+01,-1.316059e+00,4.613390e-01,2.343733e+02
8.570016e+01,-1.110964e+00,2.801251e+00,1.004250e+04
4.354322e+01,8.198404e-01,3.437901e+00,2.077264e+02
4.462254e+01,-5.243169e+00,2.680093e+00,2.668149e+02
2.632285e+01,-2.683306e+00,2.022306e+00,1.241693e+02
7.056173e+01,-4.209791e+00,2.092811e+00,2.547474e+03
4.398297e+01,1.033751e+00,2.780187e+00,2.093187e+02
3.143458e+01,6.109819e-01,3.005767e+00,1.321422e+02
1.266225e+02,3.817678e+00,3.944278e+00,9.889385e+03
4.347203e+01,1.017675e+00,1.388203e+00,2.379789e+02
4.703447e+01,-3.723194e+00,1.768595e+00,2.694133e+02
2.814442e+01,2.364950e+00,1.806180e+00,1.111125e+02
2.834156e+01,7.552302e-01,7.132278e-01,1.929987e+02
1.399266e+02,9.514061e-01,1.458617e+00,9.898401e+03
1.305298e+02,6.731230e-02,4.340873e+00,9.838531e+03
1.306236e+02,-2.743517e-01,2.110416e+00,9.824548e+03
5.318365e+01,-1.963603e+00,1.800981e-01,4.637377e+02
3.234419e+01,9.822449e-01,2.827246e+00,1.338434e+02
2.211161e+01,1.269726e+00,1.667310e+00,1.082239e+02
6.395075e+01,-3.031199e-01,1.141445e+00,1.786062e+03
1.347632e+02,2.800645e+00,1.728999e+00,9.862720e+03
3.371180e+01,2.334028e+00,1.956742e+00,1.300638e+02
4.399300e+01,1.448355e+00,2.179889e+00,2.058674e+02
3.606079e+01,-2.657816e+00,9.130305e-01,1.719600e+02
5.407776e+01,-5.761532e-01,7.561927e-01,8.602613e+02
3.751497e+01,-4.423766e-01,4.667121e-01,4.993692e+02
3.494866e+01,-3.016028e+00,2.848455e+00,1.622693e+02
5.905148e+01,1.081600e+00,1.394096e+00,6.608699e+02
3.853610e+01,-1.656578e+00,2.900322e+00,1.795318e+02
3.271843e+01,-1.458693e-01,2.261009e+00,1.509381e+02
3.120672e+01,3.309274e-01,3.787174e+00,1.343467e+02
1.178900e+02,5.199816e+00,3.315623e+00,9.765461e+03
5.382034e+01,-4.540429e+00,1.288176e+00,4.058649e+02
4.014416e+01,-9.272907e-01,2.482277e+00,1.952506e+02
3.047440e+01,5.058258e+00,2.469042e+00,1.387213e+02
5.075867e+01,-1.106532e+00,3.711939e+00,3.177000e+02
3.692417e+01,-6.672730e-01,1.713150e+00,2.004024e+02
4.854576e+01,-1.873525e-01,2.918289e+00,2.790053e+02
5.754542e+01,-1.557862e+00,4.844059e+00,5.239346e+02
2.515870e+01,-2.095489e+00,3.982768e+00,1.232460e+02
3.132472e+01,-5.313321e-02,3.527168e+00,1.350232e+02
1.269953e+02,-9.715335e-01,9.162049e-01,9.747091e+03
5.013225e+01,1.182098e+00,1.687817e+00,3.105488e+02
3.176874e+01,-1.437872e+00,1.921477e-01,2.077638e+02
5.966356e+01,-1.239973e+00,2.747446e+00,6.180032e+02
5.159819e+01,-2.770731e+00,5.938596e+00,3.941828e+02
5.702273e+01,8.738644e-01,3.520458e+00,4.617987e+02
4.058381e+01,-7.653814e-01,2.586141e+00,1.968624e+02
3.481485e+01,-4.603004e-01,2.435492e+00,1.594855e+02
1.103795e+02,2.829822e+00,1.956747e+00,9.703626e+03
4.512194e+01,1.551447e+00,1.067390e+00,2.303585e+02
4.756070e+01,4.634339e+00,1.670051e+00,2.418317e+02
2.995805e+01,-8.645478e-01,9.330383e-01,2.103316e+02
2.143246e+01,-1.386777e+00,1.630163e+00,1.201086e+02
4.020282e+01,-2.190267e+00,3.293806e+00,1.938131e+02
9.066281e+01,1.865254e+00,3.743786e+00,9.825045e+03
1.984237e+01,-1.790788e+00,3.292897e+00,1.061596e+02
2.300091e+01,1.128745e+00,4.113752e+00,1.104734e+02
2.076668e+01,1.660925e-01,3.534980e+00,1.038770e+02
6.127231e+01,-1.343884e+00,1.560428e+00,8.620072e+02
1.392911e+01,1.092246e-01,1.452823e+00,1.230728e+02
3.012443e+01,2.008712e+00,4.528828e+00,1.361887e+02
2.302911e+01,5.968747e+00,8.469552e-01,1.215708e+02
1.375488e+02,1.397985e+00,2.247705e+00,9.902052e+03
5.398592e+01,-1.889716e+00,1.094641e+00,4.585794e+02
1.234730e+02,1.369738e+00,1.109169e+00,9.866167e+03
5.725160e+01,-4.845959e+00,3.800188e-01,5.181820e+02
3.902456e+01,1.462928e-01,1.830957e+00,2.062440e+02
1.137747e+01,4.828135e-01,3.097914e+00,8.955859e+01
6.606275e+01,1.305664e+00,1.512961e+00,1.400834e+03
3.212291e+01,-2.007394e+00,2.436522e+00,1.452232e+02
1.385037e+02,8.655394e-02,4.212882e-01,9.845756e+03
3.477553e+01,-6.833722e-01,1.417577e+00,2.059528e+02
3.136352e+01,-2.495603e+00,1.602898e+00,1.446553e+02
5.923556e+01,-6.906446e-01,3.941384e+00,5.713778e+02
5.104108e+01,2.489301e+00,2.047916e+00,2.795862e+02
4.744399e+01,2.160458e+00,2.533347e+00,2.349136e+02
3.777769e+01,-3.074903e-01,8.456975e-01,3.583324e+02
7.997832e+01,-5.068594e-01,1.782106e+00,1.010873e+04
8.490059e+01,2.938977e+00,2.326458e+00,9.374366e+03
3.158197e+01,-2.453285e+00,2.169760e+00,1.436103e+02
3.777852e+01,1.887489e+00,1.395707e+00,1.536214e+02
1.125678e+02,-3.331883e-01,1.613130e+00,9.862444e+03
1.138866e+02,1.523354e+00,1.568384e+00,9.834462e+03
1.355907e+02,4.838853e-01,3.955534e+00,9.837636e+03
4.316154e+01,3.976400e+00,2.254897e+00,1.942802e+02
1.108348e+02,-2.138731e+00,2.839144e+00,9.813441e+03
5.653975e+01,9.059002e-01,2.539010e+00,4.573179e+02
5.701929e+01,-1.166957e+00,2.415975e+00,5.125710e+02
6.749620e+01,-1.563660e+00,1.521920e+00,1.924286e+03
1.739669e+01,9.980278e-01,3.821134e+00,9.832481e+01
4.209399e+01,1.449572e+00,7.301785e-01,2.137177e+02
2.620187e+01,9.216368e-01,4.428269e+00,1.212038e+02
3.240181e+01,1.266036e+00,1.571193e+00,1.408676e+02
3.993714e+01,1.266147e+00,2.731852e+00,1.730696e+02
1.159861e+02,1.487959e+00,3.741971e+00,9.891739e+03
3.851062e+01,1.340293e+00,2.428303e+00,1.631210e+02
2.627945e+01,-1.587167e+00,2.685549e+00,1.219596e+02
3.885920e+01,6.318738e-01,1.741409e+00,1.954565e+02
1.319166e+02,-1.126630e+00,1.596689e+00,9.762465e+03
3.290498e+01,8.538148e-01,1.310965e+00,1.677359e+02
6.543752e+01,-1.797093e+00,2.602228e+00,1.145570e+03
3.725611e+01,9.972848e-01,1.144543e+00,1.948482e+02
5.845440e+01,2.100255e+00,4.679838e+00,5.379924e+02
3.399486e+01,9.961894e-02,1.625940e+00,1.838589e+02
7.875916e+00,5.013681e-01,2.624761e+00,8.793479e+01
4.705428e+01,8.033793e-01,4.557083e+00,2.590517e+02
5.396783e+01,3.590803e+00,4.291329e+00,3.923545e+02
1.055261e+02,-1.931908e+00,3.835094e+00,9.865732e+03
2.492909e+01,5.245137e-02,5.209447e+00,1.259095e+02
6.238008e+01,-3.760026e+00,3.034163e+00,7.921445e+02
1.360218e+02,-5.075973e-01,2.305140e+00,9.810243e+03
4.387342e+01,1.100610e+00,2.417942e+00,2.094800e+02
5.123379e+01,9.476877e-01,1.505637e+00,3.646884e+02
4.848708e+01,2.498804e-01,4.883910e+00,2.867572e+02
5.616025e+01,-1.550239e+00,3.475167e+00,4.538873e+02
3.668122e+01,-1.798894e-01,4.358145e+00,1.667586e+02
4.489170e+01,-8.888683e-01,1.858006e+00,2.689307e+02
4.439142e+01,-1.850972e+00,4.051874e+00,2.350053e+02
1.098438e+02,-2.146248e+00,1.899427e+00,9.798457e+03
4.177092e+01,-1.450003e+00,3.816096e+00,2.052050e+02
4.281493e+01,1.467277e+00,2.676450e+00,1.936941e+02
2.695224e+01,-4.341844e-01,1.743104e+00,1.446862e+02
5.330412e+01,3.700999e+00,1.880044e+00,3.205271e+02
1.223248e+02,3.861444e+00,1.222810e+00,9.639439e+03
2.661901e+01,8.316111e-02,1.213174e+00,1.807933e+02
5.919404e+01,-1.021889e+00,1.712685e+00,7.134070e+02
3.931287e+01,-9.151614e-01,3.195059e+00,1.820799e+02
1.363703e+02,-7.795420e-01,1.562624e+00,9.778868e+03
4.839832e+01,4.793471e-01,2.164181e+00,2.899440e+02
4.855915e+01,3.821132e-01,1.539105e+00,3.533914e+02
4.412956e+01,-6.715255e+00,1.230019e+00,2.812747e+02
6.592326e+01,4.373931e+00,3.958620e+00,1.129531e+03
1.333128e+02,-9.558445e-01,2.799158e+00,9.806354e+03
3.775083e+01,4.035675e-01,2.628237e+00,1.677765e+02
1.193188e+02,-3.349078e-01,1.270706e+00,9.828947e+03
3.275549e+01,-1.754373e-01,3.514220e+00,1.415300e+02
2.581715e+01,-1.059238e+00,3.821211e-01,2.103253e+02
9.950313e+01,2.101680e-01,6.602307e+00,9.897766e+03
4.104088e+01,-1.153336e+00,1.821648e+00,2.219618e+02
2.754861e+01,-2.288751e+00,2.878018e+00,1.273107e+02
6.279951e+01,2.397246e+00,3.592057e+00,7.515087e+02
4.972203e+01,-3.300276e-01,3.603236e+00,2.943903e+02
4.014717e+01,-7.437540e+00,3.379893e+00,2.646297e+02
1.377093e+02,2.699056e-01,1.156938e-01,9.904092e+03
6.198843e+01,-1.250320e+00,1.182769e+00,1.058265e+03
8.898251e+01,-9.249582e-01,1.483187e+00,1.004716e+04
6.445323e+01,-3.232863e+00,3.167194e+00,9.753124e+02
1.239502e+01,2.964194e+00,1.240692e+00,8.658165e+01
6.253008e+01,1.637547e+00,7.762973e-01,8.611354e+02
6.287276e+01,1.025697e+00,2.114915e+00,8.630294e+02
6.605146e+01,-1.002778e+00,1.619975e+00,1.648871e+03
1.197683e+02,1.381137e+00,8.741563e-02,9.722198e+03
2.681063e+01,6.739788e-01,3.066489e+00,1.161322e+02
2.295383e+01,1.995786e+00,3.021169e+00,1.040048e+02
2.447691e+01,-4.069228e+00,1.195130e+00,1.224636e+02
2.819971e+01,2.681819e+00,1.066889e+00,1.086810e+02
3.449670e+01,6.608690e-01,1.815455e+00,1.622056e+02
4.206636e+01,7.901098e-02,1.759952e+00,2.426270e+02
4.030800e+01,-2.467387e+00,2.507382e+00,1.950075e+02
2.284982e+01,8.217472e-02,2.777582e+00,1.088014e+02
3.830241e+01,-5.169289e-01,3.102955e+00,1.736853e+02
5.270549e+01,-3.346814e+00,2.376372e+00,3.676729e+02
3.930569e+01,1.285843e+00,5.167004e+00,1.926459e+02
5.631247e+01,2.410275e+00,3.156818e+00,4.178956e+02
5.133391e+01,-5.664449e+00,3.145551e+00,3.911791e+02
1.317038e+02,-1.241294e-01,2.547798e+00,9.831864e+03
2.624565e+01,-1.442631e+00,4.630236e+00,1.284146e+02
3.775930e+01,-3.571203e+00,4.174629e+00,1.942525e+02
4.168285e+01,-1.869902e+00,1.417223e+00,2.248050e+02
2.947975e+01,7.926277e-02,8.631494e-01,2.587485e+02
9.624461e+01,-2.804007e+00,2.201889e+00,9.895341e+03
1.863649e+01,-1.794163e+00,1.684157e+00,1.084830e+02
4.523055e+01,4.546673e+00,4.174277e+00,2.522564e+02
7.876134e+01,6.195410e+00,1.977114e+00,9.113945e+03
3.251243e+01,-3.456161e+00,4.943800e+00,1.697584e+02
6.371048e+01,-1.138928e+00,9.616031e-01,1.462475e+03
9.384021e+01,-2.238886e+00,3.742158e+00,9.925290e+03
1.312942e+02,-3.961662e-02,1.780459e+00,9.833186e+03
5.376147e+01,6.984177e-01,8.957420e-01,6.026544e+02
8.035566e+01,-3.127282e+00,2.863343e+00,1.005000e+04
2.088312e+01,6.208956e-01,2.632702e+00,1.030116e+02
2.306518e+01,-8.462259e-01,1.074301e+00,1.630789e+02
6.045424e+01,-1.676649e+00,4.059293e+00,6.455692e+02
4.195535e+01,2.096871e+00,2.295904e+00,1.796163e+02
5.661497e+01,3.394844e+00,3.281545e+00,4.346587e+02
3.269900e+01,1.293977e+00,2.516219e+00,1.334408e+02
5.924811e+01,-1.683243e+00,1.940747e+00,6.345725e+02
4.411142e+01,-2.021308e+00,1.098654e+00,2.547014e+02
2.293476e+01,-2.275240e+00,3.505919e+00,1.155463e+02
4.169132e+01,2.937402e-02,1.967088e+00,2.249313e+02
2.363799e+01,-3.525905e+00,1.786965e+00,1.182747e+02
1.238857e+02,-7.535353e+00,4.611985e+00,9.787675e+03
1.216161e+02,-8.960185e-01,2.629860e+00,9.826163e+03
5.173435e+01,-7.945010e-01,2.613223e+00,3.485949e+02
2.550993e+01,5.389174e+00,3.150761e+00,1.316897e+02
3.528086e+01,1.435879e+00,2.963025e+00,1.449931e+02
2.061189e+01,-2.357303e+00,3.727473e+00,1.115166e+02
5.169574e+01,2.250368e+00,1.652707e+00,2.918321e+02
4.867369e+01,1.384541e+00,2.188887e+00,2.641961e+02
2.093719e+01,3.785991e+00,1.607600e+00,9.930802e+01
2.666238e+01,4.478983e-01,3.310041e+00,1.168065e+02
1.229421e+02,-2.179484e+00,4.629408e+00,9.816819e+03
4.321931e+01,1.374191e+00,2.170779e+00,2.000893e+02
5.683925e+01,1.811984e+00,1.427547e+00,4.484517e+02
2.123941e+01,1.043761e+00,9.300203e-01,1.312917e+02
2.649502e+01,-1.726220e+00,5.477527e-01,1.518722e+02
6.350923e+01,6.586609e+00,2.007637e+00,8.820399e+02
6.440833e+01,-3.243649e-01,9.247554e-01,2.254789e+03
5.652110e+01,7.703806e+00,2.341502e+00,5.430635e+02
9.626686e+01,2.437305e-01,4.368160e+00,9.925603e+03
2.416004e+01,2.706724e+00,1.509833e+00,1.008414e+02
5.452530e+01,-1.076843e+00,3.566521e+00,4.021205e+02
5.584132e+01,1.058013e+00,1.454581e+00,4.974738e+02
1.004212e+02,5.397996e-01,1.468691e+00,9.848912e+03
1.355749e+02,-3.216426e+00,2.675593e+00,9.750649e+03
6.536894e+01,-9.428436e-01,3.540208e+00,1.084602e+03
1.268250e+02,1.911984e+00,2.827517e+00,9.908335e+03
4.520812e+01,4.496496e+00,4.047504e+00,2.489516e+02
1.153294e+02,2.326034e+00,2.378666e+00,9.850260e+03
3.703178e+01,-1.327108e+00,1.637895e+00,1.920796e+02
3.356016e+01,5.204998e-01,2.963889e+00,1.418367e+02
3.947285e+01,2.707488e+00,4.034192e+00,1.803209e+02
5.238614e+01,1.056856e+00,2.014636e+00,3.511144e+02
2.808892e+01,1.684988e+00,1.704855e+00,1.160560e+02
6.535751e+01,1.709104e+00,3.569978e+00,1.021554e+03
